date,category,product_name,product_type,origin,unit,lulu_price,rawabi_price,family_price,price_per_kg_lulu,price_per_kg_rawabi,price_per_kg_family,cheapest_store,status
2026-06-25,Vegetables,Beetroot Cooked,Beetroot,,500g,,,22.0,,,44.0,Family,Active
2026-06-25,Vegetables,Kohi,Cabbage & Broccoli,Bangladesh,,,,17.0,,,,,Active
2026-06-25,Vegetables,Capsicum Mix Pkt,Capsicum,Holland,4.0pcs,,,29.0,,,7250.0,Family,Active
2026-06-25,Vegetables,Chilly Red,Chillies & Spicy,Holland,,,,15.0,,,,,Active
2026-06-25,Vegetables,Sweet Corn,Corns & Baby Corn,Jordan,,,,8.5,,,,,Active
2026-06-25,Vegetables,Garlic,Garlic,India,,,,12.25,,,,,Active
2026-06-25,Vegetables,Celery,Herbs,Spain,,,,19.0,,,,,Active
2026-06-25,Vegetables,Lemon Grass,Herbs,,,,,5.5,,,,,Active
2026-06-25,Vegetables,Lettuce Lollo Rossa,Leafy Vegetables,,,,,18.75,,,,,Active
2026-06-25,Vegetables,Agrico Mushroom White Bottom,Mushrooms,Qatar,250g,,,7.0,,,28.0,Family,Active
2026-06-25,Vegetables,Eggplant,Other Vegetables,Holland,,,,28.0,,,,,Active
2026-06-25,Vegetables,Eggplant Purple,Other Vegetables,Qatar,,,,8.5,,,,,Active
2026-06-25,Vegetables,Peas Mangetout/Snow/Podded Peas,Peas & Beans,,250g,,,14.0,,,56.0,Family,Active
2026-06-25,Vegetables,Aravi Big,Potatoes & Starchy Vegetables,India,,,,8.0,,,,,Active
2026-06-25,Vegetables,Sweet Potato,Potatoes & Starchy Vegetables,India,,,,8.75,,,,,Active
2026-06-25,Vegetables,Sweet Potato,Potatoes & Starchy Vegetables,Bangladesh,,,,17.0,,,,,Active
2026-06-25,Vegetables,Taro Root,Potatoes & Starchy Vegetables,,,,,53.0,,,,,Active
2026-06-25,Vegetables,Pumpkin Mathan Green,Pumpkin,India,,,,13.75,,,,,Active
2026-06-25,Vegetables,Radish Ksa,Raddish,,,,,3.5,,,,,Active
2026-06-25,Vegetables,Arigni Green Gram Sprouts,Sprouts,,200g,,,5.75,,,28.75,Family,Active
2026-06-25,Vegetables,Baby Corn,Corns & Baby Corn,Thailand,125g,,,,,,,,Market Out
2026-06-25,Vegetables,Lettuce Gem Tray,Leafy Vegetables,Spain,,,,,,,,,Market Out
2026-06-25,Vegetables,Mushroom Slice,Mushrooms,Qatar,,,,,,,,,Market Out
2026-06-25,Vegetables,Mushrooms Portobello,Mushrooms,,,,,,,,,,Market Out
2026-06-25,Vegetables,Brinjal Multicolour Doha,Other Vegetables,,,,,,,,,,Market Out
2026-06-25,Vegetables,Potatoes White Chat Small,Potatoes & Starchy Vegetables,Australia,,,,,,,,,Market Out
2026-06-25,Vegetables,Red Radish,Raddish,Holland,1kg,,,,,,,,Market Out
2026-06-24,Vegetables,Kohi,Cabbage & Broccoli,Bangladesh,,,,17.0,,,,,Active
2026-06-24,Vegetables,Baby Corn,Corns & Baby Corn,Thailand,125g,,,8.0,,,64.0,Family,Active
2026-06-24,Vegetables,Sweet Corn,Corns & Baby Corn,Jordan,,,,8.5,,,,,Active
2026-06-24,Vegetables,Celery,Herbs,Spain,,,,19.0,,,,,Active
2026-06-24,Vegetables,Lettuce Gem Tray,Leafy Vegetables,Spain,,,,15.0,,,,,Active
2026-06-24,Vegetables,Agrico Mushroom White Bottom,Mushrooms,Qatar,250g,,,7.0,,,28.0,Family,Active
2026-06-24,Vegetables,Mushroom Slice,Mushrooms,Qatar,,,,8.5,,,,,Active
2026-06-24,Vegetables,Mushrooms Portobello,Mushrooms,,,,,19.5,,,,,Active
2026-06-24,Vegetables,Brinjal Multicolour Doha,Other Vegetables,,,,,8.5,,,,,Active
2026-06-24,Vegetables,Eggplant,Other Vegetables,Holland,,,,28.0,,,,,Active
2026-06-24,Vegetables,Eggplant Purple,Other Vegetables,Qatar,,,,8.5,,,,,Active
2026-06-24,Vegetables,Peas Mangetout/Snow/Podded Peas,Peas & Beans,,250g,,,14.0,,,56.0,Family,Active
2026-06-24,Vegetables,Potatoes White Chat Small,Potatoes & Starchy Vegetables,Australia,,,,27.0,,,,,Active
2026-06-24,Vegetables,Sweet Potato,Potatoes & Starchy Vegetables,India,,,,8.75,,,,,Active
2026-06-24,Vegetables,Taro Root,Potatoes & Starchy Vegetables,,,,,53.0,,,,,Active
2026-06-24,Vegetables,Pumpkin Mathan Green,Pumpkin,India,,,,13.75,,,,,Active
2026-06-24,Vegetables,Radish Ksa,Raddish,,,,,3.5,,,,,Active
2026-06-24,Vegetables,Red Radish,Raddish,Holland,1kg,,,32.0,,,32.0,Family,Active
2026-06-24,Vegetables,Arigni Green Gram Sprouts,Sprouts,,200g,,,5.75,,,28.75,Family,Active
2026-06-24,Fruits,Mushroom Chestnut -,Fresh Nuts,Holland,,,,,,,,,Market Out
2026-06-24,Vegetables,Beetroot Cooked,Beetroot,,500g,,,,,,,,Market Out
2026-06-24,Vegetables,Red Chard Mix,Leafy Vegetables,Italy,125g,,,,,,,,Market Out
2026-06-24,Vegetables,Leeks,Leeks/Spring Onions,Holland,,,,,,,,,Market Out
2026-06-24,Vegetables,Shimenji White Mushroom,Mushrooms,,150g,,,,,,,,Market Out
2026-06-24,Vegetables,Bagal,Other Vegetables,,,,,,,,,,Market Out
2026-06-24,Vegetables,Mung Bean Sprouts Pkts,Sprouts,,,,,,,,,,Market Out
2026-06-23,Fruits,Mushroom Chestnut -,Fresh Nuts,Holland,,,,15.5,,,,,Active
2026-06-23,Vegetables,Beetroot Cooked,Beetroot,,500g,,,22.0,,,44.0,Family,Active
2026-06-23,Vegetables,Kohi,Cabbage & Broccoli,Bangladesh,,,,17.0,,,,,Active
2026-06-23,Vegetables,Sweet Corn,Corns & Baby Corn,Jordan,,,,8.5,,,,,Active
2026-06-23,Vegetables,Celery,Herbs,Spain,,,,19.0,,,,,Active
2026-06-23,Vegetables,Red Chard Mix,Leafy Vegetables,Italy,125g,,,10.0,,,80.0,Family,Active
2026-06-23,Vegetables,Leeks,Leeks/Spring Onions,Holland,,,,9.5,,,,,Active
2026-06-23,Vegetables,Agrico Mushroom White Bottom,Mushrooms,Qatar,250g,,,7.0,,,28.0,Family,Active
2026-06-23,Vegetables,Mushrooms Portobello,Mushrooms,,,,,19.5,,,,,Active
2026-06-23,Vegetables,Shimenji White Mushroom,Mushrooms,,150g,,,12.0,,,80.0,Family,Active
2026-06-23,Vegetables,Bagal,Other Vegetables,,,,,5.0,,,,,Active
2026-06-23,Vegetables,Eggplant,Other Vegetables,Holland,,,,28.0,,,,,Active
2026-06-23,Vegetables,Eggplant Purple,Other Vegetables,Qatar,,,,8.5,,,,,Active
2026-06-23,Vegetables,Peas Mangetout/Snow/Podded Peas,Peas & Beans,,250g,,,14.0,,,56.0,Family,Active
2026-06-23,Vegetables,Sweet Potato,Potatoes & Starchy Vegetables,India,,,,8.75,,,,,Active
2026-06-23,Vegetables,Sweet Potato,Potatoes & Starchy Vegetables,Bangladesh,,,,17.0,,,,,Active
2026-06-23,Vegetables,Taro Root,Potatoes & Starchy Vegetables,,,,,53.0,,,,,Active
2026-06-23,Vegetables,Pumpkin Mathan Green,Pumpkin,India,,,,13.75,,,,,Active
2026-06-23,Vegetables,Radish Ksa,Raddish,,,,,3.5,,,,,Active
2026-06-23,Vegetables,Mung Bean Sprouts Pkts,Sprouts,,,,,6.5,,,,,Active
2026-06-23,Vegetables,Ash Gourd(Kumbalam),Gourds,India,,,,,,,,,Market Out
2026-06-23,Vegetables,Lettuce Gem Tray,Leafy Vegetables,Spain,,,,,,,,,Market Out
2026-06-23,Vegetables,Red Radish,Raddish,Holland,1kg,,,,,,,,Market Out
2026-06-22,Vegetables,Beetroot Cooked,Beetroot,,500g,,,22.0,,,44.0,Family,Active
2026-06-22,Vegetables,Kohi,Cabbage & Broccoli,Bangladesh,,,,17.0,,,,,Active
2026-06-22,Vegetables,Sweet Corn,Corns & Baby Corn,Jordan,,,,8.5,,,,,Active
2026-06-22,Vegetables,Ash Gourd(Kumbalam),Gourds,India,,,,17.5,,,,,Active
2026-06-22,Vegetables,Celery,Herbs,Spain,,,,19.0,,,,,Active
2026-06-22,Vegetables,Lettuce Gem Tray,Leafy Vegetables,Spain,,,,15.0,,,,,Active
2026-06-22,Vegetables,Agrico Mushroom White Bottom,Mushrooms,Qatar,250g,,,7.0,,,28.0,Family,Active
2026-06-22,Vegetables,Bagal,Other Vegetables,,,,,5.0,,,,,Active
2026-06-22,Vegetables,Eggplant,Other Vegetables,Holland,,,,28.0,,,,,Active
2026-06-22,Vegetables,Eggplant Purple,Other Vegetables,Qatar,,,,8.5,,,,,Active
2026-06-22,Vegetables,Peas Mangetout/Snow/Podded Peas,Peas & Beans,,250g,,,14.0,,,56.0,Family,Active
2026-06-22,Vegetables,Sweet Potato,Potatoes & Starchy Vegetables,India,,,,8.75,,,,,Active
2026-06-22,Vegetables,Sweet Potato,Potatoes & Starchy Vegetables,Bangladesh,,,,17.0,,,,,Active
2026-06-22,Vegetables,Sweet Potato,Potatoes & Starchy Vegetables,Usa,,,,17.5,,,,,Active
2026-06-22,Vegetables,Taro Root,Potatoes & Starchy Vegetables,,,,,53.0,,,,,Active
2026-06-22,Vegetables,Pumpkin Mathan Green,Pumpkin,India,,,,13.75,,,,,Active
2026-06-22,Vegetables,Radish Ksa,Raddish,,,,,3.5,,,,,Active
2026-06-22,Vegetables,Red Radish,Raddish,Holland,1kg,,,32.0,,,32.0,Family,Active
2026-06-22,Vegetables,Mung Bean Sprouts Pkts,Sprouts,,,,,6.5,,,,,Active
2026-06-22,Fruits,Apple,Apples,China,1kg,,,,,,,,Market Out
2026-06-22,Fruits,Apple Africa,Apples,,1kg,,,,,,,,Market Out
2026-06-22,Fruits,Apple Gala,Apples,France,1kg,,,,,,,,Market Out
2026-06-22,Fruits,Apple Gala,Apples,Italy,1kg,,,,,,,,Market Out
2026-06-22,Fruits,Apple Golden,Apples,Italy,1kg,,,,,,,,Market Out
2026-06-22,Fruits,Apple Red,Apples,Usa,1kg,,,,,,,,Market Out
2026-06-22,Fruits,Baby Apple Africa,Apples,,1kg,,,,,,,,Market Out
2026-06-22,Fruits,Colacasia Bangaladesh,Apples,,1kg,,,,,,,,Market Out
2026-06-22,Fruits,Galanga -Carton,Apples,Thailand,,,,,,,,,Market Out
2026-06-22,Fruits,Pineapple,Apples,India,1kg,,,,,,,,Market Out
2026-06-22,Fruits,Pineapple Golden,Apples,Kenya,1kg,,,,,,,,Market Out
2026-06-22,Fruits,Pineapple Peeled,Apples,Thailand,1kg,,,,,,,,Market Out
2026-06-22,Fruits,Pineapple Peeled,Apples,Thailand,500g,,,,,,,,Market Out
2026-06-22,Fruits,Rose Apple -Packet,Apples,Thailand,,,,,,,,,Market Out
2026-06-22,Fruits,Apricot,Apricots,Jordan,1kg,,,,,,,,Market Out
2026-06-22,Fruits,Apricot Packet,Apricots,Jordan,,,,,,,,,Market Out
2026-06-22,Fruits,Avocado By Air,Avocado,Uganda,1kg,,,,,,,,Market Out
2026-06-22,Fruits,Avocado Hass,Avocado,Kenya,1kg,,,,,,,,Market Out
2026-06-22,Fruits,Banana,Banana,Philippines,1kg,,,,,,,,Market Out
2026-06-22,Fruits,Banana,Banana,Ecuador,1kg,,,,,,,,Market Out
2026-06-22,Fruits,Banana -Carton,Banana,Philippines,,,,,,,,,Market Out
2026-06-22,Fruits,Banana Flower,Banana,India,,,,,,,,,Market Out
2026-06-22,Fruits,Banana Green,Banana,India,,,,,,,,,Market Out
2026-06-22,Fruits,Banana Leaves,Banana,India,1.0pc,,,,,,,,Market Out
2026-06-22,Fruits,Banana Yellow,Banana,India,1kg,,,,,,,,Market Out
2026-06-22,Fruits,Kadali Banana By Air,Banana,India,1kg,,,,,,,,Market Out
2026-06-22,Fruits,Kadhali Banana,Banana,India,1kg,,,,,,,,Market Out
2026-06-22,Fruits,Blueberry Packet,Berries,Morocco,500g,,,,,,,,Market Out
2026-06-22,Fruits,Cherry Syria Packet,Berries,,,,,,,,,,Market Out
2026-06-22,Fruits,Gold Berry Colombia Packet,Berries,,,,,,,,,,Market Out
2026-06-22,Fruits,Physalis,Berries,,125g,,,,,,,,Market Out
2026-06-22,Fruits,Physalis Fruit Colombia-Packet,Berries,,,,,,,,,,Market Out
2026-06-22,Fruits,Raspberry -Packet,Berries,Usa,,,,,,,,,Market Out
2026-06-22,Fruits,Strawberry Africa-Packet,Berries,,,,,,,,,,Market Out
2026-06-22,Fruits,Chikoo -Plate,Chickoo,Thailand,,,,,,,,,Market Out
2026-06-22,Fruits,Lemon,Citrus Fruits,India,1kg,,,,,,,,Market Out
2026-06-22,Fruits,Lemon,Citrus Fruits,India,250g,,,,,,,,Market Out
2026-06-22,Fruits,Lemon Africa,Citrus Fruits,,1kg,,,,,,,,Market Out
2026-06-22,Fruits,Lemon Africa,Citrus Fruits,,250g,,,,,,,,Market Out
2026-06-22,Fruits,Lime,Citrus Fruits,Vietnam,1kg,,,,,,,,Market Out
2026-06-22,Fruits,Lime,Citrus Fruits,Vietnam,250g,,,,,,,,Market Out
2026-06-22,Fruits,Mandarin,Citrus Fruits,Australia,1kg,,,,,,,,Market Out
2026-06-22,Fruits,Mandarin,Citrus Fruits,China,1kg,,,,,,,,Market Out
2026-06-22,Fruits,Mandarin Africa,Citrus Fruits,,1kg,,,,,,,,Market Out
2026-06-22,Fruits,Mandarin Leanri Africa,Citrus Fruits,,1kg,,,,,,,,Market Out
2026-06-22,Fruits,Orange Valencia,Citrus Fruits,Egypt,1kg,,,,,,,,Market Out
2026-06-22,Fruits,Orangevalencia -Box,Citrus Fruits,Lebanon,,,,,,,,,Market Out
2026-06-22,Fruits,Pomelo Africa,Citrus Fruits,,1kg,,,,,,,,Market Out
2026-06-22,Fruits,Coconut,Coconut,India,1.0pc,,,,,,,,Market Out
2026-06-22,Fruits,Coconut Grated,Coconut,India,1.0pc,,,,,,,,Market Out
2026-06-22,Fruits,Coconut Young,Coconut,Sri Lanka,1.0pc,,,,,,,,Market Out
2026-06-22,Fruits,Fresh Coconut (By Air),Coconut,India,,,,,,,,,Market Out
2026-06-22,Fruits,Fresh Shredded Coconut (By Sea),Coconut,India,,,,,,,,,Market Out
2026-06-22,Fruits,Mushroom Chestnut -,Fresh Nuts,Holland,,,,,,,,,Market Out
2026-06-22,Fruits,Grape Black Packet,Grapes,India,,,,,,,,,Market Out
2026-06-22,Fruits,Grape Red,Grapes,Australia,1kg,,,,,,,,Market Out
2026-06-22,Fruits,Grapefruit Africa,Grapes,,1kg,,,,,,,,Market Out
2026-06-22,Fruits,Grapes White,Grapes,Australia,1kg,,,,,,,,Market Out
2026-06-22,Fruits,Grapes White,Grapes,Australia,500g,,,,,,,,Market Out
2026-06-22,Fruits,Grapes White -Packet,Grapes,India,,,,,,,,,Market Out
2026-06-22,Fruits,Ash Banana,Green Banana,Sri Lanka,,,,,,,,,Market Out
2026-06-22,Fruits,Curry Banana,Green Banana,India,,,,,,,,,Market Out
2026-06-22,Fruits,Green Banana,Green Banana,Uganda,1kg,,,,,,,,Market Out
2026-06-22,Fruits,Green Banana,Green Banana,India,1kg,,,,,,,,Market Out
2026-06-22,Fruits,Peeled Jackfruit Packet,Jackfruit,India,,,,,,,,,Market Out
2026-06-22,Fruits,Kiwi Gold New Zealand,Kiwi,,1kg,,,,,,,,Market Out
2026-06-22,Fruits,Kiwi Gold New Zealand,Kiwi,,250g,,,,,,,,Market Out
2026-06-22,Fruits,Mango Alphonsa,Mangoes,India,1kg,,,,,,,,Market Out
2026-06-22,Fruits,Mango Alphonso Cartoon,Mangoes,India,,,,,,,,,Market Out
2026-06-22,Fruits,Mango Colombia-Box,Mangoes,,,,,,,,,,Market Out
2026-06-22,Fruits,Mango Galbetor Yeman,Mangoes,,1kg,,,,,,,,Market Out
2026-06-22,Fruits,Mango Mallika,Mangoes,India,1kg,,,,,,,,Market Out
2026-06-22,Fruits,Mango Yemen Cartoon,Mangoes,,,,,,,,,,Market Out
2026-06-22,Fruits,Mangosteen Packet,Mangoes,Thailand,,,,,,,,,Market Out
2026-06-22,Fruits,Water Melon,Melons,Jordan,1kg,,,,,,,,Market Out
2026-06-22,Fruits,Nectarine,Nectarine,Jordan,1kg,,,,,,,,Market Out
2026-06-22,Fruits,Dragon Fruit Red,Other Fruits,,1kg,,,,,,,,Market Out
2026-06-22,Fruits,Dragon Fruit Red,Other Fruits,,500g,,,,,,,,Market Out
2026-06-22,Fruits,Jack Fruit,Other Fruits,India,1kg,,,,,,,,Market Out
2026-06-22,Fruits,Jack Fruit -Packet,Other Fruits,Thailand,,,,,,,,,Market Out
2026-06-22,Fruits,Passionfruit Pte Packet,Other Fruits,Thailand,,,,,,,,,Market Out
2026-06-22,Fruits,Green Papaya,Papaya,India,1kg,,,,,,,,Market Out
2026-06-22,Fruits,Lady Papaya,Papaya,Sri Lanka,1kg,,,,,,,,Market Out
2026-06-22,Fruits,Papaya,Papaya,Thailand,1kg,,,,,,,,Market Out
2026-06-22,Fruits,Papaya,Papaya,India,1kg,,,,,,,,Market Out
2026-06-22,Fruits,Peach Round Packet,Peaches,Jordan,,,,,,,,,Market Out
2026-06-22,Fruits,Pear Africa,Pears,,1kg,,,,,,,,Market Out
2026-06-22,Fruits,Pear Rose Africa,Pears,,1kg,,,,,,,,Market Out
2026-06-22,Fruits,Plums Red Africa,Plums,,1kg,,,,,,,,Market Out
2026-06-22,Fruits,Pomegranate,Pomegranates,India,1kg,,,,,,,,Market Out
2026-06-22,Fruits,Pomegranate,Pomegranates,India,500g,,,,,,,,Market Out
2026-06-22,Fruits,Pomegranate,Pomegranates,Peru,1kg,,,,,,,,Market Out
2026-06-22,Fruits,Pomegranate Air-Carton,Pomegranates,India,,,,,,,,,Market Out
2026-06-22,Vegetables,Asparagus Plate,Asparagus,Thailand,,,,,,,,,Market Out
2026-06-22,Vegetables,Beetroot,Beetroot,India,1kg,,,,,,,,Market Out
2026-06-22,Vegetables,Beetroot Cooked -Packet,Beetroot,Holland,,,,,,,,,Market Out
2026-06-22,Vegetables,Cabbage,Cabbage & Broccoli,India,,,,,,,,,Market Out
2026-06-22,Vegetables,Cabbage,Cabbage & Broccoli,Qatar,,,,,,,,,Market Out
2026-06-22,Vegetables,Cabbage Sliced,Cabbage & Broccoli,,1kg,,,,,,,,Market Out
2026-06-22,Vegetables,Cauliflower,Cabbage & Broccoli,Jordan,1kg,,,,,,,,Market Out
2026-06-22,Vegetables,Cauliflower Mazra Doha,Cabbage & Broccoli,,1kg,,,,,,,,Market Out
2026-06-22,Vegetables,Capsicum,Capsicum,Holland,1kg,,,,,,,,Market Out
2026-06-22,Vegetables,Capsicum,Capsicum,Holland,500g,,,,,,,,Market Out
2026-06-22,Vegetables,Capsicum 4Color (Packet),Capsicum,Holland,,,,,,,,,Market Out
2026-06-22,Vegetables,Capsicum Green,Capsicum,Jordan,1kg,,,,,,,,Market Out
2026-06-22,Vegetables,Capsicum Green,Capsicum,Jordan,500g,,,,,,,,Market Out
2026-06-22,Vegetables,Capsicum Mix Pkt,Capsicum,Holland,4.0pcs,,,,,,,,Market Out
2026-06-22,Vegetables,Capsicum Orange,Capsicum,Holland,,,,,,,,,Market Out
2026-06-22,Vegetables,Capsicum Orange,Capsicum,Holland,1kg,,,,,,,,Market Out
2026-06-22,Vegetables,Capsicum Orange,Capsicum,Holland,500g,,,,,,,,Market Out
2026-06-22,Vegetables,Capsicum Orange,Capsicum,Oman,1kg,,,,,,,,Market Out
2026-06-22,Vegetables,Capsicum Red,Capsicum,Holland,,,,,,,,,Market Out
2026-06-22,Vegetables,Capsicum Red,Capsicum,Holland,1kg,,,,,,,,Market Out
2026-06-22,Vegetables,Capsicum Red,Capsicum,Holland,500g,,,,,,,,Market Out
2026-06-22,Vegetables,Capsicum Red,Capsicum,Oman,1kg,,,,,,,,Market Out
2026-06-22,Vegetables,Capsicum Yellow,Capsicum,Holland,,,,,,,,,Market Out
2026-06-22,Vegetables,Capsicum Yellow,Capsicum,Holland,1kg,,,,,,,,Market Out
2026-06-22,Vegetables,Capsicum Yellow,Capsicum,Holland,500g,,,,,,,,Market Out
2026-06-22,Vegetables,Capsicum Yellow,Capsicum,Oman,1kg,,,,,,,,Market Out
2026-06-22,Vegetables,Carrot,Carrots,Australia,,,,,,,,,Market Out
2026-06-22,Vegetables,Carrot,Carrots,Australia,1kg,,,,,,,,Market Out
2026-06-22,Vegetables,Carrot,Carrots,Australia,500g,,,,,,,,Market Out
2026-06-22,Vegetables,Chow Chow (Chayote),Chayote,India,,,,,,,,,Market Out
2026-06-22,Vegetables,Chilli Kanthari,Chillies & Spicy,India,1kg,,,,,,,,Market Out
2026-06-22,Vegetables,Chilli Kanthari,Chillies & Spicy,India,250g,,,,,,,,Market Out
2026-06-22,Vegetables,Chilly Green (Packet),Chillies & Spicy,Thailand,,,,,,,,,Market Out
2026-06-22,Vegetables,Chilly Red,Chillies & Spicy,Holland,,,,,,,,,Market Out
2026-06-22,Vegetables,Chilly Red (Packet),Chillies & Spicy,Thailand,,,,,,,,,Market Out
2026-06-22,Vegetables,Chilly Round Green,Chillies & Spicy,India,,,,,,,,,Market Out
2026-06-22,Vegetables,Ginger,Chillies & Spicy,China,,,,,,,,,Market Out
2026-06-22,Vegetables,Ginger,Chillies & Spicy,China,1kg,,,,,,,,Market Out
2026-06-22,Vegetables,Ginger,Chillies & Spicy,India,1kg,,,,,,,,Market Out
2026-06-22,Vegetables,Ginger,Chillies & Spicy,Uganda,1kg,,,,,,,,Market Out
2026-06-22,Vegetables,Ginger,Chillies & Spicy,China,250g,,,,,,,,Market Out
2026-06-22,Vegetables,Ginger,Chillies & Spicy,India,250g,,,,,,,,Market Out
2026-06-22,Vegetables,Ginger,Chillies & Spicy,Uganda,250g,,,,,,,,Market Out
2026-06-22,Vegetables,Green Chilli,Chillies & Spicy,Uganda,,,,,,,,,Market Out
2026-06-22,Vegetables,Hot Chilli,Chillies & Spicy,Qatar,,,,,,,,,Market Out
2026-06-22,Vegetables,Hot Pepper Mix,Chillies & Spicy,Uganda,1kg,,,,,,,,Market Out
2026-06-22,Vegetables,Hot Pepper Mix,Chillies & Spicy,Uganda,250g,,,,,,,,Market Out
2026-06-22,Vegetables,Jalapeno Green,Chillies & Spicy,Holland,1kg,,,,,,,,Market Out
2026-06-22,Vegetables,Jalapeno Green,Chillies & Spicy,Holland,250g,,,,,,,,Market Out
2026-06-22,Vegetables,Jalapeno Red,Chillies & Spicy,Holland,1kg,,,,,,,,Market Out
2026-06-22,Vegetables,Jalapeno Red,Chillies & Spicy,Holland,250g,,,,,,,,Market Out
2026-06-22,Vegetables,Long Chilly Green Big,Chillies & Spicy,Jordan,1kg,,,,,,,,Market Out
2026-06-22,Vegetables,Long Chilly Green Big,Chillies & Spicy,Jordan,250g,,,,,,,,Market Out
2026-06-22,Vegetables,Fresh Fruit Basket,Combo Pack,,,,,,,,,,Market Out
2026-06-22,Vegetables,Fresh Fruits Basket Small,Combo Pack,,,,,,,,,,Market Out
2026-06-22,Vegetables,Mix Fruit Basket-Medium,Combo Pack,,,,,,,,,,Market Out
2026-06-22,Vegetables,Mix Fruit Basket-Small,Combo Pack,,,,,,,,,,Market Out
2026-06-22,Vegetables,Pinakbet Mixed,Combo Pack,,1kg,,,,,,,,Market Out
2026-06-22,Vegetables,Sambar Mixed Vegetable,Combo Pack,,,,,,,,,,Market Out
2026-06-22,Vegetables,Baby Corn,Corns & Baby Corn,Thailand,125g,,,,,,,,Market Out
2026-06-22,Vegetables,Baby Corn (Packet),Corns & Baby Corn,Thailand,,,,,,,,,Market Out
2026-06-22,Vegetables,Fruit'O Snack Boiled Sweet Corn Cob,Corns & Baby Corn,,270g,,,,,,,,Market Out
2026-06-22,Vegetables,Sweet Corn Boiled,Corns & Baby Corn,India,1.0pc,,,,,,,,Market Out
2026-06-22,Vegetables,Sweet Corn Doha Packet,Corns & Baby Corn,,,,,,,,,,Market Out
2026-06-22,Vegetables,Marrow (Kusa),Courgettes & Artichoke,Qatar,,,,,,,,,Market Out
2026-06-22,Vegetables,Zucchini,Courgettes & Artichoke,Jordan,1kg,,,,,,,,Market Out
2026-06-22,Vegetables,Cucumber,Cucumber,Qatar,,,,,,,,,Market Out
2026-06-22,Vegetables,Cucumber Mazra Doha,Cucumber,,1kg,,,,,,,,Market Out
2026-06-22,Vegetables,Cucumber Premium Doha,Cucumber,,1kg,,,,,,,,Market Out
2026-06-22,Vegetables,Vellary Indian,Cucumber,India,1kg,,,,,,,,Market Out
2026-06-22,Vegetables,Yellow Cucumber,Cucumber,India,1kg,,,,,,,,Market Out
2026-06-22,Vegetables,Garlic,Garlic,India,,,,,,,,,Market Out
2026-06-22,Vegetables,Garlic,Garlic,Egypt,,,,,,,,,Market Out
2026-06-22,Vegetables,Garlic,Garlic,China,1kg,,,,,,,,Market Out
2026-06-22,Vegetables,Garlic,Garlic,India,1kg,,,,,,,,Market Out
2026-06-22,Vegetables,Garlic,Garlic,China,250g,,,,,,,,Market Out
2026-06-22,Vegetables,Garlic,Garlic,India,250g,,,,,,,,Market Out
2026-06-22,Vegetables,Garlic Loose,Garlic,,,,,,,,,,Market Out
2026-06-22,Vegetables,Garlic Packet Big,Garlic,China,,,,,,,,,Market Out
2026-06-22,Vegetables,Garlic Peeled,Garlic,,1kg,,,,,,,,Market Out
2026-06-22,Vegetables,Garlic Small Pkt ( ),Garlic,China,,,,,,,,,Market Out
2026-06-22,Vegetables,Peeled Garlic,Garlic,,250g,,,,,,,,Market Out
2026-06-22,Vegetables,Ashgourd,Gourds,Oman,1kg,,,,,,,,Market Out
2026-06-22,Vegetables,Bitter Gourd,Gourds,India,1kg,,,,,,,,Market Out
2026-06-22,Vegetables,Ivy Gourd (Kovakka) Indian,Gourds,India,1kg,,,,,,,,Market Out
2026-06-22,Vegetables,Ivy Gourd (Tindly),Gourds,India,,,,,,,,,Market Out
2026-06-22,Vegetables,Parwal,Gourds,Bangladesh,1kg,,,,,,,,Market Out
2026-06-22,Vegetables,Ridge Gourd,Gourds,India,,,,,,,,,Market Out
2026-06-22,Vegetables,Ridge Gourd,Gourds,India,1kg,,,,,,,,Market Out
2026-06-22,Vegetables,Snake Gourd,Gourds,India,,,,,,,,,Market Out
2026-06-22,Vegetables,Snake Gourd,Gourds,India,1kg,,,,,,,,Market Out
2026-06-22,Vegetables,Celery Stick,Herbs,Spain,1kg,,,,,,,,Market Out
2026-06-22,Vegetables,Celery Stick,Herbs,Spain,250g,,,,,,,,Market Out
2026-06-22,Vegetables,Coriander (Ksa),Herbs,,,,,,,,,,Market Out
2026-06-22,Vegetables,Coriander Leaves 1 Bunch,Herbs,Saudi,,,,,,,,,Market Out
2026-06-22,Vegetables,Curry Leaves,Herbs,,,,,,,,,,Market Out
2026-06-22,Vegetables,Curry Leaves,Herbs,Uganda,,,,,,,,,Market Out
2026-06-22,Vegetables,Fennel,Herbs,,,,,,,,,,Market Out
2026-06-22,Vegetables,Granadilla Fruit Colombia,Herbs,,1kg,,,,,,,,Market Out
2026-06-22,Vegetables,Granadilla Fruit Colombia,Herbs,,250g,,,,,,,,Market Out
2026-06-22,Vegetables,Green Basil ( ),Herbs,Kenya,,,,,,,,,Market Out
2026-06-22,Vegetables,Lemon Grass,Herbs,,,,,,,,,,Market Out
2026-06-22,Vegetables,Parsely (Ksa),Herbs,,,,,,,,,,Market Out
2026-06-22,Vegetables,Rosemary,Herbs,Kenya,1.0pc,,,,,,,,Market Out
2026-06-22,Vegetables,Thyme Green Thin,Herbs,,,,,,,,,,Market Out
2026-06-22,Vegetables,Bhindi (Lady'S Finger),Lady Finger,India,,,,,,,,,Market Out
2026-06-22,Vegetables,Lady Finger,Lady Finger,India,1kg,,,,,,,,Market Out
2026-06-22,Vegetables,Arugula (Jerjir)Leaves Doha,Leafy Vegetables,,500g,,,,,,,,Market Out
2026-06-22,Vegetables,Arugula (Jerjir)Leaves Doha 1 Bunch,Leafy Vegetables,,,,,,,,,,Market Out
2026-06-22,Vegetables,Baby Rocket -Packet,Leafy Vegetables,Italy,,,,,,,,,Market Out
2026-06-22,Vegetables,Baby Spinach,Leafy Vegetables,Italy,125g,,,,,,,,Market Out
2026-06-22,Vegetables,Baby Spinach Leaves -Packet,Leafy Vegetables,Italy,,,,,,,,,Market Out
2026-06-22,Vegetables,Kale Leaves,Leafy Vegetables,Holland,1kg,,,,,,,,Market Out
2026-06-22,Vegetables,Kale Leaves,Leafy Vegetables,Holland,250g,,,,,,,,Market Out
2026-06-22,Vegetables,Kangkong Doha,Leafy Vegetables,,1.0pc,,,,,,,,Market Out
2026-06-22,Vegetables,Lettuce,Leafy Vegetables,Oman,1kg,,,,,,,,Market Out
2026-06-22,Vegetables,Lettuce,Leafy Vegetables,Oman,500g,,,,,,,,Market Out
2026-06-22,Vegetables,Lettuce Bionda/ Rossa Mix,Leafy Vegetables,,125g,,,,,,,,Market Out
2026-06-22,Vegetables,Lettuce Boston Soft,Leafy Vegetables,Holland,,,,,,,,,Market Out
2026-06-22,Vegetables,Lettuce Ice Berge,Leafy Vegetables,Jordan,1kg,,,,,,,,Market Out
2026-06-22,Vegetables,Lettuce Ice Berge,Leafy Vegetables,Spain,1kg,,,,,,,,Market Out
2026-06-22,Vegetables,Lettuce Ice Berge,Leafy Vegetables,Jordan,250g,,,,,,,,Market Out
2026-06-22,Vegetables,Lettuce Ice Berge,Leafy Vegetables,Spain,250g,,,,,,,,Market Out
2026-06-22,Vegetables,Lettuce Lollo Rossa,Leafy Vegetables,,,,,,,,,,Market Out
2026-06-22,Vegetables,Molokhia Doha,Leafy Vegetables,,,,,,,,,,Market Out
2026-06-22,Vegetables,Molokhia Doha,Leafy Vegetables,,250g,,,,,,,,Market Out
2026-06-22,Vegetables,Red Chard Mix,Leafy Vegetables,Italy,125g,,,,,,,,Market Out
2026-06-22,Vegetables,Red Spinach Doha 1 Bunch,Leafy Vegetables,,,,,,,,,,Market Out
2026-06-22,Vegetables,Rocket Leaves,Leafy Vegetables,Italy,125g,,,,,,,,Market Out
2026-06-22,Vegetables,Ruwaith Leaves Doha,Leafy Vegetables,,1.0pc,,,,,,,,Market Out
2026-06-22,Vegetables,Leeks,Leeks/Spring Onions,Holland,,,,,,,,,Market Out
2026-06-22,Vegetables,Leeks,Leeks/Spring Onions,Holland,1kg,,,,,,,,Market Out
2026-06-22,Vegetables,Leeks,Leeks/Spring Onions,Holland,250g,,,,,,,,Market Out
2026-06-22,Vegetables,Agrico Eggplant,Mushrooms,Qatar,,,,,,,,,Market Out
2026-06-22,Vegetables,Agrico Mushroom White Doha Packet,Mushrooms,,,,,,,,,,Market Out
2026-06-22,Vegetables,Mushroom Brown Doha-Packet,Mushrooms,,,,,,,,,,Market Out
2026-06-22,Vegetables,Mushroom Mix Doha Packet,Mushrooms,,,,,,,,,,Market Out
2026-06-22,Vegetables,Mushroom Slice,Mushrooms,Qatar,,,,,,,,,Market Out
2026-06-22,Vegetables,Mushroom Slice Doha-Packet,Mushrooms,,,,,,,,,,Market Out
2026-06-22,Vegetables,Mushrooms Portobello,Mushrooms,,,,,,,,,,Market Out
2026-06-22,Vegetables,Onion Big,Onion,India,1kg,,,,,,,,Market Out
2026-06-22,Vegetables,Onion Brown,Onion,Australia,1kg,,,,,,,,Market Out
2026-06-22,Vegetables,Onion Medium Bag,Onion,India,,,,,,,,,Market Out
2026-06-22,Vegetables,Onion Small,Onion,India,,,,,,,,,Market Out
2026-06-22,Vegetables,Onion Small,Onion,India,1kg,,,,,,,,Market Out
2026-06-22,Vegetables,Onion Small Bag,Onion,India,,,,,,,,,Market Out
2026-06-22,Vegetables,Onion Yeman,Onion,,1kg,,,,,,,,Market Out
2026-06-22,Vegetables,Onion Yemen,Onion,,,,,,,,,,Market Out
2026-06-22,Vegetables,Amla (Gooseberry),Other Vegetables,India,,,,,,,,,Market Out
2026-06-22,Vegetables,Bagal Leaves,Other Vegetables,,1.0pc,,,,,,,,Market Out
2026-06-22,Vegetables,Drumstick,Other Vegetables,India,,,,,,,,,Market Out
2026-06-22,Vegetables,Drumstick,Other Vegetables,India,1kg,,,,,,,,Market Out
2026-06-22,Vegetables,Drumstick Leaves,Other Vegetables,India,1.0pc,,,,,,,,Market Out
2026-06-22,Vegetables,Drumstick Leaves Pkt ( ),Other Vegetables,India,150g,,,,,,,,Market Out
2026-06-22,Vegetables,Eggplant Long Arabia,Other Vegetables,Saudi,1kg,,,,,,,,Market Out
2026-06-22,Vegetables,Eggplant Mazra Doha,Other Vegetables,,1kg,,,,,,,,Market Out
2026-06-22,Vegetables,Fig,Other Vegetables,Turkey,1kg,,,,,,,,Market Out
2026-06-22,Vegetables,Govar,Other Vegetables,India,1kg,,,,,,,,Market Out
2026-06-22,Vegetables,Guava -Packet,Other Vegetables,Thailand,,,,,,,,,Market Out
2026-06-22,Vegetables,Guava Red,Other Vegetables,Thailand,1kg,,,,,,,,Market Out
2026-06-22,Vegetables,Guava Red -Packet,Other Vegetables,Thailand,,,,,,,,,Market Out
2026-06-22,Vegetables,Lollo Bioanda,Other Vegetables,Holland,1kg,,,,,,,,Market Out
2026-06-22,Vegetables,Lollo Bioanda,Other Vegetables,Holland,250g,,,,,,,,Market Out
2026-06-22,Vegetables,Longan -Packet,Other Vegetables,Thailand,,,,,,,,,Market Out
2026-06-22,Vegetables,Palak Leaves Doha,Other Vegetables,,1.0pc,,,,,,,,Market Out
2026-06-22,Vegetables,Premium Eggplant Pkt,Other Vegetables,Qatar,1kg,,,,,,,,Market Out
2026-06-22,Vegetables,Rambutan -Packet,Other Vegetables,Thailand,,,,,,,,,Market Out
2026-06-22,Vegetables,Beans,Peas & Beans,India,1kg,,,,,,,,Market Out
2026-06-22,Vegetables,Cluster Beans,Peas & Beans,India,,,,,,,,,Market Out
2026-06-22,Vegetables,Indian Beans,Peas & Beans,India,,,,,,,,,Market Out
2026-06-22,Vegetables,Mutter,Peas & Beans,Pakistan,1kg,,,,,,,,Market Out
2026-06-22,Vegetables,Aravi Big,Potatoes & Starchy Vegetables,India,,,,,,,,,Market Out
2026-06-22,Vegetables,Potato,Potatoes & Starchy Vegetables,Pakistan,1kg,,,,,,,,Market Out
2026-06-22,Vegetables,Potato Bag,Potatoes & Starchy Vegetables,Pakistan,,,,,,,,,Market Out
2026-06-22,Vegetables,Potato Bag,Potatoes & Starchy Vegetables,Saudi,1kg,,,,,,,,Market Out
2026-06-22,Vegetables,Potato Syria,Potatoes & Starchy Vegetables,,1kg,,,,,,,,Market Out
2026-06-22,Vegetables,Potatoes White Chat Small,Potatoes & Starchy Vegetables,Australia,,,,,,,,,Market Out
2026-06-22,Vegetables,Sweet Potato By Air,Potatoes & Starchy Vegetables,Uganda,1kg,,,,,,,,Market Out
2026-06-22,Vegetables,Tapioca,Potatoes & Starchy Vegetables,India,1kg,,,,,,,,Market Out
2026-06-22,Vegetables,Yam,Potatoes & Starchy Vegetables,India,1kg,,,,,,,,Market Out
2026-06-22,Vegetables,Butter Nut Pumpkin Africa,Pumpkin,,1kg,,,,,,,,Market Out
2026-06-22,Vegetables,Disco Pumpkin,Pumpkin,India,1kg,,,,,,,,Market Out
2026-06-22,Vegetables,Pumpkin Doha,Pumpkin,,1kg,,,,,,,,Market Out
2026-06-22,Vegetables,Pumpkin Medium,Pumpkin,India,,,,,,,,,Market Out
2026-06-22,Vegetables,Radish Red -Packet,Raddish,Holland,,,,,,,,,Market Out
2026-06-22,Vegetables,Red Radish Poly Bag,Raddish,,125g,,,,,,,,Market Out
2026-06-22,Vegetables,Peeled Shallot Packet,Shallots,India,,,,,,,,,Market Out
2026-06-22,Vegetables,Arigni Green Gram Sprouts,Sprouts,,200g,,,,,,,,Market Out
2026-06-22,Vegetables,Cherry Tomato -Packet,Tomato,Morocco,,,,,,,,,Market Out
2026-06-22,Vegetables,Tomato,Tomato,Qatar,,,,,,,,,Market Out
2026-06-22,Vegetables,Tomato Cherry Mix Carnival,Tomato,Holland,,,,,,,,,Market Out
2026-06-22,Vegetables,Tomato Sweet Cherry Vine Netherland,Tomato,,,,,,,,,,Market Out
2026-06-22,Vegetables,Tomato Syria,Tomato,,,,,,,,,,Market Out
2026-06-22,Vegetables,Tomato Syria,Tomato,,1kg,,,,,,,,Market Out
2026-06-22,Vegetables,Tomato Tommys Pkt ( ),Tomato,Spain,500g,,,,,,,,Market Out
2026-06-22,Vegetables,Tomatoes Cherry Plum,Tomato,,250g,,,,,,,,Market Out
2026-06-22,Vegetables,Turmeric,Turmeric,India,,,,,,,,,Market Out
2026-06-22,Vegetables,Turmeric,Turmeric,India,1kg,,,,,,,,Market Out
2026-06-22,Vegetables,Turmeric,Turmeric,India,250g,,,,,,,,Market Out
2026-06-22,Vegetables,Turmeric -Packet,Turmeric,Thailand,,,,,,,,,Market Out
2026-06-21,Fruits,Apple,Apples,China,1kg,,8.5,,,8.5,,Rawabi,Active
2026-06-21,Fruits,Apple Africa,Apples,,1kg,,10.5,,,10.5,,Rawabi,Active
2026-06-21,Fruits,Apple Gala,Apples,France,1kg,,11.5,,,11.5,,Rawabi,Active
2026-06-21,Fruits,Apple Gala,Apples,Italy,1kg,,9.75,,,9.75,,Rawabi,Active
2026-06-21,Fruits,Apple Golden,Apples,Italy,1kg,,9.75,,,9.75,,Rawabi,Active
2026-06-21,Fruits,Apple Red,Apples,Usa,1kg,,14.5,,,14.5,,Rawabi,Active
2026-06-21,Fruits,Baby Apple Africa,Apples,,1kg,,9.0,,,9.0,,Rawabi,Active
2026-06-21,Fruits,Colacasia Bangaladesh,Apples,,1kg,,18.0,,,18.0,,Rawabi,Active
2026-06-21,Fruits,Galanga -Carton,Apples,Thailand,,,22.0,,,,,,Active
2026-06-21,Fruits,Pineapple,Apples,India,1kg,,18.0,,,18.0,,Rawabi,Active
2026-06-21,Fruits,Pineapple Golden,Apples,Kenya,1kg,,13.75,,,13.75,,Rawabi,Active
2026-06-21,Fruits,Pineapple Peeled,Apples,Thailand,1kg,,44.0,,,44.0,,Rawabi,Active
2026-06-21,Fruits,Pineapple Peeled,Apples,Thailand,500g,,22.0,,,44.0,,Rawabi,Active
2026-06-21,Fruits,Rose Apple -Packet,Apples,Thailand,,,30.0,,,,,,Active
2026-06-21,Fruits,Apricot,Apricots,Jordan,1kg,,25.0,,,25.0,,Rawabi,Active
2026-06-21,Fruits,Apricot Packet,Apricots,Jordan,,,11.5,,,,,,Active
2026-06-21,Fruits,Avocado By Air,Avocado,Uganda,1kg,,19.0,,,19.0,,Rawabi,Active
2026-06-21,Fruits,Avocado Hass,Avocado,Kenya,1kg,,16.75,,,16.75,,Rawabi,Active
2026-06-21,Fruits,Banana,Banana,Philippines,1kg,,8.25,,,8.25,,Rawabi,Active
2026-06-21,Fruits,Banana,Banana,Ecuador,1kg,,8.25,,,8.25,,Rawabi,Active
2026-06-21,Fruits,Banana -Carton,Banana,Philippines,,,91.0,,,,,,Active
2026-06-21,Fruits,Banana Flower,Banana,India,,,,17.5,,,,,Active
2026-06-21,Fruits,Banana Green,Banana,India,,,,5.5,,,,,Active
2026-06-21,Fruits,Banana Leaves,Banana,India,1.0pc,,1.5,,,1500.0,,Rawabi,Active
2026-06-21,Fruits,Banana Yellow,Banana,India,1kg,,14.0,,,14.0,,Rawabi,Active
2026-06-21,Fruits,Kadali Banana By Air,Banana,India,1kg,,16.5,,,16.5,,Rawabi,Active
2026-06-21,Fruits,Kadhali Banana,Banana,India,1kg,,18.5,,,18.5,,Rawabi,Active
2026-06-21,Fruits,Blueberry Packet,Berries,Morocco,500g,,47.0,,,94.0,,Rawabi,Active
2026-06-21,Fruits,Cherry Syria Packet,Berries,,,,10.5,,,,,,Active
2026-06-21,Fruits,Gold Berry Colombia Packet,Berries,,,,14.0,,,,,,Active
2026-06-21,Fruits,Physalis,Berries,,125g,,,11.0,,,88.0,Family,Active
2026-06-21,Fruits,Physalis Fruit Colombia-Packet,Berries,,,,10.0,,,,,,Active
2026-06-21,Fruits,Raspberry -Packet,Berries,Usa,,,25.5,,,,,,Active
2026-06-21,Fruits,Strawberry Africa-Packet,Berries,,,,21.0,,,,,,Active
2026-06-21,Fruits,Chikoo -Plate,Chickoo,Thailand,,,25.0,,,,,,Active
2026-06-21,Fruits,Lemon,Citrus Fruits,India,1kg,,18.0,,,18.0,,Rawabi,Active
2026-06-21,Fruits,Lemon,Citrus Fruits,India,250g,,4.5,,,18.0,,Rawabi,Active
2026-06-21,Fruits,Lemon Africa,Citrus Fruits,,1kg,,9.75,,,9.75,,Rawabi,Active
2026-06-21,Fruits,Lemon Africa,Citrus Fruits,,250g,,2.5,,,10.0,,Rawabi,Active
2026-06-21,Fruits,Lime,Citrus Fruits,Vietnam,1kg,,14.0,,,14.0,,Rawabi,Active
2026-06-21,Fruits,Lime,Citrus Fruits,Vietnam,250g,,3.5,,,14.0,,Rawabi,Active
2026-06-21,Fruits,Mandarin,Citrus Fruits,Australia,1kg,,25.5,,,25.5,,Rawabi,Active
2026-06-21,Fruits,Mandarin,Citrus Fruits,China,1kg,,13.75,,,13.75,,Rawabi,Active
2026-06-21,Fruits,Mandarin Africa,Citrus Fruits,,1kg,,9.75,,,9.75,,Rawabi,Active
2026-06-21,Fruits,Mandarin Leanri Africa,Citrus Fruits,,1kg,,10.0,,,10.0,,Rawabi,Active
2026-06-21,Fruits,Orange Valencia,Citrus Fruits,Egypt,1kg,,4.5,,,4.5,,Rawabi,Active
2026-06-21,Fruits,Orangevalencia -Box,Citrus Fruits,Lebanon,,,34.0,,,,,,Active
2026-06-21,Fruits,Pomelo Africa,Citrus Fruits,,1kg,,17.0,,,17.0,,Rawabi,Active
2026-06-21,Fruits,Coconut,Coconut,India,1.0pc,,3.0,,,3000.0,,Rawabi,Active
2026-06-21,Fruits,Coconut Grated,Coconut,India,1.0pc,,3.5,,,3500.0,,Rawabi,Active
2026-06-21,Fruits,Coconut Young,Coconut,Sri Lanka,1.0pc,,13.0,,,13000.0,,Rawabi,Active
2026-06-21,Fruits,Fresh Coconut (By Air),Coconut,India,,,,7.0,,,,,Active
2026-06-21,Fruits,Fresh Shredded Coconut (By Sea),Coconut,India,,,,3.0,,,,,Active
2026-06-21,Fruits,Mushroom Chestnut -,Fresh Nuts,Holland,,,,15.5,,,,,Active
2026-06-21,Fruits,Grape Black Packet,Grapes,India,,,7.75,,,,,,Active
2026-06-21,Fruits,Grape Red,Grapes,Australia,1kg,,45.75,,,45.75,,Rawabi,Active
2026-06-21,Fruits,Grapefruit Africa,Grapes,,1kg,,11.5,,,11.5,,Rawabi,Active
2026-06-21,Fruits,Grapes White,Grapes,Australia,1kg,,54.0,,,54.0,,Rawabi,Active
2026-06-21,Fruits,Grapes White,Grapes,Australia,500g,,27.0,,,54.0,,Rawabi,Active
2026-06-21,Fruits,Grapes White -Packet,Grapes,India,,,6.0,,,,,,Active
2026-06-21,Fruits,Ash Banana,Green Banana,Sri Lanka,,,,9.5,,,,,Active
2026-06-21,Fruits,Curry Banana,Green Banana,India,,,,9.0,,,,,Active
2026-06-21,Fruits,Green Banana,Green Banana,Uganda,1kg,,18.5,,,18.5,,Rawabi,Active
2026-06-21,Fruits,Green Banana,Green Banana,India,1kg,,11.5,,,11.5,,Rawabi,Active
2026-06-21,Fruits,Peeled Jackfruit Packet,Jackfruit,India,,,7.5,,,,,,Active
2026-06-21,Fruits,Kiwi Gold New Zealand,Kiwi,,1kg,,62.0,,,62.0,,Rawabi,Active
2026-06-21,Fruits,Kiwi Gold New Zealand,Kiwi,,250g,,15.5,,,62.0,,Rawabi,Active
2026-06-21,Fruits,Mango Alphonsa,Mangoes,India,1kg,,23.0,,,23.0,,Rawabi,Active
2026-06-21,Fruits,Mango Alphonso Cartoon,Mangoes,India,,,49.0,,,,,,Active
2026-06-21,Fruits,Mango Colombia-Box,Mangoes,,,,125.0,,,,,,Active
2026-06-21,Fruits,Mango Galbetor Yeman,Mangoes,,1kg,,9.75,,,9.75,,Rawabi,Active
2026-06-21,Fruits,Mango Mallika,Mangoes,India,1kg,,23.0,,,23.0,,Rawabi,Active
2026-06-21,Fruits,Mango Yemen Cartoon,Mangoes,,,,32.0,,,,,,Active
2026-06-21,Fruits,Mangosteen Packet,Mangoes,Thailand,,,25.0,,,,,,Active
2026-06-21,Fruits,Water Melon,Melons,Jordan,1kg,,4.5,,,4.5,,Rawabi,Active
2026-06-21,Fruits,Nectarine,Nectarine,Jordan,1kg,,16.5,,,16.5,,Rawabi,Active
2026-06-21,Fruits,Dragon Fruit Red,Other Fruits,,1kg,,55.0,,,55.0,,Rawabi,Active
2026-06-21,Fruits,Dragon Fruit Red,Other Fruits,,500g,,27.5,,,55.0,,Rawabi,Active
2026-06-21,Fruits,Jack Fruit,Other Fruits,India,1kg,,17.5,,,17.5,,Rawabi,Active
2026-06-21,Fruits,Jack Fruit -Packet,Other Fruits,Thailand,,,13.5,,,,,,Active
2026-06-21,Fruits,Passionfruit Pte Packet,Other Fruits,Thailand,,,24.0,,,,,,Active
2026-06-21,Fruits,Green Papaya,Papaya,India,1kg,,16.5,,,16.5,,Rawabi,Active
2026-06-21,Fruits,Lady Papaya,Papaya,Sri Lanka,1kg,,18.5,,,18.5,,Rawabi,Active
2026-06-21,Fruits,Papaya,Papaya,Thailand,1kg,,46.0,,,46.0,,Rawabi,Active
2026-06-21,Fruits,Papaya,Papaya,India,1kg,,18.5,,,18.5,,Rawabi,Active
2026-06-21,Fruits,Peach Round Packet,Peaches,Jordan,,,14.5,,,,,,Active
2026-06-21,Fruits,Pear Africa,Pears,,1kg,,10.5,,,10.5,,Rawabi,Active
2026-06-21,Fruits,Pear Rose Africa,Pears,,1kg,,10.5,,,10.5,,Rawabi,Active
2026-06-21,Fruits,Plums Red Africa,Plums,,1kg,,16.5,,,16.5,,Rawabi,Active
2026-06-21,Fruits,Pomegranate,Pomegranates,India,1kg,,21.0,,,21.0,,Rawabi,Active
2026-06-21,Fruits,Pomegranate,Pomegranates,India,500g,,10.5,,,21.0,,Rawabi,Active
2026-06-21,Fruits,Pomegranate,Pomegranates,Peru,1kg,,23.0,,,23.0,,Rawabi,Active
2026-06-21,Fruits,Pomegranate Air-Carton,Pomegranates,India,,,33.0,,,,,,Active
2026-06-21,Vegetables,Asparagus Plate,Asparagus,Thailand,,,10.0,,,,,,Active
2026-06-21,Vegetables,Beetroot,Beetroot,India,1kg,,18.0,,,18.0,,Rawabi,Active
2026-06-21,Vegetables,Beetroot Cooked,Beetroot,,500g,,,22.0,,,44.0,Family,Active
2026-06-21,Vegetables,Beetroot Cooked -Packet,Beetroot,Holland,,,15.75,,,,,,Active
2026-06-21,Vegetables,Cabbage,Cabbage & Broccoli,India,,,,8.75,,,,,Active
2026-06-21,Vegetables,Cabbage,Cabbage & Broccoli,Qatar,,,,2.25,,,,,Active
2026-06-21,Vegetables,Cabbage Sliced,Cabbage & Broccoli,,1kg,,,10.0,,,10.0,Family,Active
2026-06-21,Vegetables,Cauliflower,Cabbage & Broccoli,Jordan,1kg,,8.5,,,8.5,,Rawabi,Active
2026-06-21,Vegetables,Cauliflower Mazra Doha,Cabbage & Broccoli,,1kg,,8.5,,,8.5,,Rawabi,Active
2026-06-21,Vegetables,Kohi,Cabbage & Broccoli,Bangladesh,,,,17.0,,,,,Active
2026-06-21,Vegetables,Capsicum,Capsicum,Holland,1kg,,41.0,,,41.0,,Rawabi,Active
2026-06-21,Vegetables,Capsicum,Capsicum,Holland,500g,,20.5,,,41.0,,Rawabi,Active
2026-06-21,Vegetables,Capsicum 4Color (Packet),Capsicum,Holland,,,19.0,,,,,,Active
2026-06-21,Vegetables,Capsicum Green,Capsicum,Jordan,1kg,,8.5,,,8.5,,Rawabi,Active
2026-06-21,Vegetables,Capsicum Green,Capsicum,Jordan,500g,,4.25,,,8.5,,Rawabi,Active
2026-06-21,Vegetables,Capsicum Mix Pkt,Capsicum,Holland,4.0pcs,,,29.0,,,7250.0,Family,Active
2026-06-21,Vegetables,Capsicum Orange,Capsicum,Holland,,,,11.0,,,,,Active
2026-06-21,Vegetables,Capsicum Orange,Capsicum,Holland,1kg,,42.0,,,42.0,,Rawabi,Active
2026-06-21,Vegetables,Capsicum Orange,Capsicum,Holland,500g,,21.0,,,42.0,,Rawabi,Active
2026-06-21,Vegetables,Capsicum Orange,Capsicum,Oman,1kg,,14.75,,,14.75,,Rawabi,Active
2026-06-21,Vegetables,Capsicum Red,Capsicum,Holland,,,,12.0,,,,,Active
2026-06-21,Vegetables,Capsicum Red,Capsicum,Holland,1kg,,44.0,,,44.0,,Rawabi,Active
2026-06-21,Vegetables,Capsicum Red,Capsicum,Holland,500g,,19.0,,,38.0,,Rawabi,Active
2026-06-21,Vegetables,Capsicum Red,Capsicum,Oman,1kg,,8.75,,,8.75,,Rawabi,Active
2026-06-21,Vegetables,Capsicum Yellow,Capsicum,Holland,,,,11.25,,,,,Active
2026-06-21,Vegetables,Capsicum Yellow,Capsicum,Holland,1kg,,44.0,,,44.0,,Rawabi,Active
2026-06-21,Vegetables,Capsicum Yellow,Capsicum,Holland,500g,,22.0,,,44.0,,Rawabi,Active
2026-06-21,Vegetables,Capsicum Yellow,Capsicum,Oman,1kg,,8.75,,,8.75,,Rawabi,Active
2026-06-21,Vegetables,Carrot,Carrots,Australia,,,,4.75,,,,,Active
2026-06-21,Vegetables,Carrot,Carrots,Australia,1kg,,9.5,,,9.5,,Rawabi,Active
2026-06-21,Vegetables,Carrot,Carrots,Australia,500g,,4.5,,,9.0,,Rawabi,Active
2026-06-21,Vegetables,Chow Chow (Chayote),Chayote,India,,,,8.75,,,,,Active
2026-06-21,Vegetables,Chilli Kanthari,Chillies & Spicy,India,1kg,,48.0,,,48.0,,Rawabi,Active
2026-06-21,Vegetables,Chilli Kanthari,Chillies & Spicy,India,250g,,12.0,,,48.0,,Rawabi,Active
2026-06-21,Vegetables,Chilly Green (Packet),Chillies & Spicy,Thailand,,,6.5,,,,,,Active
2026-06-21,Vegetables,Chilly Red,Chillies & Spicy,Holland,,,,15.0,,,,,Active
2026-06-21,Vegetables,Chilly Red (Packet),Chillies & Spicy,Thailand,,,7.0,,,,,,Active
2026-06-21,Vegetables,Chilly Round Green,Chillies & Spicy,India,,,,9.5,,,,,Active
2026-06-21,Vegetables,Ginger,Chillies & Spicy,China,,,,2.25,,,,,Active
2026-06-21,Vegetables,Ginger,Chillies & Spicy,China,1kg,,9.0,,,9.0,,Rawabi,Active
2026-06-21,Vegetables,Ginger,Chillies & Spicy,India,1kg,,19.75,,,19.75,,Rawabi,Active
2026-06-21,Vegetables,Ginger,Chillies & Spicy,Uganda,1kg,,24.5,,,24.5,,Rawabi,Active
2026-06-21,Vegetables,Ginger,Chillies & Spicy,China,250g,,2.25,,,9.0,,Rawabi,Active
2026-06-21,Vegetables,Ginger,Chillies & Spicy,India,250g,,5.0,,,20.0,,Rawabi,Active
2026-06-21,Vegetables,Ginger,Chillies & Spicy,Uganda,250g,,6.25,,,25.0,,Rawabi,Active
2026-06-21,Vegetables,Green Chilli,Chillies & Spicy,Uganda,,,,6.0,,,,,Active
2026-06-21,Vegetables,Hot Chilli,Chillies & Spicy,Qatar,,,,2.88,,,,,Active
2026-06-21,Vegetables,Hot Pepper Mix,Chillies & Spicy,Uganda,1kg,,38.0,,,38.0,,Rawabi,Active
2026-06-21,Vegetables,Hot Pepper Mix,Chillies & Spicy,Uganda,250g,,9.5,,,38.0,,Rawabi,Active
2026-06-21,Vegetables,Jalapeno Green,Chillies & Spicy,Holland,1kg,,70.0,,,70.0,,Rawabi,Active
2026-06-21,Vegetables,Jalapeno Green,Chillies & Spicy,Holland,250g,,17.5,,,70.0,,Rawabi,Active
2026-06-21,Vegetables,Jalapeno Red,Chillies & Spicy,Holland,1kg,,65.0,,,65.0,,Rawabi,Active
2026-06-21,Vegetables,Jalapeno Red,Chillies & Spicy,Holland,250g,,16.25,,,65.0,,Rawabi,Active
2026-06-21,Vegetables,Long Chilly Green Big,Chillies & Spicy,Jordan,1kg,,4.5,,,4.5,,Rawabi,Active
2026-06-21,Vegetables,Long Chilly Green Big,Chillies & Spicy,Jordan,250g,,1.25,,,5.0,,Rawabi,Active
2026-06-21,Vegetables,Fresh Fruit Basket,Combo Pack,,,,150.0,,,,,,Active
2026-06-21,Vegetables,Fresh Fruits Basket Small,Combo Pack,,,,130.0,,,,,,Active
2026-06-21,Vegetables,Mix Fruit Basket-Medium,Combo Pack,,,,250.0,,,,,,Active
2026-06-21,Vegetables,Mix Fruit Basket-Small,Combo Pack,,,,180.0,,,,,,Active
2026-06-21,Vegetables,Pinakbet Mixed,Combo Pack,,1kg,,,25.0,,,25.0,Family,Active
2026-06-21,Vegetables,Sambar Mixed Vegetable,Combo Pack,,,,,10.0,,,,,Active
2026-06-21,Vegetables,Baby Corn,Corns & Baby Corn,Thailand,125g,,,8.0,,,64.0,Family,Active
2026-06-21,Vegetables,Baby Corn (Packet),Corns & Baby Corn,Thailand,,,7.0,,,,,,Active
2026-06-21,Vegetables,Fruit'O Snack Boiled Sweet Corn Cob,Corns & Baby Corn,,270g,,,6.0,,,22.22,Family,Active
2026-06-21,Vegetables,Sweet Corn,Corns & Baby Corn,Jordan,,,,8.5,,,,,Active
2026-06-21,Vegetables,Sweet Corn,Corns & Baby Corn,Jordan,1kg,,7.5,,,7.5,,Rawabi,Active
2026-06-21,Vegetables,Sweet Corn Boiled,Corns & Baby Corn,India,1.0pc,,16.0,,,16000.0,,Rawabi,Active
2026-06-21,Vegetables,Sweet Corn Doha Packet,Corns & Baby Corn,,,,5.5,,,,,,Active
2026-06-21,Vegetables,Marrow (Kusa),Courgettes & Artichoke,Qatar,,,,3.75,,,,,Active
2026-06-21,Vegetables,Zucchini,Courgettes & Artichoke,Jordan,1kg,,5.0,,,5.0,,Rawabi,Active
2026-06-21,Vegetables,Cucumber,Cucumber,Qatar,,,,3.75,,,,,Active
2026-06-21,Vegetables,Cucumber Mazra Doha,Cucumber,,1kg,,7.5,,,7.5,,Rawabi,Active
2026-06-21,Vegetables,Cucumber Premium Doha,Cucumber,,1kg,,7.5,,,7.5,,Rawabi,Active
2026-06-21,Vegetables,Vellary Indian,Cucumber,India,1kg,,,19.0,,,19.0,Family,Active
2026-06-21,Vegetables,Yellow Cucumber,Cucumber,India,1kg,,18.5,,,18.5,,Rawabi,Active
2026-06-21,Vegetables,Garlic,Garlic,India,,,,12.25,,,,,Active
2026-06-21,Vegetables,Garlic,Garlic,Egypt,,,,8.0,,,,,Active
2026-06-21,Vegetables,Garlic,Garlic,China,1kg,,9.0,,,9.0,,Rawabi,Active
2026-06-21,Vegetables,Garlic,Garlic,India,1kg,,24.75,,,24.75,,Rawabi,Active
2026-06-21,Vegetables,Garlic,Garlic,China,250g,,2.25,,,9.0,,Rawabi,Active
2026-06-21,Vegetables,Garlic,Garlic,India,250g,,6.25,,,25.0,,Rawabi,Active
2026-06-21,Vegetables,Garlic Loose,Garlic,,,,,2.25,,,,,Active
2026-06-21,Vegetables,Garlic Packet Big,Garlic,China,,,10.0,,,,,,Active
2026-06-21,Vegetables,Garlic Peeled,Garlic,,1kg,,24.0,,,24.0,,Rawabi,Active
2026-06-21,Vegetables,Garlic Small Pkt ( ),Garlic,China,,,5.0,5.0,,,,,Active
2026-06-21,Vegetables,Peeled Garlic,Garlic,,250g,,6.0,8.5,,24.0,34.0,Rawabi,Active
2026-06-21,Vegetables,Ash Gourd(Kumbalam),Gourds,India,,,,17.5,,,,,Active
2026-06-21,Vegetables,Ashgourd,Gourds,Oman,1kg,,7.5,,,7.5,,Rawabi,Active
2026-06-21,Vegetables,Bitter Gourd,Gourds,India,1kg,,17.5,,,17.5,,Rawabi,Active
2026-06-21,Vegetables,Ivy Gourd (Kovakka) Indian,Gourds,India,1kg,,15.5,,,15.5,,Rawabi,Active
2026-06-21,Vegetables,Ivy Gourd (Tindly),Gourds,India,,,,10.0,,,,,Active
2026-06-21,Vegetables,Parwal,Gourds,Bangladesh,1kg,,16.0,,,16.0,,Rawabi,Active
2026-06-21,Vegetables,Ridge Gourd,Gourds,India,,,,9.75,,,,,Active
2026-06-21,Vegetables,Ridge Gourd,Gourds,India,1kg,,18.75,,,18.75,,Rawabi,Active
2026-06-21,Vegetables,Snake Gourd,Gourds,India,,,,9.0,,,,,Active
2026-06-21,Vegetables,Snake Gourd,Gourds,India,1kg,,19.5,,,19.5,,Rawabi,Active
2026-06-21,Vegetables,Celery,Herbs,Spain,,,,19.0,,,,,Active
2026-06-21,Vegetables,Celery Stick,Herbs,Spain,1kg,,32.0,,,32.0,,Rawabi,Active
2026-06-21,Vegetables,Celery Stick,Herbs,Spain,250g,,8.0,,,32.0,,Rawabi,Active
2026-06-21,Vegetables,Coriander (Ksa),Herbs,,,,,3.25,,,,,Active
2026-06-21,Vegetables,Coriander Leaves 1 Bunch,Herbs,Saudi,,,13.0,,,,,,Active
2026-06-21,Vegetables,Curry Leaves,Herbs,,,,3.0,,,,,,Active
2026-06-21,Vegetables,Curry Leaves,Herbs,Uganda,,,38.0,,,,,,Active
2026-06-21,Vegetables,Fennel,Herbs,,,,,20.0,,,,,Active
2026-06-21,Vegetables,Granadilla Fruit Colombia,Herbs,,1kg,,88.0,,,88.0,,Rawabi,Active
2026-06-21,Vegetables,Granadilla Fruit Colombia,Herbs,,250g,,22.0,,,88.0,,Rawabi,Active
2026-06-21,Vegetables,Green Basil ( ),Herbs,Kenya,,,,16.0,,,,,Active
2026-06-21,Vegetables,Lemon Grass,Herbs,,,,,5.5,,,,,Active
2026-06-21,Vegetables,Parsely (Ksa),Herbs,,,,,10.0,,,,,Active
2026-06-21,Vegetables,Rosemary,Herbs,Kenya,1.0pc,,10.0,,,10000.0,,Rawabi,Active
2026-06-21,Vegetables,Thyme Green Thin,Herbs,,,,,16.0,,,,,Active
2026-06-21,Vegetables,Bhindi (Lady'S Finger),Lady Finger,India,,,,9.25,,,,,Active
2026-06-21,Vegetables,Lady Finger,Lady Finger,India,1kg,,17.5,,,17.5,,Rawabi,Active
2026-06-21,Vegetables,Arugula (Jerjir)Leaves Doha,Leafy Vegetables,,500g,,3.75,,,7.5,,Rawabi,Active
2026-06-21,Vegetables,Arugula (Jerjir)Leaves Doha 1 Bunch,Leafy Vegetables,,,,7.5,,,,,,Active
2026-06-21,Vegetables,Baby Rocket -Packet,Leafy Vegetables,Italy,,,10.5,,,,,,Active
2026-06-21,Vegetables,Baby Spinach,Leafy Vegetables,Italy,125g,,,14.0,,,112.0,Family,Active
2026-06-21,Vegetables,Baby Spinach Leaves -Packet,Leafy Vegetables,Italy,,,9.0,,,,,,Active
2026-06-21,Vegetables,Kale Leaves,Leafy Vegetables,Holland,1kg,,65.0,,,65.0,,Rawabi,Active
2026-06-21,Vegetables,Kale Leaves,Leafy Vegetables,Holland,250g,,14.25,,,57.0,,Rawabi,Active
2026-06-21,Vegetables,Kangkong Doha,Leafy Vegetables,,1.0pc,,7.0,,,7000.0,,Rawabi,Active
2026-06-21,Vegetables,Lettuce,Leafy Vegetables,Oman,1kg,,9.75,,,9.75,,Rawabi,Active
2026-06-21,Vegetables,Lettuce,Leafy Vegetables,Oman,500g,,5.0,,,10.0,,Rawabi,Active
2026-06-21,Vegetables,Lettuce Bionda/ Rossa Mix,Leafy Vegetables,,125g,,,14.0,,,112.0,Family,Active
2026-06-21,Vegetables,Lettuce Boston Soft,Leafy Vegetables,Holland,,,,16.25,,,,,Active
2026-06-21,Vegetables,Lettuce Gem Tray,Leafy Vegetables,Spain,,,,15.0,,,,,Active
2026-06-21,Vegetables,Lettuce Ice Berge,Leafy Vegetables,Jordan,1kg,,7.5,,,7.5,,Rawabi,Active
2026-06-21,Vegetables,Lettuce Ice Berge,Leafy Vegetables,Spain,1kg,,38.0,,,38.0,,Rawabi,Active
2026-06-21,Vegetables,Lettuce Ice Berge,Leafy Vegetables,Jordan,250g,,1.75,,,7.0,,Rawabi,Active
2026-06-21,Vegetables,Lettuce Ice Berge,Leafy Vegetables,Spain,250g,,9.5,,,38.0,,Rawabi,Active
2026-06-21,Vegetables,Lettuce Lollo Rossa,Leafy Vegetables,,,,,18.75,,,,,Active
2026-06-21,Vegetables,Molokhia Doha,Leafy Vegetables,,,,8.0,,,,,,Active
2026-06-21,Vegetables,Molokhia Doha,Leafy Vegetables,,250g,,2.0,,,8.0,,Rawabi,Active
2026-06-21,Vegetables,Red Chard Mix,Leafy Vegetables,Italy,125g,,,10.0,,,80.0,Family,Active
2026-06-21,Vegetables,Red Spinach Doha 1 Bunch,Leafy Vegetables,,,,7.0,,,,,,Active
2026-06-21,Vegetables,Rocket Leaves,Leafy Vegetables,Italy,125g,,,14.0,,,112.0,Family,Active
2026-06-21,Vegetables,Ruwaith Leaves Doha,Leafy Vegetables,,1.0pc,,6.5,,,6500.0,,Rawabi,Active
2026-06-21,Vegetables,Leeks,Leeks/Spring Onions,Holland,,,,9.5,,,,,Active
2026-06-21,Vegetables,Leeks,Leeks/Spring Onions,Holland,1kg,,35.0,,,35.0,,Rawabi,Active
2026-06-21,Vegetables,Leeks,Leeks/Spring Onions,Holland,250g,,8.75,,,35.0,,Rawabi,Active
2026-06-21,Vegetables,Agrico Eggplant,Mushrooms,Qatar,,,,7.5,,,,,Active
2026-06-21,Vegetables,Agrico Mushroom White Bottom,Mushrooms,Qatar,250g,,,7.0,,,28.0,Family,Active
2026-06-21,Vegetables,Agrico Mushroom White Doha Packet,Mushrooms,,,,7.0,,,,,,Active
2026-06-21,Vegetables,Mushroom Brown Doha-Packet,Mushrooms,,,,8.5,,,,,,Active
2026-06-21,Vegetables,Mushroom Mix Doha Packet,Mushrooms,,,,13.0,,,,,,Active
2026-06-21,Vegetables,Mushroom Slice,Mushrooms,Qatar,,,,8.5,,,,,Active
2026-06-21,Vegetables,Mushroom Slice Doha-Packet,Mushrooms,,,,8.5,,,,,,Active
2026-06-21,Vegetables,Mushrooms Portobello,Mushrooms,,,,,19.5,,,,,Active
2026-06-21,Vegetables,Onion Big,Onion,India,1kg,,4.5,,,4.5,,Rawabi,Active
2026-06-21,Vegetables,Onion Brown,Onion,Australia,1kg,,8.0,,,8.0,,Rawabi,Active
2026-06-21,Vegetables,Onion Medium Bag,Onion,India,,,19.0,,,,,,Active
2026-06-21,Vegetables,Onion Small,Onion,India,,,,5.0,,,,,Active
2026-06-21,Vegetables,Onion Small,Onion,India,1kg,,19.0,,,19.0,,Rawabi,Active
2026-06-21,Vegetables,Onion Small Bag,Onion,India,,,14.5,,,,,,Active
2026-06-21,Vegetables,Onion Yeman,Onion,,1kg,,4.5,,,4.5,,Rawabi,Active
2026-06-21,Vegetables,Onion Yemen,Onion,,,,,4.5,,,,,Active
2026-06-21,Vegetables,Amla (Gooseberry),Other Vegetables,India,,,,11.0,,,,,Active
2026-06-21,Vegetables,Bagal Leaves,Other Vegetables,,1.0pc,,9.0,,,9000.0,,Rawabi,Active
2026-06-21,Vegetables,Drumstick,Other Vegetables,India,,,,9.5,,,,,Active
2026-06-21,Vegetables,Drumstick,Other Vegetables,India,1kg,,17.0,,,17.0,,Rawabi,Active
2026-06-21,Vegetables,Drumstick Leaves,Other Vegetables,India,1.0pc,,6.0,,,6000.0,,Rawabi,Active
2026-06-21,Vegetables,Drumstick Leaves Pkt ( ),Other Vegetables,India,150g,,,5.5,,,36.67,Family,Active
2026-06-21,Vegetables,Eggplant,Other Vegetables,Holland,,,,28.0,,,,,Active
2026-06-21,Vegetables,Eggplant Long Arabia,Other Vegetables,Saudi,1kg,,13.75,,,13.75,,Rawabi,Active
2026-06-21,Vegetables,Eggplant Mazra Doha,Other Vegetables,,1kg,,6.0,,,6.0,,Rawabi,Active
2026-06-21,Vegetables,Eggplant Purple,Other Vegetables,Qatar,,,,8.5,,,,,Active
2026-06-21,Vegetables,Fig,Other Vegetables,Turkey,1kg,,46.0,,,46.0,,Rawabi,Active
2026-06-21,Vegetables,Govar,Other Vegetables,India,1kg,,17.5,,,17.5,,Rawabi,Active
2026-06-21,Vegetables,Guava -Packet,Other Vegetables,Thailand,,,32.0,,,,,,Active
2026-06-21,Vegetables,Guava Red,Other Vegetables,Thailand,1kg,,42.0,,,42.0,,Rawabi,Active
2026-06-21,Vegetables,Guava Red -Packet,Other Vegetables,Thailand,,,34.0,,,,,,Active
2026-06-21,Vegetables,Lollo Bioanda,Other Vegetables,Holland,1kg,,60.0,,,60.0,,Rawabi,Active
2026-06-21,Vegetables,Lollo Bioanda,Other Vegetables,Holland,250g,,15.0,,,60.0,,Rawabi,Active
2026-06-21,Vegetables,Longan -Packet,Other Vegetables,Thailand,,,24.0,,,,,,Active
2026-06-21,Vegetables,Palak Leaves Doha,Other Vegetables,,1.0pc,,5.0,,,5000.0,,Rawabi,Active
2026-06-21,Vegetables,Premium Eggplant Pkt,Other Vegetables,Qatar,1kg,,,7.5,,,7.5,Family,Active
2026-06-21,Vegetables,Rambutan -Packet,Other Vegetables,Thailand,,,25.0,,,,,,Active
2026-06-21,Vegetables,Beans,Peas & Beans,India,1kg,,21.0,,,21.0,,Rawabi,Active
2026-06-21,Vegetables,Cluster Beans,Peas & Beans,India,,,,9.5,,,,,Active
2026-06-21,Vegetables,Indian Beans,Peas & Beans,India,,,,10.0,,,,,Active
2026-06-21,Vegetables,Mutter,Peas & Beans,Pakistan,1kg,,27.0,,,27.0,,Rawabi,Active
2026-06-21,Vegetables,Aravi Big,Potatoes & Starchy Vegetables,India,,,,8.0,,,,,Active
2026-06-21,Vegetables,Potato,Potatoes & Starchy Vegetables,Pakistan,1kg,,3.0,,,3.0,,Rawabi,Active
2026-06-21,Vegetables,Potato Bag,Potatoes & Starchy Vegetables,Pakistan,,,8.0,,,,,,Active
2026-06-21,Vegetables,Potato Bag,Potatoes & Starchy Vegetables,Saudi,1kg,,13.0,,,13.0,,Rawabi,Active
2026-06-21,Vegetables,Potato Syria,Potatoes & Starchy Vegetables,,1kg,,3.0,,,3.0,,Rawabi,Active
2026-06-21,Vegetables,Potatoes White Chat Small,Potatoes & Starchy Vegetables,Australia,,,,27.0,,,,,Active
2026-06-21,Vegetables,Sweet Potato,Potatoes & Starchy Vegetables,Usa,,,,17.5,,,,,Active
2026-06-21,Vegetables,Sweet Potato,Potatoes & Starchy Vegetables,Bangladesh,,,,17.0,,,,,Active
2026-06-21,Vegetables,Sweet Potato By Air,Potatoes & Starchy Vegetables,Uganda,1kg,,18.5,,,18.5,,Rawabi,Active
2026-06-21,Vegetables,Tapioca,Potatoes & Starchy Vegetables,India,1kg,,16.75,,,16.75,,Rawabi,Active
2026-06-21,Vegetables,Taro Root,Potatoes & Starchy Vegetables,,,,,53.0,,,,,Active
2026-06-21,Vegetables,Yam,Potatoes & Starchy Vegetables,India,1kg,,6.5,,,6.5,,Rawabi,Active
2026-06-21,Vegetables,Butter Nut Pumpkin Africa,Pumpkin,,1kg,,9.75,,,9.75,,Rawabi,Active
2026-06-21,Vegetables,Disco Pumpkin,Pumpkin,India,1kg,,15.5,,,15.5,,Rawabi,Active
2026-06-21,Vegetables,Pumpkin Doha,Pumpkin,,1kg,,5.0,,,5.0,,Rawabi,Active
2026-06-21,Vegetables,Pumpkin Mathan Green,Pumpkin,India,,,,13.75,,,,,Active
2026-06-21,Vegetables,Pumpkin Medium,Pumpkin,India,,,,8.75,,,,,Active
2026-06-21,Vegetables,Radish Ksa,Raddish,,,,,3.5,,,,,Active
2026-06-21,Vegetables,Radish Red -Packet,Raddish,Holland,,,5.5,,,,,,Active
2026-06-21,Vegetables,Red Radish,Raddish,Holland,1kg,,33.5,32.0,,33.5,32.0,Family,Active
2026-06-21,Vegetables,Red Radish Poly Bag,Raddish,,125g,,,6.5,,,52.0,Family,Active
2026-06-21,Vegetables,Peeled Shallot Packet,Shallots,India,,,7.0,,,,,,Active
2026-06-21,Vegetables,Arigni Green Gram Sprouts,Sprouts,,200g,,,5.75,,,28.75,Family,Active
2026-06-21,Vegetables,Mung Bean Sprouts Pkts,Sprouts,,,,,6.5,,,,,Active
2026-06-21,Vegetables,Cherry Tomato -Packet,Tomato,Morocco,,,10.0,,,,,,Active
2026-06-21,Vegetables,Tomato,Tomato,Qatar,,,,2.5,,,,,Active
2026-06-21,Vegetables,Tomato Cherry Mix Carnival,Tomato,Holland,,,18.0,,,,,,Active
2026-06-21,Vegetables,Tomato Sweet Cherry Vine Netherland,Tomato,,,,68.0,,,,,,Active
2026-06-21,Vegetables,Tomato Syria,Tomato,,,,,2.5,,,,,Active
2026-06-21,Vegetables,Tomato Syria,Tomato,,1kg,,5.0,,,5.0,,Rawabi,Active
2026-06-21,Vegetables,Tomato Tommys Pkt ( ),Tomato,Spain,500g,,,44.0,,,88.0,Family,Active
2026-06-21,Vegetables,Tomatoes Cherry Plum,Tomato,,250g,,,20.0,,,80.0,Family,Active
2026-06-21,Vegetables,Turmeric,Turmeric,India,,,,3.5,,,,,Active
2026-06-21,Vegetables,Turmeric,Turmeric,India,1kg,,17.5,,,17.5,,Rawabi,Active
2026-06-21,Vegetables,Turmeric,Turmeric,India,250g,,4.5,,,18.0,,Rawabi,Active
2026-06-21,Vegetables,Turmeric -Packet,Turmeric,Thailand,,,6.5,,,,,,Active
2026-06-21,Vegetables,Jalapeno Hot Red Pepper,Chillies & Spicy,Usa,,,,,,,,,Market Out
2026-06-21,Vegetables,Bagal,Other Vegetables,,,,,,,,,,Market Out
2026-06-21,Vegetables,Tomato Cherry Red Vine,Tomato,,,,,,,,,,Market Out
2026-06-20,Fruits,Banana Flower,Banana,India,,,,17.5,,,,,Active
2026-06-20,Fruits,Banana Green,Banana,India,,,,5.5,,,,,Active
2026-06-20,Fruits,Physalis,Berries,,125g,,,11.0,,,88.0,Family,Active
2026-06-20,Fruits,Fresh Shredded Coconut (By Sea),Coconut,India,,,,3.0,,,,,Active
2026-06-20,Fruits,Mushroom Chestnut -,Fresh Nuts,Holland,,,,15.5,,,,,Active
2026-06-20,Fruits,Ash Banana,Green Banana,Sri Lanka,,,,9.5,,,,,Active
2026-06-20,Fruits,Curry Banana,Green Banana,India,,,,9.0,,,,,Active
2026-06-20,Vegetables,Beetroot Cooked,Beetroot,,500g,,,22.0,,,44.0,Family,Active
2026-06-20,Vegetables,Cabbage,Cabbage & Broccoli,India,,,,8.75,,,,,Active
2026-06-20,Vegetables,Cabbage,Cabbage & Broccoli,Qatar,,,,2.25,,,,,Active
2026-06-20,Vegetables,Cabbage Sliced,Cabbage & Broccoli,,1kg,,,10.0,,,10.0,Family,Active
2026-06-20,Vegetables,Kohi,Cabbage & Broccoli,Bangladesh,,,,17.0,,,,,Active
2026-06-20,Vegetables,Capsicum,Capsicum,Qatar,,,,6.0,,,,,Active
2026-06-20,Vegetables,Capsicum Mix Pkt,Capsicum,Holland,4.0pcs,,,29.0,,,7250.0,Family,Active
2026-06-20,Vegetables,Capsicum Orange,Capsicum,Holland,,,,11.0,,,,,Active
2026-06-20,Vegetables,Capsicum Red,Capsicum,Holland,,,,12.0,,,,,Active
2026-06-20,Vegetables,Capsicum Yellow,Capsicum,Holland,,,,11.25,,,,,Active
2026-06-20,Vegetables,Carrot,Carrots,Australia,,,,4.5,,,,,Active
2026-06-20,Vegetables,Chow Chow (Chayote),Chayote,India,,,,8.75,,,,,Active
2026-06-20,Vegetables,Chilly Red,Chillies & Spicy,Holland,,,,15.0,,,,,Active
2026-06-20,Vegetables,Chilly Round Green,Chillies & Spicy,India,,,,9.5,,,,,Active
2026-06-20,Vegetables,Ginger,Chillies & Spicy,China,,,,2.25,,,,,Active
2026-06-20,Vegetables,Green Chilli,Chillies & Spicy,Uganda,,,,6.0,,,,,Active
2026-06-20,Vegetables,Hot Chilli,Chillies & Spicy,Qatar,,,,2.88,,,,,Active
2026-06-20,Vegetables,Jalapeno Hot Red Pepper,Chillies & Spicy,Usa,,,,65.0,,,,,Active
2026-06-20,Vegetables,Pinakbet Mixed,Combo Pack,,1kg,,,25.0,,,25.0,Family,Active
2026-06-20,Vegetables,Sambar Mixed Vegetable,Combo Pack,,,,,10.0,,,,,Active
2026-06-20,Vegetables,Baby Corn,Corns & Baby Corn,Thailand,125g,,,8.0,,,64.0,Family,Active
2026-06-20,Vegetables,Fruit'O Snack Boiled Sweet Corn Cob,Corns & Baby Corn,,270g,,,6.0,,,22.22,Family,Active
2026-06-20,Vegetables,Sweet Corn,Corns & Baby Corn,Jordan,,,,8.5,,,,,Active
2026-06-20,Vegetables,Marrow (Kusa),Courgettes & Artichoke,Qatar,,,,3.75,,,,,Active
2026-06-20,Vegetables,Cucumber,Cucumber,Qatar,,,,3.75,,,,,Active
2026-06-20,Vegetables,Vellary Indian,Cucumber,India,1kg,,,19.0,,,19.0,Family,Active
2026-06-20,Vegetables,Garlic,Garlic,India,,,,12.25,,,,,Active
2026-06-20,Vegetables,Garlic,Garlic,Egypt,,,,8.0,,,,,Active
2026-06-20,Vegetables,Garlic Loose,Garlic,,,,,2.25,,,,,Active
2026-06-20,Vegetables,Garlic Small Pkt ( ),Garlic,China,,,,5.0,,,,,Active
2026-06-20,Vegetables,Peeled Garlic,Garlic,,250g,,,8.5,,,34.0,Family,Active
2026-06-20,Vegetables,Ash Gourd(Kumbalam),Gourds,India,,,,17.5,,,,,Active
2026-06-20,Vegetables,Ivy Gourd (Tindly),Gourds,India,,,,10.0,,,,,Active
2026-06-20,Vegetables,Ridge Gourd,Gourds,India,,,,9.75,,,,,Active
2026-06-20,Vegetables,Snake Gourd,Gourds,India,,,,9.0,,,,,Active
2026-06-20,Vegetables,Celery,Herbs,Spain,,,,19.0,,,,,Active
2026-06-20,Vegetables,Coriander (Ksa),Herbs,,,,,3.5,,,,,Active
2026-06-20,Vegetables,Fennel,Herbs,,,,,20.0,,,,,Active
2026-06-20,Vegetables,Green Basil ( ),Herbs,Kenya,,,,16.0,,,,,Active
2026-06-20,Vegetables,Lemon Grass,Herbs,,,,,5.5,,,,,Active
2026-06-20,Vegetables,Parsely (Ksa),Herbs,,,,,10.0,,,,,Active
2026-06-20,Vegetables,Thyme Green Thin,Herbs,,,,,16.0,,,,,Active
2026-06-20,Vegetables,Bhindi (Lady'S Finger),Lady Finger,India,,,,9.25,,,,,Active
2026-06-20,Vegetables,Baby Spinach,Leafy Vegetables,Italy,125g,,,14.0,,,112.0,Family,Active
2026-06-20,Vegetables,Lettuce Bionda/ Rossa Mix,Leafy Vegetables,,125g,,,14.0,,,112.0,Family,Active
2026-06-20,Vegetables,Lettuce Boston Soft,Leafy Vegetables,Holland,,,,16.25,,,,,Active
2026-06-20,Vegetables,Lettuce Gem Tray,Leafy Vegetables,Spain,,,,15.0,,,,,Active
2026-06-20,Vegetables,Lettuce Lollo Rossa,Leafy Vegetables,,,,,18.75,,,,,Active
2026-06-20,Vegetables,Red Chard Mix,Leafy Vegetables,Italy,125g,,,10.0,,,80.0,Family,Active
2026-06-20,Vegetables,Rocket Leaves,Leafy Vegetables,Italy,125g,,,14.0,,,112.0,Family,Active
2026-06-20,Vegetables,Leeks,Leeks/Spring Onions,Holland,,,,9.5,,,,,Active
2026-06-20,Vegetables,Agrico Eggplant,Mushrooms,Qatar,,,,7.5,,,,,Active
2026-06-20,Vegetables,Agrico Mushroom White Bottom,Mushrooms,Qatar,250g,,,7.0,,,28.0,Family,Active
2026-06-20,Vegetables,Mushroom Slice,Mushrooms,Qatar,,,,8.5,,,,,Active
2026-06-20,Vegetables,Mushrooms Portobello,Mushrooms,,,,,19.5,,,,,Active
2026-06-20,Vegetables,Onion Small,Onion,India,,,,5.0,,,,,Active
2026-06-20,Vegetables,Onion Yemen,Onion,,,,,4.5,,,,,Active
2026-06-20,Vegetables,Amla (Gooseberry),Other Vegetables,India,,,,11.0,,,,,Active
2026-06-20,Vegetables,Bagal,Other Vegetables,,,,,5.0,,,,,Active
2026-06-20,Vegetables,Drumstick,Other Vegetables,India,,,,9.5,,,,,Active
2026-06-20,Vegetables,Drumstick Leaves Pkt ( ),Other Vegetables,India,150g,,,5.5,,,36.67,Family,Active
2026-06-20,Vegetables,Eggplant,Other Vegetables,Holland,,,,28.0,,,,,Active
2026-06-20,Vegetables,Eggplant Purple,Other Vegetables,Qatar,,,,8.5,,,,,Active
2026-06-20,Vegetables,Premium Eggplant Pkt,Other Vegetables,Qatar,1kg,,,7.5,,,7.5,Family,Active
2026-06-20,Vegetables,Cluster Beans,Peas & Beans,India,,,,9.5,,,,,Active
2026-06-20,Vegetables,Indian Beans,Peas & Beans,India,,,,10.0,,,,,Active
2026-06-20,Vegetables,Aravi Big,Potatoes & Starchy Vegetables,India,,,,8.0,,,,,Active
2026-06-20,Vegetables,Potatoes White Chat Small,Potatoes & Starchy Vegetables,Australia,,,,27.0,,,,,Active
2026-06-20,Vegetables,Sweet Potato,Potatoes & Starchy Vegetables,Bangladesh,,,,17.0,,,,,Active
2026-06-20,Vegetables,Sweet Potato,Potatoes & Starchy Vegetables,Usa,,,,17.5,,,,,Active
2026-06-20,Vegetables,Taro Root,Potatoes & Starchy Vegetables,,,,,53.0,,,,,Active
2026-06-20,Vegetables,Pumpkin Mathan Green,Pumpkin,India,,,,13.75,,,,,Active
2026-06-20,Vegetables,Pumpkin Medium,Pumpkin,India,,,,8.75,,,,,Active
2026-06-20,Vegetables,Red Radish,Raddish,Holland,1kg,,,32.0,,,32.0,Family,Active
2026-06-20,Vegetables,Red Radish Poly Bag,Raddish,,125g,,,6.5,,,52.0,Family,Active
2026-06-20,Vegetables,Arigni Green Gram Sprouts,Sprouts,,200g,,,5.75,,,28.75,Family,Active
2026-06-20,Vegetables,Mung Bean Sprouts Pkts,Sprouts,,,,,6.5,,,,,Active
2026-06-20,Vegetables,Tomato,Tomato,Oman,,,,1.75,,,,,Active
2026-06-20,Vegetables,Tomato,Tomato,Qatar,,,,2.5,,,,,Active
2026-06-20,Vegetables,Tomato Cherry Red Vine,Tomato,,,,,12.5,,,,,Active
2026-06-20,Vegetables,Tomato Syria,Tomato,,,,,2.5,,,,,Active
2026-06-20,Vegetables,Tomato Tommys Pkt ( ),Tomato,Spain,500g,,,44.0,,,88.0,Family,Active
2026-06-20,Vegetables,Tomatoes Cherry Plum,Tomato,,250g,,,20.0,,,80.0,Family,Active
2026-06-20,Vegetables,Turmeric,Turmeric,India,,,,3.5,,,,,Active
2026-06-20,Vegetables,Hot Chilli Gazali,Chillies & Spicy,Qatar,,,,,,,,,Market Out
2026-06-20,Vegetables,Shimenji White Mushroom,Mushrooms,,150g,,,,,,,,Market Out
2026-06-20,Vegetables,Beans,Peas & Beans,Qatar,,,,,,,,,Market Out
2026-06-20,Vegetables,Potato,Potatoes & Starchy Vegetables,,,,,,,,,,Market Out
2026-06-20,Vegetables,Yam Indian,Potatoes & Starchy Vegetables,India,,,,,,,,,Market Out
2026-06-19,Fruits,Banana Flower,Banana,India,,,,17.5,,,,,Active
2026-06-19,Fruits,Banana Green,Banana,India,,,,5.5,,,,,Active
2026-06-19,Fruits,Physalis,Berries,,125g,,,11.0,,,88.0,Family,Active
2026-06-19,Fruits,Fresh Shredded Coconut (By Sea),Coconut,India,,,,3.0,,,,,Active
2026-06-19,Fruits,Mushroom Chestnut -,Fresh Nuts,Holland,,,,15.5,,,,,Active
2026-06-19,Fruits,Ash Banana,Green Banana,Sri Lanka,,,,9.5,,,,,Active
2026-06-19,Fruits,Curry Banana,Green Banana,India,,,,9.0,,,,,Active
2026-06-19,Vegetables,Beetroot Cooked,Beetroot,,500g,,,22.0,,,44.0,Family,Active
2026-06-19,Vegetables,Cabbage,Cabbage & Broccoli,India,,,,8.75,,,,,Active
2026-06-19,Vegetables,Cabbage,Cabbage & Broccoli,Qatar,,,,2.25,,,,,Active
2026-06-19,Vegetables,Cabbage Sliced,Cabbage & Broccoli,,1kg,,,10.0,,,10.0,Family,Active
2026-06-19,Vegetables,Kohi,Cabbage & Broccoli,Bangladesh,,,,17.0,,,,,Active
2026-06-19,Vegetables,Capsicum,Capsicum,Qatar,,,,6.0,,,,,Active
2026-06-19,Vegetables,Capsicum Mix Pkt,Capsicum,Holland,4.0pcs,,,29.0,,,7250.0,Family,Active
2026-06-19,Vegetables,Capsicum Orange,Capsicum,Holland,,,,11.0,,,,,Active
2026-06-19,Vegetables,Capsicum Red,Capsicum,Holland,,,,12.0,,,,,Active
2026-06-19,Vegetables,Capsicum Yellow,Capsicum,Holland,,,,11.25,,,,,Active
2026-06-19,Vegetables,Carrot,Carrots,Australia,,,,4.5,,,,,Active
2026-06-19,Vegetables,Chow Chow (Chayote),Chayote,India,,,,8.75,,,,,Active
2026-06-19,Vegetables,Chilly Red,Chillies & Spicy,Holland,,,,15.0,,,,,Active
2026-06-19,Vegetables,Chilly Round Green,Chillies & Spicy,India,,,,9.5,,,,,Active
2026-06-19,Vegetables,Ginger,Chillies & Spicy,China,,,,2.25,,,,,Active
2026-06-19,Vegetables,Green Chilli,Chillies & Spicy,Uganda,,,,6.0,,,,,Active
2026-06-19,Vegetables,Hot Chilli,Chillies & Spicy,Qatar,,,,2.88,,,,,Active
2026-06-19,Vegetables,Hot Chilli Gazali,Chillies & Spicy,Qatar,,,,11.5,,,,,Active
2026-06-19,Vegetables,Jalapeno Hot Red Pepper,Chillies & Spicy,Usa,,,,65.0,,,,,Active
2026-06-19,Vegetables,Pinakbet Mixed,Combo Pack,,1kg,,,25.0,,,25.0,Family,Active
2026-06-19,Vegetables,Sambar Mixed Vegetable,Combo Pack,,,,,10.0,,,,,Active
2026-06-19,Vegetables,Baby Corn,Corns & Baby Corn,Thailand,125g,,,8.0,,,64.0,Family,Active
2026-06-19,Vegetables,Fruit'O Snack Boiled Sweet Corn Cob,Corns & Baby Corn,,270g,,,6.0,,,22.22,Family,Active
2026-06-19,Vegetables,Marrow (Kusa),Courgettes & Artichoke,Qatar,,,,3.75,,,,,Active
2026-06-19,Vegetables,Cucumber,Cucumber,Qatar,,,,3.75,,,,,Active
2026-06-19,Vegetables,Vellary Indian,Cucumber,India,1kg,,,19.0,,,19.0,Family,Active
2026-06-19,Vegetables,Garlic,Garlic,Egypt,,,,8.0,,,,,Active
2026-06-19,Vegetables,Garlic,Garlic,India,,,,12.25,,,,,Active
2026-06-19,Vegetables,Garlic Loose,Garlic,,,,,2.25,,,,,Active
2026-06-19,Vegetables,Garlic Small Pkt ( ),Garlic,China,,,,5.0,,,,,Active
2026-06-19,Vegetables,Peeled Garlic,Garlic,,250g,,,8.5,,,34.0,Family,Active
2026-06-19,Vegetables,Ash Gourd(Kumbalam),Gourds,India,,,,17.5,,,,,Active
2026-06-19,Vegetables,Ivy Gourd (Tindly),Gourds,India,,,,10.0,,,,,Active
2026-06-19,Vegetables,Ridge Gourd,Gourds,India,,,,9.75,,,,,Active
2026-06-19,Vegetables,Snake Gourd,Gourds,India,,,,9.0,,,,,Active
2026-06-19,Vegetables,Celery,Herbs,Spain,,,,19.0,,,,,Active
2026-06-19,Vegetables,Coriander (Ksa),Herbs,,,,,3.5,,,,,Active
2026-06-19,Vegetables,Fennel,Herbs,,,,,20.0,,,,,Active
2026-06-19,Vegetables,Green Basil ( ),Herbs,Kenya,,,,16.0,,,,,Active
2026-06-19,Vegetables,Lemon Grass,Herbs,,,,,5.5,,,,,Active
2026-06-19,Vegetables,Parsely (Ksa),Herbs,,,,,10.0,,,,,Active
2026-06-19,Vegetables,Thyme Green Thin,Herbs,,,,,16.0,,,,,Active
2026-06-19,Vegetables,Bhindi (Lady'S Finger),Lady Finger,India,,,,9.25,,,,,Active
2026-06-19,Vegetables,Baby Spinach,Leafy Vegetables,Italy,125g,,,14.0,,,112.0,Family,Active
2026-06-19,Vegetables,Lettuce Bionda/ Rossa Mix,Leafy Vegetables,,125g,,,14.0,,,112.0,Family,Active
2026-06-19,Vegetables,Lettuce Boston Soft,Leafy Vegetables,Holland,,,,16.25,,,,,Active
2026-06-19,Vegetables,Lettuce Gem Tray,Leafy Vegetables,Spain,,,,15.0,,,,,Active
2026-06-19,Vegetables,Red Chard Mix,Leafy Vegetables,Italy,125g,,,10.0,,,80.0,Family,Active
2026-06-19,Vegetables,Rocket Leaves,Leafy Vegetables,Italy,125g,,,14.0,,,112.0,Family,Active
2026-06-19,Vegetables,Leeks,Leeks/Spring Onions,Holland,,,,9.5,,,,,Active
2026-06-19,Vegetables,Agrico Eggplant,Mushrooms,Qatar,,,,7.5,,,,,Active
2026-06-19,Vegetables,Agrico Mushroom White Bottom,Mushrooms,Qatar,250g,,,7.0,,,28.0,Family,Active
2026-06-19,Vegetables,Mushroom Slice,Mushrooms,Qatar,,,,8.5,,,,,Active
2026-06-19,Vegetables,Mushrooms Portobello,Mushrooms,,,,,19.5,,,,,Active
2026-06-19,Vegetables,Shimenji White Mushroom,Mushrooms,,150g,,,12.0,,,80.0,Family,Active
2026-06-19,Vegetables,Onion Yemen,Onion,,,,,4.5,,,,,Active
2026-06-19,Vegetables,Amla (Gooseberry),Other Vegetables,India,,,,11.0,,,,,Active
2026-06-19,Vegetables,Bagal,Other Vegetables,,,,,5.0,,,,,Active
2026-06-19,Vegetables,Drumstick,Other Vegetables,India,,,,9.5,,,,,Active
2026-06-19,Vegetables,Eggplant,Other Vegetables,Holland,,,,28.0,,,,,Active
2026-06-19,Vegetables,Eggplant Purple,Other Vegetables,Qatar,,,,8.5,,,,,Active
2026-06-19,Vegetables,Premium Eggplant Pkt,Other Vegetables,Qatar,1kg,,,7.5,,,7.5,Family,Active
2026-06-19,Vegetables,Beans,Peas & Beans,Qatar,,,,6.5,,,,,Active
2026-06-19,Vegetables,Cluster Beans,Peas & Beans,India,,,,9.5,,,,,Active
2026-06-19,Vegetables,Indian Beans,Peas & Beans,India,,,,10.0,,,,,Active
2026-06-19,Vegetables,Aravi Big,Potatoes & Starchy Vegetables,India,,,,8.0,,,,,Active
2026-06-19,Vegetables,Potato,Potatoes & Starchy Vegetables,,,,,3.5,,,,,Active
2026-06-19,Vegetables,Potatoes White Chat Small,Potatoes & Starchy Vegetables,Australia,,,,27.0,,,,,Active
2026-06-19,Vegetables,Sweet Potato,Potatoes & Starchy Vegetables,Bangladesh,,,,17.0,,,,,Active
2026-06-19,Vegetables,Taro Root,Potatoes & Starchy Vegetables,,,,,53.0,,,,,Active
2026-06-19,Vegetables,Yam Indian,Potatoes & Starchy Vegetables,India,,,,6.5,,,,,Active
2026-06-19,Vegetables,Pumpkin Mathan Green,Pumpkin,India,,,,13.75,,,,,Active
2026-06-19,Vegetables,Pumpkin Medium,Pumpkin,India,,,,8.75,,,,,Active
2026-06-19,Vegetables,Red Radish,Raddish,Holland,1kg,,,32.0,,,32.0,Family,Active
2026-06-19,Vegetables,Red Radish Poly Bag,Raddish,,125g,,,6.5,,,52.0,Family,Active
2026-06-19,Vegetables,Tomato,Tomato,Qatar,,,,2.75,,,,,Active
2026-06-19,Vegetables,Tomato,Tomato,Oman,,,,1.75,,,,,Active
2026-06-19,Vegetables,Tomato Cherry Red Vine,Tomato,,,,,12.5,,,,,Active
2026-06-19,Vegetables,Tomato Syria,Tomato,,,,,2.5,,,,,Active
2026-06-19,Vegetables,Tomato Tommys Pkt ( ),Tomato,Spain,500g,,,44.0,,,88.0,Family,Active
2026-06-19,Vegetables,Tomatoes Cherry Plum,Tomato,,250g,,,20.0,,,80.0,Family,Active
2026-06-19,Vegetables,Turmeric,Turmeric,India,,,,3.5,,,,,Active
2026-06-18,Fruits,Banana Flower,Banana,India,,,,17.5,,,,,Active
2026-06-18,Fruits,Banana Green,Banana,India,,,,5.5,,,,,Active
2026-06-18,Fruits,Physalis,Berries,,125g,,,11.0,,,88.0,Family,Active
2026-06-18,Fruits,Fresh Shredded Coconut (By Sea),Coconut,India,,,,3.0,,,,,Active
2026-06-18,Fruits,Mushroom Chestnut -,Fresh Nuts,Holland,,,,15.5,,,,,Active
2026-06-18,Fruits,Ash Banana,Green Banana,Sri Lanka,,,,9.5,,,,,Active
2026-06-18,Fruits,Curry Banana,Green Banana,India,,,,9.0,,,,,Active
2026-06-18,Vegetables,Beetroot Cooked,Beetroot,,500g,,,22.0,,,44.0,Family,Active
2026-06-18,Vegetables,Cabbage,Cabbage & Broccoli,India,,,,8.75,,,,,Active
2026-06-18,Vegetables,Cabbage,Cabbage & Broccoli,Qatar,,,,2.25,,,,,Active
2026-06-18,Vegetables,Cabbage Sliced,Cabbage & Broccoli,,1kg,,,10.0,,,10.0,Family,Active
2026-06-18,Vegetables,Kohi,Cabbage & Broccoli,Bangladesh,,,,17.0,,,,,Active
2026-06-18,Vegetables,Capsicum,Capsicum,Qatar,,,,6.0,,,,,Active
2026-06-18,Vegetables,Capsicum Mix Pkt,Capsicum,Holland,4.0pcs,,,29.0,,,7250.0,Family,Active
2026-06-18,Vegetables,Capsicum Orange,Capsicum,Holland,,,,11.0,,,,,Active
2026-06-18,Vegetables,Capsicum Red,Capsicum,Holland,,,,12.0,,,,,Active
2026-06-18,Vegetables,Capsicum Yellow,Capsicum,Holland,,,,11.25,,,,,Active
2026-06-18,Vegetables,Carrot,Carrots,Australia,,,,4.5,,,,,Active
2026-06-18,Vegetables,Chow Chow (Chayote),Chayote,India,,,,8.75,,,,,Active
2026-06-18,Vegetables,Chilly Red,Chillies & Spicy,Holland,,,,15.0,,,,,Active
2026-06-18,Vegetables,Chilly Round Green,Chillies & Spicy,India,,,,9.5,,,,,Active
2026-06-18,Vegetables,Ginger,Chillies & Spicy,China,,,,2.25,,,,,Active
2026-06-18,Vegetables,Hot Chilli,Chillies & Spicy,Qatar,,,,2.88,,,,,Active
2026-06-18,Vegetables,Hot Chilli Gazali,Chillies & Spicy,Qatar,,,,11.5,,,,,Active
2026-06-18,Vegetables,Jalapeno Hot Red Pepper,Chillies & Spicy,Usa,,,,65.0,,,,,Active
2026-06-18,Vegetables,Pinakbet Mixed,Combo Pack,,1kg,,,25.0,,,25.0,Family,Active
2026-06-18,Vegetables,Sambar Mixed Vegetable,Combo Pack,,,,,10.0,,,,,Active
2026-06-18,Vegetables,Baby Corn,Corns & Baby Corn,Thailand,125g,,,8.0,,,64.0,Family,Active
2026-06-18,Vegetables,Fruit'O Snack Boiled Sweet Corn Cob,Corns & Baby Corn,,270g,,,6.0,,,22.22,Family,Active
2026-06-18,Vegetables,Marrow (Kusa),Courgettes & Artichoke,Qatar,,,,3.75,,,,,Active
2026-06-18,Vegetables,Cucumber,Cucumber,Qatar,,,,3.75,,,,,Active
2026-06-18,Vegetables,Vellary Indian,Cucumber,India,1kg,,,19.0,,,19.0,Family,Active
2026-06-18,Vegetables,Garlic,Garlic,India,,,,12.25,,,,,Active
2026-06-18,Vegetables,Garlic,Garlic,Egypt,,,,8.0,,,,,Active
2026-06-18,Vegetables,Garlic Loose,Garlic,,,,,2.25,,,,,Active
2026-06-18,Vegetables,Garlic Small Pkt ( ),Garlic,China,,,,5.0,,,,,Active
2026-06-18,Vegetables,Peeled Garlic,Garlic,,250g,,,8.5,,,34.0,Family,Active
2026-06-18,Vegetables,Ash Gourd(Kumbalam),Gourds,India,,,,17.5,,,,,Active
2026-06-18,Vegetables,Ivy Gourd (Tindly),Gourds,India,,,,10.0,,,,,Active
2026-06-18,Vegetables,Ridge Gourd,Gourds,India,,,,9.75,,,,,Active
2026-06-18,Vegetables,Snake Gourd,Gourds,India,,,,9.0,,,,,Active
2026-06-18,Vegetables,Celery,Herbs,Spain,,,,19.0,,,,,Active
2026-06-18,Vegetables,Coriander (Ksa),Herbs,,,,,3.5,,,,,Active
2026-06-18,Vegetables,Fennel,Herbs,,,,,20.0,,,,,Active
2026-06-18,Vegetables,Green Basil ( ),Herbs,Kenya,,,,16.0,,,,,Active
2026-06-18,Vegetables,Lemon Grass,Herbs,,,,,5.5,,,,,Active
2026-06-18,Vegetables,Parsely (Ksa),Herbs,,,,,10.0,,,,,Active
2026-06-18,Vegetables,Thyme Green Thin,Herbs,,,,,16.0,,,,,Active
2026-06-18,Vegetables,Bhindi (Lady'S Finger),Lady Finger,India,,,,7.5,,,,,Active
2026-06-18,Vegetables,Baby Spinach,Leafy Vegetables,Italy,125g,,,14.0,,,112.0,Family,Active
2026-06-18,Vegetables,Lettuce Bionda/ Rossa Mix,Leafy Vegetables,,125g,,,14.0,,,112.0,Family,Active
2026-06-18,Vegetables,Lettuce Boston Soft,Leafy Vegetables,Holland,,,,16.25,,,,,Active
2026-06-18,Vegetables,Lettuce Gem Tray,Leafy Vegetables,Spain,,,,15.0,,,,,Active
2026-06-18,Vegetables,Red Chard Mix,Leafy Vegetables,Italy,125g,,,10.0,,,80.0,Family,Active
2026-06-18,Vegetables,Rocket Leaves,Leafy Vegetables,Italy,125g,,,14.0,,,112.0,Family,Active
2026-06-18,Vegetables,Leeks,Leeks/Spring Onions,Holland,,,,9.5,,,,,Active
2026-06-18,Vegetables,Agrico Eggplant,Mushrooms,Qatar,,,,7.5,,,,,Active
2026-06-18,Vegetables,Agrico Mushroom White Bottom,Mushrooms,Qatar,250g,,,7.0,,,28.0,Family,Active
2026-06-18,Vegetables,Mushroom Slice,Mushrooms,Qatar,,,,8.5,,,,,Active
2026-06-18,Vegetables,Mushrooms Portobello,Mushrooms,,,,,19.5,,,,,Active
2026-06-18,Vegetables,Shimenji White Mushroom,Mushrooms,,150g,,,12.0,,,80.0,Family,Active
2026-06-18,Vegetables,Onion Yemen,Onion,,,,,4.5,,,,,Active
2026-06-18,Vegetables,Amla (Gooseberry),Other Vegetables,India,,,,11.0,,,,,Active
2026-06-18,Vegetables,Bagal,Other Vegetables,,,,,5.0,,,,,Active
2026-06-18,Vegetables,Drumstick,Other Vegetables,India,,,,7.5,,,,,Active
2026-06-18,Vegetables,Eggplant,Other Vegetables,Holland,,,,28.0,,,,,Active
2026-06-18,Vegetables,Eggplant Purple,Other Vegetables,Qatar,,,,8.5,,,,,Active
2026-06-18,Vegetables,Premium Eggplant Pkt,Other Vegetables,Qatar,1kg,,,7.5,,,7.5,Family,Active
2026-06-18,Vegetables,Cluster Beans,Peas & Beans,India,,,,9.5,,,,,Active
2026-06-18,Vegetables,Indian Beans,Peas & Beans,India,,,,10.0,,,,,Active
2026-06-18,Vegetables,Aravi Big,Potatoes & Starchy Vegetables,India,,,,8.0,,,,,Active
2026-06-18,Vegetables,Potato,Potatoes & Starchy Vegetables,,,,,3.5,,,,,Active
2026-06-18,Vegetables,Potatoes White Chat Small,Potatoes & Starchy Vegetables,Australia,,,,27.0,,,,,Active
2026-06-18,Vegetables,Sweet Potato,Potatoes & Starchy Vegetables,Bangladesh,,,,17.0,,,,,Active
2026-06-18,Vegetables,Taro Root,Potatoes & Starchy Vegetables,,,,,53.0,,,,,Active
2026-06-18,Vegetables,Yam Indian,Potatoes & Starchy Vegetables,India,,,,6.5,,,,,Active
2026-06-18,Vegetables,Pumpkin Mathan Green,Pumpkin,India,,,,13.75,,,,,Active
2026-06-18,Vegetables,Pumpkin Medium,Pumpkin,India,,,,8.75,,,,,Active
2026-06-18,Vegetables,Red Radish,Raddish,Holland,1kg,,,32.0,,,32.0,Family,Active
2026-06-18,Vegetables,Red Radish Poly Bag,Raddish,,125g,,,6.5,,,52.0,Family,Active
2026-06-18,Vegetables,Tomato,Tomato,Oman,,,,1.75,,,,,Active
2026-06-18,Vegetables,Tomato,Tomato,Qatar,,,,2.75,,,,,Active
2026-06-18,Vegetables,Tomato Cherry Red Vine,Tomato,,,,,12.5,,,,,Active
2026-06-18,Vegetables,Tomato Syria,Tomato,,,,,2.5,,,,,Active
2026-06-18,Vegetables,Tomato Tommys Pkt ( ),Tomato,Spain,500g,,,44.0,,,88.0,Family,Active
2026-06-18,Vegetables,Tomatoes Cherry Plum,Tomato,,250g,,,20.0,,,80.0,Family,Active
2026-06-18,Vegetables,Turmeric,Turmeric,India,,,,3.5,,,,,Active
2026-06-18,Vegetables,Jalapeno Peppers,Chillies & Spicy,,,,,,,,,,Market Out
2026-06-18,Vegetables,Mixed Chilli Red & Green Pkt,Chillies & Spicy,,,,,,,,,,Market Out
2026-06-18,Vegetables,Sweet Corn,Corns & Baby Corn,Jordan,,,,,,,,,Market Out
2026-06-18,Vegetables,Dhundul,Gourds,Bangladesh,,,,,,,,,Market Out
2026-06-18,Vegetables,Lettuce,Leafy Vegetables,Lebanon,,,,,,,,,Market Out
2026-06-18,Vegetables,Lettuce Lollo Rossa,Leafy Vegetables,,,,,,,,,,Market Out
2026-06-18,Vegetables,Onion Small,Onion,India,,,,,,,,,Market Out
2026-06-18,Vegetables,Aloe Vera,Other Vegetables,,,,,,,,,,Market Out
2026-06-18,Vegetables,Mung Bean Sprouts Pkts,Sprouts,,,,,,,,,,Market Out
2026-06-17,Fruits,Banana Flower,Banana,India,,,,17.5,,,,,Active
2026-06-17,Fruits,Banana Green,Banana,India,,,,4.5,,,,,Active
2026-06-17,Fruits,Physalis,Berries,,125g,,,15.0,,,120.0,Family,Active
2026-06-17,Fruits,Fresh Shredded Coconut (By Sea),Coconut,India,,,,3.0,,,,,Active
2026-06-17,Fruits,Mushroom Chestnut -,Fresh Nuts,Holland,,,,15.5,,,,,Active
2026-06-17,Fruits,Ash Banana,Green Banana,Sri Lanka,,,,9.5,,,,,Active
2026-06-17,Vegetables,Beetroot Cooked,Beetroot,,500g,,,22.0,,,44.0,Family,Active
2026-06-17,Vegetables,Cabbage,Cabbage & Broccoli,Qatar,,,,2.25,,,,,Active
2026-06-17,Vegetables,Cabbage,Cabbage & Broccoli,India,,,,8.75,,,,,Active
2026-06-17,Vegetables,Cabbage Sliced,Cabbage & Broccoli,,1kg,,,10.0,,,10.0,Family,Active
2026-06-17,Vegetables,Kohi,Cabbage & Broccoli,Bangladesh,,,,17.0,,,,,Active
2026-06-17,Vegetables,Capsicum,Capsicum,Qatar,,,,6.0,,,,,Active
2026-06-17,Vegetables,Capsicum Mix Pkt,Capsicum,Holland,4.0pcs,,,29.0,,,7250.0,Family,Active
2026-06-17,Vegetables,Capsicum Orange,Capsicum,Holland,,,,11.0,,,,,Active
2026-06-17,Vegetables,Capsicum Red,Capsicum,Holland,,,,12.0,,,,,Active
2026-06-17,Vegetables,Capsicum Yellow,Capsicum,Holland,,,,11.25,,,,,Active
2026-06-17,Vegetables,Carrot,Carrots,Australia,,,,4.75,,,,,Active
2026-06-17,Vegetables,Chow Chow (Chayote),Chayote,India,,,,8.75,,,,,Active
2026-06-17,Vegetables,Chilly Red,Chillies & Spicy,Holland,,,,15.0,,,,,Active
2026-06-17,Vegetables,Chilly Round Green,Chillies & Spicy,India,,,,9.5,,,,,Active
2026-06-17,Vegetables,Ginger,Chillies & Spicy,China,,,,2.25,,,,,Active
2026-06-17,Vegetables,Hot Chilli,Chillies & Spicy,Qatar,,,,2.88,,,,,Active
2026-06-17,Vegetables,Jalapeno Hot Red Pepper,Chillies & Spicy,Usa,,,,65.0,,,,,Active
2026-06-17,Vegetables,Jalapeno Peppers,Chillies & Spicy,,,,,14.5,,,,,Active
2026-06-17,Vegetables,Mixed Chilli Red & Green Pkt,Chillies & Spicy,,,,,8.0,,,,,Active
2026-06-17,Vegetables,Pinakbet Mixed,Combo Pack,,1kg,,,25.0,,,25.0,Family,Active
2026-06-17,Vegetables,Sambar Mixed Vegetable,Combo Pack,,,,,10.0,,,,,Active
2026-06-17,Vegetables,Baby Corn,Corns & Baby Corn,Thailand,125g,,,8.0,,,64.0,Family,Active
2026-06-17,Vegetables,Fruit'O Snack Boiled Sweet Corn Cob,Corns & Baby Corn,,270g,,,6.0,,,22.22,Family,Active
2026-06-17,Vegetables,Sweet Corn,Corns & Baby Corn,Jordan,,,,8.5,,,,,Active
2026-06-17,Vegetables,Marrow (Kusa),Courgettes & Artichoke,Qatar,,,,3.75,,,,,Active
2026-06-17,Vegetables,Cucumber,Cucumber,Qatar,,,,3.75,,,,,Active
2026-06-17,Vegetables,Vellary Indian,Cucumber,India,1kg,,,19.0,,,19.0,Family,Active
2026-06-17,Vegetables,Garlic,Garlic,India,,,,12.25,,,,,Active
2026-06-17,Vegetables,Garlic,Garlic,Egypt,,,,8.0,,,,,Active
2026-06-17,Vegetables,Garlic Loose,Garlic,,,,,2.25,,,,,Active
2026-06-17,Vegetables,Garlic Small Pkt ( ),Garlic,China,,,,5.0,,,,,Active
2026-06-17,Vegetables,Peeled Garlic,Garlic,,250g,,,8.5,,,34.0,Family,Active
2026-06-17,Vegetables,Ash Gourd(Kumbalam),Gourds,India,,,,17.5,,,,,Active
2026-06-17,Vegetables,Dhundul,Gourds,Bangladesh,,,,17.0,,,,,Active
2026-06-17,Vegetables,Ivy Gourd (Tindly),Gourds,India,,,,10.0,,,,,Active
2026-06-17,Vegetables,Ridge Gourd,Gourds,India,,,,9.75,,,,,Active
2026-06-17,Vegetables,Snake Gourd,Gourds,India,,,,9.0,,,,,Active
2026-06-17,Vegetables,Celery,Herbs,Spain,,,,19.0,,,,,Active
2026-06-17,Vegetables,Coriander (Ksa),Herbs,,,,,3.25,,,,,Active
2026-06-17,Vegetables,Fennel,Herbs,,,,,20.0,,,,,Active
2026-06-17,Vegetables,Green Basil ( ),Herbs,Kenya,,,,16.0,,,,,Active
2026-06-17,Vegetables,Lemon Grass,Herbs,,,,,5.5,,,,,Active
2026-06-17,Vegetables,Parsely (Ksa),Herbs,,,,,10.0,,,,,Active
2026-06-17,Vegetables,Thyme Green Thin,Herbs,,,,,16.0,,,,,Active
2026-06-17,Vegetables,Bhindi (Lady'S Finger),Lady Finger,India,,,,7.5,,,,,Active
2026-06-17,Vegetables,Baby Spinach,Leafy Vegetables,Italy,125g,,,14.0,,,112.0,Family,Active
2026-06-17,Vegetables,Lettuce,Leafy Vegetables,Lebanon,,,,8.75,,,,,Active
2026-06-17,Vegetables,Lettuce Bionda/ Rossa Mix,Leafy Vegetables,,125g,,,14.0,,,112.0,Family,Active
2026-06-17,Vegetables,Lettuce Boston Soft,Leafy Vegetables,Holland,,,,16.25,,,,,Active
2026-06-17,Vegetables,Lettuce Gem Tray,Leafy Vegetables,Spain,,,,15.0,,,,,Active
2026-06-17,Vegetables,Lettuce Lollo Rossa,Leafy Vegetables,,,,,18.75,,,,,Active
2026-06-17,Vegetables,Red Chard Mix,Leafy Vegetables,Italy,125g,,,10.0,,,80.0,Family,Active
2026-06-17,Vegetables,Rocket Leaves,Leafy Vegetables,Italy,125g,,,14.0,,,112.0,Family,Active
2026-06-17,Vegetables,Leeks,Leeks/Spring Onions,Holland,,,,9.5,,,,,Active
2026-06-17,Vegetables,Agrico Mushroom White Bottom,Mushrooms,Qatar,250g,,,7.0,,,28.0,Family,Active
2026-06-17,Vegetables,Mushroom Slice,Mushrooms,Qatar,,,,8.5,,,,,Active
2026-06-17,Vegetables,Mushrooms Portobello,Mushrooms,,,,,19.5,,,,,Active
2026-06-17,Vegetables,Shimenji White Mushroom,Mushrooms,,150g,,,12.0,,,80.0,Family,Active
2026-06-17,Vegetables,Onion Small,Onion,India,,,,5.0,,,,,Active
2026-06-17,Vegetables,Onion Yemen,Onion,,,,,4.5,,,,,Active
2026-06-17,Vegetables,Aloe Vera,Other Vegetables,,,,,30.0,,,,,Active
2026-06-17,Vegetables,Amla (Gooseberry),Other Vegetables,India,,,,11.0,,,,,Active
2026-06-17,Vegetables,Bagal,Other Vegetables,,,,,5.0,,,,,Active
2026-06-17,Vegetables,Drumstick,Other Vegetables,India,,,,7.5,,,,,Active
2026-06-17,Vegetables,Eggplant,Other Vegetables,Holland,,,,28.0,,,,,Active
2026-06-17,Vegetables,Eggplant Purple,Other Vegetables,Qatar,,,,8.5,,,,,Active
2026-06-17,Vegetables,Premium Eggplant Pkt,Other Vegetables,Qatar,1kg,,,7.5,,,7.5,Family,Active
2026-06-17,Vegetables,Cluster Beans,Peas & Beans,India,,,,9.5,,,,,Active
2026-06-17,Vegetables,Indian Beans,Peas & Beans,India,,,,10.0,,,,,Active
2026-06-17,Vegetables,Aravi Big,Potatoes & Starchy Vegetables,India,,,,8.0,,,,,Active
2026-06-17,Vegetables,Potato,Potatoes & Starchy Vegetables,Egypt,,,,3.0,,,,,Active
2026-06-17,Vegetables,Potato,Potatoes & Starchy Vegetables,,,,,3.5,,,,,Active
2026-06-17,Vegetables,Potatoes White Chat Small,Potatoes & Starchy Vegetables,Australia,,,,27.0,,,,,Active
2026-06-17,Vegetables,Sweet Potato,Potatoes & Starchy Vegetables,Usa,,,,17.5,,,,,Active
2026-06-17,Vegetables,Sweet Potato,Potatoes & Starchy Vegetables,Bangladesh,,,,17.0,,,,,Active
2026-06-17,Vegetables,Taro Root,Potatoes & Starchy Vegetables,,,,,53.0,,,,,Active
2026-06-17,Vegetables,Yam Indian,Potatoes & Starchy Vegetables,India,,,,6.5,,,,,Active
2026-06-17,Vegetables,Pumpkin Mathan Green,Pumpkin,India,,,,13.75,,,,,Active
2026-06-17,Vegetables,Pumpkin Medium,Pumpkin,India,,,,8.75,,,,,Active
2026-06-17,Vegetables,Red Radish,Raddish,Holland,1kg,,,37.0,,,37.0,Family,Active
2026-06-17,Vegetables,Red Radish Poly Bag,Raddish,,125g,,,6.5,,,52.0,Family,Active
2026-06-17,Vegetables,Mung Bean Sprouts Pkts,Sprouts,,,,,6.5,,,,,Active
2026-06-17,Vegetables,Tomato,Tomato,Oman,,,,1.75,,,,,Active
2026-06-17,Vegetables,Tomato,Tomato,Qatar,,,,2.75,,,,,Active
2026-06-17,Vegetables,Tomato Cherry Red Vine,Tomato,,,,,12.5,,,,,Active
2026-06-17,Vegetables,Tomato Syria,Tomato,,,,,2.5,,,,,Active
2026-06-17,Vegetables,Tomato Tommys Pkt ( ),Tomato,Spain,500g,,,44.0,,,88.0,Family,Active
2026-06-17,Vegetables,Tomatoes Cherry Plum,Tomato,,250g,,,20.0,,,80.0,Family,Active
2026-06-17,Vegetables,Turmeric,Turmeric,India,,,,3.5,,,,,Active
2026-06-17,Vegetables,Lettuce Iceberg,Leafy Vegetables,,,,,,,,,,Market Out
2026-06-16,Fruits,Banana Flower,Banana,India,,,,17.5,,,,,Active
2026-06-16,Fruits,Banana Green,Banana,India,,,,4.5,,,,,Active
2026-06-16,Fruits,Physalis,Berries,,125g,,,15.0,,,120.0,Family,Active
2026-06-16,Fruits,Fresh Shredded Coconut (By Sea),Coconut,India,,,,3.0,,,,,Active
2026-06-16,Fruits,Mushroom Chestnut -,Fresh Nuts,Holland,,,,15.5,,,,,Active
2026-06-16,Fruits,Ash Banana,Green Banana,Sri Lanka,,,,9.5,,,,,Active
2026-06-16,Vegetables,Beetroot Cooked,Beetroot,,500g,,,22.0,,,44.0,Family,Active
2026-06-16,Vegetables,Cabbage,Cabbage & Broccoli,India,,,,8.75,,,,,Active
2026-06-16,Vegetables,Cabbage Sliced,Cabbage & Broccoli,,1kg,,,10.0,,,10.0,Family,Active
2026-06-16,Vegetables,Capsicum,Capsicum,Qatar,,,,6.0,,,,,Active
2026-06-16,Vegetables,Capsicum Mix Pkt,Capsicum,Holland,4.0pcs,,,29.0,,,7250.0,Family,Active
2026-06-16,Vegetables,Capsicum Orange,Capsicum,Holland,,,,11.0,,,,,Active
2026-06-16,Vegetables,Capsicum Red,Capsicum,Holland,,,,12.0,,,,,Active
2026-06-16,Vegetables,Capsicum Yellow,Capsicum,Holland,,,,11.25,,,,,Active
2026-06-16,Vegetables,Carrot,Carrots,Australia,,,,4.75,,,,,Active
2026-06-16,Vegetables,Chow Chow (Chayote),Chayote,India,,,,8.75,,,,,Active
2026-06-16,Vegetables,Chilly Red,Chillies & Spicy,Holland,,,,15.0,,,,,Active
2026-06-16,Vegetables,Chilly Round Green,Chillies & Spicy,India,,,,9.5,,,,,Active
2026-06-16,Vegetables,Ginger,Chillies & Spicy,China,,,,2.25,,,,,Active
2026-06-16,Vegetables,Hot Chilli,Chillies & Spicy,Qatar,,,,2.88,,,,,Active
2026-06-16,Vegetables,Jalapeno Hot Red Pepper,Chillies & Spicy,Usa,,,,65.0,,,,,Active
2026-06-16,Vegetables,Mixed Chilli Red & Green Pkt,Chillies & Spicy,,,,,8.0,,,,,Active
2026-06-16,Vegetables,Pinakbet Mixed,Combo Pack,,1kg,,,25.0,,,25.0,Family,Active
2026-06-16,Vegetables,Sambar Mixed Vegetable,Combo Pack,,,,,10.0,,,,,Active
2026-06-16,Vegetables,Baby Corn,Corns & Baby Corn,Thailand,125g,,,8.0,,,64.0,Family,Active
2026-06-16,Vegetables,Fruit'O Snack Boiled Sweet Corn Cob,Corns & Baby Corn,,270g,,,6.0,,,22.22,Family,Active
2026-06-16,Vegetables,Sweet Corn,Corns & Baby Corn,Jordan,,,,8.5,,,,,Active
2026-06-16,Vegetables,Vellary Indian,Cucumber,India,1kg,,,19.0,,,19.0,Family,Active
2026-06-16,Vegetables,Garlic,Garlic,India,,,,12.25,,,,,Active
2026-06-16,Vegetables,Garlic,Garlic,Egypt,,,,8.0,,,,,Active
2026-06-16,Vegetables,Garlic Loose,Garlic,,,,,2.13,,,,,Active
2026-06-16,Vegetables,Garlic Small Pkt ( ),Garlic,China,,,,5.0,,,,,Active
2026-06-16,Vegetables,Peeled Garlic,Garlic,,250g,,,8.5,,,34.0,Family,Active
2026-06-16,Vegetables,Ash Gourd(Kumbalam),Gourds,India,,,,17.5,,,,,Active
2026-06-16,Vegetables,Ivy Gourd (Tindly),Gourds,India,,,,10.0,,,,,Active
2026-06-16,Vegetables,Ridge Gourd,Gourds,India,,,,9.75,,,,,Active
2026-06-16,Vegetables,Snake Gourd,Gourds,India,,,,9.0,,,,,Active
2026-06-16,Vegetables,Celery,Herbs,Spain,,,,19.0,,,,,Active
2026-06-16,Vegetables,Coriander (Ksa),Herbs,,,,,3.25,,,,,Active
2026-06-16,Vegetables,Fennel,Herbs,,,,,20.0,,,,,Active
2026-06-16,Vegetables,Green Basil ( ),Herbs,Kenya,,,,16.0,,,,,Active
2026-06-16,Vegetables,Lemon Grass,Herbs,,,,,5.5,,,,,Active
2026-06-16,Vegetables,Parsely (Ksa),Herbs,,,,,10.0,,,,,Active
2026-06-16,Vegetables,Thyme Green Thin,Herbs,,,,,16.0,,,,,Active
2026-06-16,Vegetables,Bhindi (Lady'S Finger),Lady Finger,India,,,,7.5,,,,,Active
2026-06-16,Vegetables,Baby Spinach,Leafy Vegetables,Italy,125g,,,14.0,,,112.0,Family,Active
2026-06-16,Vegetables,Lettuce,Leafy Vegetables,Lebanon,,,,8.75,,,,,Active
2026-06-16,Vegetables,Lettuce Bionda/ Rossa Mix,Leafy Vegetables,,125g,,,14.0,,,112.0,Family,Active
2026-06-16,Vegetables,Lettuce Boston Soft,Leafy Vegetables,Holland,,,,16.25,,,,,Active
2026-06-16,Vegetables,Lettuce Gem Tray,Leafy Vegetables,Spain,,,,15.0,,,,,Active
2026-06-16,Vegetables,Lettuce Iceberg,Leafy Vegetables,,,,,24.0,,,,,Active
2026-06-16,Vegetables,Lettuce Lollo Rossa,Leafy Vegetables,,,,,18.75,,,,,Active
2026-06-16,Vegetables,Red Chard Mix,Leafy Vegetables,Italy,125g,,,10.0,,,80.0,Family,Active
2026-06-16,Vegetables,Rocket Leaves,Leafy Vegetables,Italy,125g,,,14.0,,,112.0,Family,Active
2026-06-16,Vegetables,Leeks,Leeks/Spring Onions,Holland,,,,9.5,,,,,Active
2026-06-16,Vegetables,Agrico Mushroom White Bottom,Mushrooms,Qatar,250g,,,7.0,,,28.0,Family,Active
2026-06-16,Vegetables,Mushroom Slice,Mushrooms,Qatar,,,,8.5,,,,,Active
2026-06-16,Vegetables,Mushrooms Portobello,Mushrooms,,,,,19.5,,,,,Active
2026-06-16,Vegetables,Shimenji White Mushroom,Mushrooms,,150g,,,12.0,,,80.0,Family,Active
2026-06-16,Vegetables,Onion Small,Onion,India,,,,5.0,,,,,Active
2026-06-16,Vegetables,Onion Yemen,Onion,,,,,4.5,,,,,Active
2026-06-16,Vegetables,Aloe Vera,Other Vegetables,,,,,30.0,,,,,Active
2026-06-16,Vegetables,Amla (Gooseberry),Other Vegetables,India,,,,11.0,,,,,Active
2026-06-16,Vegetables,Drumstick,Other Vegetables,India,,,,7.5,,,,,Active
2026-06-16,Vegetables,Eggplant,Other Vegetables,Holland,,,,28.0,,,,,Active
2026-06-16,Vegetables,Cluster Beans,Peas & Beans,India,,,,9.5,,,,,Active
2026-06-16,Vegetables,Indian Beans,Peas & Beans,India,,,,10.0,,,,,Active
2026-06-16,Vegetables,Aravi Big,Potatoes & Starchy Vegetables,India,,,,8.0,,,,,Active
2026-06-16,Vegetables,Potato,Potatoes & Starchy Vegetables,Egypt,,,,3.0,,,,,Active
2026-06-16,Vegetables,Potatoes White Chat Small,Potatoes & Starchy Vegetables,Australia,,,,27.0,,,,,Active
2026-06-16,Vegetables,Sweet Potato,Potatoes & Starchy Vegetables,Usa,,,,17.5,,,,,Active
2026-06-16,Vegetables,Taro Root,Potatoes & Starchy Vegetables,,,,,53.0,,,,,Active
2026-06-16,Vegetables,Yam Indian,Potatoes & Starchy Vegetables,India,,,,6.5,,,,,Active
2026-06-16,Vegetables,Pumpkin Mathan Green,Pumpkin,India,,,,13.75,,,,,Active
2026-06-16,Vegetables,Pumpkin Medium,Pumpkin,India,,,,8.75,,,,,Active
2026-06-16,Vegetables,Red Radish,Raddish,Holland,1kg,,,37.0,,,37.0,Family,Active
2026-06-16,Vegetables,Red Radish Poly Bag,Raddish,,125g,,,6.5,,,52.0,Family,Active
2026-06-16,Vegetables,Mung Bean Sprouts Pkts,Sprouts,,,,,6.5,,,,,Active
2026-06-16,Vegetables,Tomato,Tomato,Oman,,,,1.75,,,,,Active
2026-06-16,Vegetables,Tomato Cherry Red Vine,Tomato,,,,,12.5,,,,,Active
2026-06-16,Vegetables,Tomato Syria,Tomato,,,,,2.25,,,,,Active
2026-06-16,Vegetables,Tomato Tommys Pkt ( ),Tomato,Spain,500g,,,44.0,,,88.0,Family,Active
2026-06-16,Vegetables,Tomatoes Cherry Plum,Tomato,,250g,,,20.0,,,80.0,Family,Active
2026-06-16,Vegetables,Turmeric,Turmeric,India,,,,3.5,,,,,Active
2026-06-16,Vegetables,Green Chilli,Chillies & Spicy,Uganda,,,,,,,,,Market Out
2026-06-16,Vegetables,Dhundul,Gourds,Bangladesh,,,,,,,,,Market Out
2026-06-16,Vegetables,Beans,Peas & Beans,Qatar,,,,,,,,,Market Out
2026-06-15,Fruits,Banana Flower,Banana,India,,,,17.5,,,,,Active
2026-06-15,Fruits,Banana Green,Banana,India,,,,4.5,,,,,Active
2026-06-15,Fruits,Physalis,Berries,,125g,,,15.0,,,120.0,Family,Active
2026-06-15,Fruits,Fresh Shredded Coconut (By Sea),Coconut,India,,,,3.0,,,,,Active
2026-06-15,Fruits,Mushroom Chestnut -,Fresh Nuts,Holland,,,,15.5,,,,,Active
2026-06-15,Vegetables,Beetroot Cooked,Beetroot,,500g,,,22.0,,,44.0,Family,Active
2026-06-15,Vegetables,Cabbage,Cabbage & Broccoli,India,,,,8.75,,,,,Active
2026-06-15,Vegetables,Cabbage,Cabbage & Broccoli,Qatar,,,,2.25,,,,,Active
2026-06-15,Vegetables,Cabbage Sliced,Cabbage & Broccoli,,1kg,,,10.0,,,10.0,Family,Active
2026-06-15,Vegetables,Capsicum,Capsicum,Qatar,,,,6.0,,,,,Active
2026-06-15,Vegetables,Capsicum Mix Pkt,Capsicum,Holland,4.0pcs,,,29.0,,,7250.0,Family,Active
2026-06-15,Vegetables,Capsicum Orange,Capsicum,Holland,,,,11.0,,,,,Active
2026-06-15,Vegetables,Capsicum Red,Capsicum,Holland,,,,12.0,,,,,Active
2026-06-15,Vegetables,Capsicum Yellow,Capsicum,Holland,,,,11.25,,,,,Active
2026-06-15,Vegetables,Carrot,Carrots,Australia,,,,4.75,,,,,Active
2026-06-15,Vegetables,Chow Chow (Chayote),Chayote,India,,,,8.75,,,,,Active
2026-06-15,Vegetables,Chilly Red,Chillies & Spicy,Holland,,,,15.0,,,,,Active
2026-06-15,Vegetables,Chilly Round Green,Chillies & Spicy,India,,,,9.5,,,,,Active
2026-06-15,Vegetables,Ginger,Chillies & Spicy,China,,,,2.25,,,,,Active
2026-06-15,Vegetables,Green Chilli,Chillies & Spicy,Uganda,,,,6.0,,,,,Active
2026-06-15,Vegetables,Hot Chilli,Chillies & Spicy,Qatar,,,,2.88,,,,,Active
2026-06-15,Vegetables,Jalapeno Hot Red Pepper,Chillies & Spicy,Usa,,,,65.0,,,,,Active
2026-06-15,Vegetables,Mixed Chilli Red & Green Pkt,Chillies & Spicy,,,,,8.0,,,,,Active
2026-06-15,Vegetables,Pinakbet Mixed,Combo Pack,,1kg,,,25.0,,,25.0,Family,Active
2026-06-15,Vegetables,Sambar Mixed Vegetable,Combo Pack,,,,,10.0,,,,,Active
2026-06-15,Vegetables,Baby Corn,Corns & Baby Corn,Thailand,125g,,,8.0,,,64.0,Family,Active
2026-06-15,Vegetables,Fruit'O Snack Boiled Sweet Corn Cob,Corns & Baby Corn,,270g,,,6.0,,,22.22,Family,Active
2026-06-15,Vegetables,Sweet Corn,Corns & Baby Corn,Jordan,,,,8.5,,,,,Active
2026-06-15,Vegetables,Vellary Indian,Cucumber,India,1kg,,,19.0,,,19.0,Family,Active
2026-06-15,Vegetables,Garlic,Garlic,Egypt,,,,8.0,,,,,Active
2026-06-15,Vegetables,Garlic,Garlic,India,,,,12.25,,,,,Active
2026-06-15,Vegetables,Garlic Loose,Garlic,,,,,2.13,,,,,Active
2026-06-15,Vegetables,Garlic Small Pkt ( ),Garlic,China,,,,5.0,,,,,Active
2026-06-15,Vegetables,Peeled Garlic,Garlic,,250g,,,8.5,,,34.0,Family,Active
2026-06-15,Vegetables,Ash Gourd(Kumbalam),Gourds,India,,,,17.5,,,,,Active
2026-06-15,Vegetables,Dhundul,Gourds,Bangladesh,,,,17.0,,,,,Active
2026-06-15,Vegetables,Ivy Gourd (Tindly),Gourds,India,,,,10.0,,,,,Active
2026-06-15,Vegetables,Ridge Gourd,Gourds,India,,,,9.75,,,,,Active
2026-06-15,Vegetables,Snake Gourd,Gourds,India,,,,9.0,,,,,Active
2026-06-15,Vegetables,Celery,Herbs,Spain,,,,19.0,,,,,Active
2026-06-15,Vegetables,Coriander (Ksa),Herbs,,,,,3.25,,,,,Active
2026-06-15,Vegetables,Fennel,Herbs,,,,,20.0,,,,,Active
2026-06-15,Vegetables,Green Basil ( ),Herbs,Kenya,,,,16.0,,,,,Active
2026-06-15,Vegetables,Lemon Grass,Herbs,,,,,5.5,,,,,Active
2026-06-15,Vegetables,Parsely (Ksa),Herbs,,,,,10.0,,,,,Active
2026-06-15,Vegetables,Thyme Green Thin,Herbs,,,,,16.0,,,,,Active
2026-06-15,Vegetables,Bhindi (Lady'S Finger),Lady Finger,India,,,,9.0,,,,,Active
2026-06-15,Vegetables,Baby Spinach,Leafy Vegetables,Italy,125g,,,14.0,,,112.0,Family,Active
2026-06-15,Vegetables,Lettuce,Leafy Vegetables,Lebanon,,,,8.75,,,,,Active
2026-06-15,Vegetables,Lettuce Bionda/ Rossa Mix,Leafy Vegetables,,125g,,,14.0,,,112.0,Family,Active
2026-06-15,Vegetables,Lettuce Boston Soft,Leafy Vegetables,Holland,,,,16.25,,,,,Active
2026-06-15,Vegetables,Lettuce Gem Tray,Leafy Vegetables,Spain,,,,15.0,,,,,Active
2026-06-15,Vegetables,Lettuce Iceberg,Leafy Vegetables,,,,,24.0,,,,,Active
2026-06-15,Vegetables,Lettuce Lollo Rossa,Leafy Vegetables,,,,,18.75,,,,,Active
2026-06-15,Vegetables,Red Chard Mix,Leafy Vegetables,Italy,125g,,,10.0,,,80.0,Family,Active
2026-06-15,Vegetables,Rocket Leaves,Leafy Vegetables,Italy,125g,,,14.0,,,112.0,Family,Active
2026-06-15,Vegetables,Leeks,Leeks/Spring Onions,Holland,,,,9.5,,,,,Active
2026-06-15,Vegetables,Agrico Mushroom White Bottom,Mushrooms,Qatar,250g,,,7.0,,,28.0,Family,Active
2026-06-15,Vegetables,Mushroom Slice,Mushrooms,Qatar,,,,8.5,,,,,Active
2026-06-15,Vegetables,Mushrooms Portobello,Mushrooms,,,,,19.5,,,,,Active
2026-06-15,Vegetables,Shimenji White Mushroom,Mushrooms,,150g,,,12.0,,,80.0,Family,Active
2026-06-15,Vegetables,Onion Small,Onion,India,,,,5.0,,,,,Active
2026-06-15,Vegetables,Onion Yemen,Onion,,,,,4.5,,,,,Active
2026-06-15,Vegetables,Aloe Vera,Other Vegetables,,,,,30.0,,,,,Active
2026-06-15,Vegetables,Amla (Gooseberry),Other Vegetables,India,,,,11.0,,,,,Active
2026-06-15,Vegetables,Drumstick,Other Vegetables,India,,,,7.5,,,,,Active
2026-06-15,Vegetables,Eggplant,Other Vegetables,Holland,,,,28.0,,,,,Active
2026-06-15,Vegetables,Beans,Peas & Beans,Qatar,,,,6.5,,,,,Active
2026-06-15,Vegetables,Cluster Beans,Peas & Beans,India,,,,9.5,,,,,Active
2026-06-15,Vegetables,Indian Beans,Peas & Beans,India,,,,10.0,,,,,Active
2026-06-15,Vegetables,Aravi Big,Potatoes & Starchy Vegetables,India,,,,8.75,,,,,Active
2026-06-15,Vegetables,Potato,Potatoes & Starchy Vegetables,Egypt,,,,3.0,,,,,Active
2026-06-15,Vegetables,Potatoes White Chat Small,Potatoes & Starchy Vegetables,Australia,,,,27.0,,,,,Active
2026-06-15,Vegetables,Sweet Potato,Potatoes & Starchy Vegetables,Usa,,,,17.5,,,,,Active
2026-06-15,Vegetables,Taro Root,Potatoes & Starchy Vegetables,,,,,53.0,,,,,Active
2026-06-15,Vegetables,Yam Indian,Potatoes & Starchy Vegetables,India,,,,6.5,,,,,Active
2026-06-15,Vegetables,Pumpkin Mathan Green,Pumpkin,India,,,,13.75,,,,,Active
2026-06-15,Vegetables,Pumpkin Medium,Pumpkin,India,,,,8.75,,,,,Active
2026-06-15,Vegetables,Red Radish,Raddish,Holland,1kg,,,37.0,,,37.0,Family,Active
2026-06-15,Vegetables,Red Radish Poly Bag,Raddish,,125g,,,6.5,,,52.0,Family,Active
2026-06-15,Vegetables,Mung Bean Sprouts Pkts,Sprouts,,,,,6.5,,,,,Active
2026-06-15,Vegetables,Tomato,Tomato,Oman,,,,2.5,,,,,Active
2026-06-15,Vegetables,Tomato Cherry Red Vine,Tomato,,,,,12.5,,,,,Active
2026-06-15,Vegetables,Tomato Syria,Tomato,,,,,2.5,,,,,Active
2026-06-15,Vegetables,Tomato Tommys Pkt ( ),Tomato,Spain,500g,,,44.0,,,88.0,Family,Active
2026-06-15,Vegetables,Tomatoes Cherry Plum,Tomato,,250g,,,20.0,,,80.0,Family,Active
2026-06-15,Vegetables,Turmeric,Turmeric,India,,,,3.5,,,,,Active
2026-06-15,Fruits,Fresh Coconut (By Air),Coconut,India,,,,,,,,,Market Out
2026-06-15,Vegetables,Marrow (Kusa),Courgettes & Artichoke,Qatar,,,,,,,,,Market Out
2026-06-15,Vegetables,Bagal,Other Vegetables,,,,,,,,,,Market Out
2026-06-15,Vegetables,Drumstick Leaves Pkt ( ),Other Vegetables,India,150g,,,,,,,,Market Out
2026-06-15,Vegetables,Premium Eggplant Pkt,Other Vegetables,Qatar,1kg,,,,,,,,Market Out
2026-06-15,Vegetables,Peas Mangetout/Snow/Podded Peas,Peas & Beans,,250g,,,,,,,,Market Out
2026-06-15,Vegetables,White Pumpkin,Pumpkin,Qatar,,,,,,,,,Market Out
2026-06-14,Fruits,Banana Flower,Banana,India,,,,17.5,,,,,Active
2026-06-14,Fruits,Banana Green,Banana,India,,,,4.5,,,,,Active
2026-06-14,Fruits,Physalis,Berries,,125g,,,15.0,,,120.0,Family,Active
2026-06-14,Fruits,Fresh Coconut (By Air),Coconut,India,,,,7.0,,,,,Active
2026-06-14,Fruits,Fresh Shredded Coconut (By Sea),Coconut,India,,,,3.0,,,,,Active
2026-06-14,Fruits,Mushroom Chestnut -,Fresh Nuts,Holland,,,,15.5,,,,,Active
2026-06-14,Vegetables,Beetroot Cooked,Beetroot,,500g,,,22.0,,,44.0,Family,Active
2026-06-14,Vegetables,Cabbage,Cabbage & Broccoli,India,,,,8.75,,,,,Active
2026-06-14,Vegetables,Cabbage Sliced,Cabbage & Broccoli,,1kg,,,10.0,,,10.0,Family,Active
2026-06-14,Vegetables,Capsicum,Capsicum,Qatar,,,,6.0,,,,,Active
2026-06-14,Vegetables,Capsicum Mix Pkt,Capsicum,Holland,4.0pcs,,,29.0,,,7250.0,Family,Active
2026-06-14,Vegetables,Capsicum Orange,Capsicum,Holland,,,,11.0,,,,,Active
2026-06-14,Vegetables,Capsicum Red,Capsicum,Holland,,,,12.0,,,,,Active
2026-06-14,Vegetables,Capsicum Yellow,Capsicum,Holland,,,,11.25,,,,,Active
2026-06-14,Vegetables,Carrot,Carrots,Australia,,,,4.75,,,,,Active
2026-06-14,Vegetables,Chow Chow (Chayote),Chayote,India,,,,8.75,,,,,Active
2026-06-14,Vegetables,Chilly Red,Chillies & Spicy,Holland,,,,15.0,,,,,Active
2026-06-14,Vegetables,Chilly Round Green,Chillies & Spicy,India,,,,9.5,,,,,Active
2026-06-14,Vegetables,Ginger,Chillies & Spicy,China,,,,2.0,,,,,Active
2026-06-14,Vegetables,Green Chilli,Chillies & Spicy,Uganda,,,,6.0,,,,,Active
2026-06-14,Vegetables,Green Chilli,Chillies & Spicy,India,,,,2.5,,,,,Active
2026-06-14,Vegetables,Hot Chilli,Chillies & Spicy,Qatar,,,,2.88,,,,,Active
2026-06-14,Vegetables,Jalapeno Hot Red Pepper,Chillies & Spicy,Usa,,,,65.0,,,,,Active
2026-06-14,Vegetables,Mixed Chilli Red & Green Pkt,Chillies & Spicy,,,,,8.0,,,,,Active
2026-06-14,Vegetables,Pinakbet Mixed,Combo Pack,,1kg,,,25.0,,,25.0,Family,Active
2026-06-14,Vegetables,Sambar Mixed Vegetable,Combo Pack,,,,,10.0,,,,,Active
2026-06-14,Vegetables,Baby Corn,Corns & Baby Corn,Thailand,125g,,,8.0,,,64.0,Family,Active
2026-06-14,Vegetables,Fruit'O Snack Boiled Sweet Corn Cob,Corns & Baby Corn,,270g,,,6.0,,,22.22,Family,Active
2026-06-14,Vegetables,Sweet Corn,Corns & Baby Corn,Jordan,,,,8.5,,,,,Active
2026-06-14,Vegetables,Marrow (Kusa),Courgettes & Artichoke,Qatar,,,,3.75,,,,,Active
2026-06-14,Vegetables,Vellary Indian,Cucumber,India,1kg,,,19.0,,,19.0,Family,Active
2026-06-14,Vegetables,Garlic,Garlic,Egypt,,,,8.0,,,,,Active
2026-06-14,Vegetables,Garlic,Garlic,India,,,,12.25,,,,,Active
2026-06-14,Vegetables,Garlic Loose,Garlic,,,,,2.13,,,,,Active
2026-06-14,Vegetables,Garlic Small Pkt ( ),Garlic,China,,,,5.0,,,,,Active
2026-06-14,Vegetables,Peeled Garlic,Garlic,,250g,,,8.5,,,34.0,Family,Active
2026-06-14,Vegetables,Ash Gourd(Kumbalam),Gourds,India,,,,17.5,,,,,Active
2026-06-14,Vegetables,Dhundul,Gourds,Bangladesh,,,,17.0,,,,,Active
2026-06-14,Vegetables,Ridge Gourd,Gourds,India,,,,9.75,,,,,Active
2026-06-14,Vegetables,Snake Gourd,Gourds,India,,,,9.0,,,,,Active
2026-06-14,Vegetables,Celery,Herbs,Spain,,,,19.0,,,,,Active
2026-06-14,Vegetables,Coriander (Ksa),Herbs,,,,,3.25,,,,,Active
2026-06-14,Vegetables,Fennel,Herbs,,,,,22.5,,,,,Active
2026-06-14,Vegetables,Green Basil ( ),Herbs,Kenya,,,,16.0,,,,,Active
2026-06-14,Vegetables,Lemon Grass,Herbs,,,,,5.5,,,,,Active
2026-06-14,Vegetables,Parsely (Ksa),Herbs,,,,,10.0,,,,,Active
2026-06-14,Vegetables,Thyme Green Thin,Herbs,,,,,16.0,,,,,Active
2026-06-14,Vegetables,Bhindi (Lady'S Finger),Lady Finger,India,,,,9.0,,,,,Active
2026-06-14,Vegetables,Baby Spinach,Leafy Vegetables,Italy,125g,,,14.0,,,112.0,Family,Active
2026-06-14,Vegetables,Lettuce,Leafy Vegetables,Lebanon,,,,8.75,,,,,Active
2026-06-14,Vegetables,Lettuce Bionda/ Rossa Mix,Leafy Vegetables,,125g,,,14.0,,,112.0,Family,Active
2026-06-14,Vegetables,Lettuce Boston Soft,Leafy Vegetables,Holland,,,,16.25,,,,,Active
2026-06-14,Vegetables,Lettuce Gem Tray,Leafy Vegetables,Spain,,,,15.0,,,,,Active
2026-06-14,Vegetables,Lettuce Iceberg,Leafy Vegetables,,,,,24.0,,,,,Active
2026-06-14,Vegetables,Lettuce Lollo Rossa,Leafy Vegetables,,,,,18.75,,,,,Active
2026-06-14,Vegetables,Red Chard Mix,Leafy Vegetables,Italy,125g,,,10.0,,,80.0,Family,Active
2026-06-14,Vegetables,Rocket Leaves,Leafy Vegetables,Italy,125g,,,14.0,,,112.0,Family,Active
2026-06-14,Vegetables,Leeks,Leeks/Spring Onions,Holland,,,,9.5,,,,,Active
2026-06-14,Vegetables,Agrico Mushroom White Bottom,Mushrooms,Qatar,250g,,,7.0,,,28.0,Family,Active
2026-06-14,Vegetables,Mushroom Slice,Mushrooms,Qatar,,,,8.5,,,,,Active
2026-06-14,Vegetables,Mushrooms Portobello,Mushrooms,,,,,19.5,,,,,Active
2026-06-14,Vegetables,Shimenji White Mushroom,Mushrooms,,150g,,,12.0,,,80.0,Family,Active
2026-06-14,Vegetables,Onion Small,Onion,India,,,,5.0,,,,,Active
2026-06-14,Vegetables,Onion Yemen,Onion,,,,,4.5,,,,,Active
2026-06-14,Vegetables,Aloe Vera,Other Vegetables,,,,,30.0,,,,,Active
2026-06-14,Vegetables,Amla (Gooseberry),Other Vegetables,India,,,,11.0,,,,,Active
2026-06-14,Vegetables,Bagal,Other Vegetables,,,,,5.0,,,,,Active
2026-06-14,Vegetables,Drumstick,Other Vegetables,India,,,,7.5,,,,,Active
2026-06-14,Vegetables,Drumstick Leaves Pkt ( ),Other Vegetables,India,150g,,,5.5,,,36.67,Family,Active
2026-06-14,Vegetables,Eggplant,Other Vegetables,Holland,,,,28.0,,,,,Active
2026-06-14,Vegetables,Premium Eggplant Pkt,Other Vegetables,Qatar,1kg,,,7.5,,,7.5,Family,Active
2026-06-14,Vegetables,Beans,Peas & Beans,Qatar,,,,6.5,,,,,Active
2026-06-14,Vegetables,Cluster Beans,Peas & Beans,India,,,,9.5,,,,,Active
2026-06-14,Vegetables,Peas Mangetout/Snow/Podded Peas,Peas & Beans,,250g,,,14.0,,,56.0,Family,Active
2026-06-14,Vegetables,Aravi Big,Potatoes & Starchy Vegetables,India,,,,8.75,,,,,Active
2026-06-14,Vegetables,Potato,Potatoes & Starchy Vegetables,Egypt,,,,3.0,,,,,Active
2026-06-14,Vegetables,Potato,Potatoes & Starchy Vegetables,,,,,3.5,,,,,Active
2026-06-14,Vegetables,Potatoes White Chat Small,Potatoes & Starchy Vegetables,Australia,,,,28.0,,,,,Active
2026-06-14,Vegetables,Sweet Potato,Potatoes & Starchy Vegetables,Usa,,,,17.5,,,,,Active
2026-06-14,Vegetables,Sweet Potato,Potatoes & Starchy Vegetables,Bangladesh,,,,17.0,,,,,Active
2026-06-14,Vegetables,Yam Indian,Potatoes & Starchy Vegetables,India,,,,6.5,,,,,Active
2026-06-14,Vegetables,Pumpkin Mathan Green,Pumpkin,India,,,,13.75,,,,,Active
2026-06-14,Vegetables,Pumpkin Medium,Pumpkin,India,,,,8.75,,,,,Active
2026-06-14,Vegetables,White Pumpkin,Pumpkin,Qatar,,,,7.5,,,,,Active
2026-06-14,Vegetables,Red Radish,Raddish,Holland,1kg,,,37.0,,,37.0,Family,Active
2026-06-14,Vegetables,Red Radish Poly Bag,Raddish,,125g,,,6.5,,,52.0,Family,Active
2026-06-14,Vegetables,Mung Bean Sprouts Pkts,Sprouts,,,,,6.5,,,,,Active
2026-06-14,Vegetables,Tomato,Tomato,Oman,,,,2.5,,,,,Active
2026-06-14,Vegetables,Tomato Cherry Red Vine,Tomato,,,,,12.5,,,,,Active
2026-06-14,Vegetables,Tomato Tommys Pkt ( ),Tomato,Spain,500g,,,44.0,,,88.0,Family,Active
2026-06-14,Vegetables,Tomatoes Cherry Plum,Tomato,,250g,,,20.0,,,80.0,Family,Active
2026-06-14,Vegetables,Turmeric,Turmeric,India,,,,3.5,,,,,Active
2026-06-14,Vegetables,Jalapeno Peppers,Chillies & Spicy,,,,,,,,,,Market Out
2026-06-14,Vegetables,Ivy Gourd (Tindly),Gourds,India,,,,,,,,,Market Out
2026-06-13,Fruits,Banana Flower,Banana,India,,,,17.5,,,,,Active
2026-06-13,Fruits,Banana Green,Banana,India,,,,4.5,,,,,Active
2026-06-13,Fruits,Physalis,Berries,,125g,,,15.0,,,120.0,Family,Active
2026-06-13,Fruits,Fresh Coconut (By Air),Coconut,India,,,,7.0,,,,,Active
2026-06-13,Fruits,Mushroom Chestnut -,Fresh Nuts,Holland,,,,15.5,,,,,Active
2026-06-13,Vegetables,Beetroot Cooked,Beetroot,,500g,,,22.0,,,44.0,Family,Active
2026-06-13,Vegetables,Cabbage,Cabbage & Broccoli,India,,,,8.75,,,,,Active
2026-06-13,Vegetables,Cabbage Sliced,Cabbage & Broccoli,,1kg,,,10.0,,,10.0,Family,Active
2026-06-13,Vegetables,Capsicum,Capsicum,Qatar,,,,6.0,,,,,Active
2026-06-13,Vegetables,Capsicum Mix Pkt,Capsicum,Holland,4.0pcs,,,29.0,,,7250.0,Family,Active
2026-06-13,Vegetables,Capsicum Orange,Capsicum,Holland,,,,11.0,,,,,Active
2026-06-13,Vegetables,Capsicum Red,Capsicum,Holland,,,,12.0,,,,,Active
2026-06-13,Vegetables,Capsicum Yellow,Capsicum,Holland,,,,11.25,,,,,Active
2026-06-13,Vegetables,Carrot,Carrots,Australia,,,,4.75,,,,,Active
2026-06-13,Vegetables,Chow Chow (Chayote),Chayote,India,,,,8.75,,,,,Active
2026-06-13,Vegetables,Chilly Red,Chillies & Spicy,Holland,,,,15.0,,,,,Active
2026-06-13,Vegetables,Chilly Round Green,Chillies & Spicy,India,,,,9.5,,,,,Active
2026-06-13,Vegetables,Ginger,Chillies & Spicy,China,,,,2.25,,,,,Active
2026-06-13,Vegetables,Green Chilli,Chillies & Spicy,Uganda,,,,6.0,,,,,Active
2026-06-13,Vegetables,Hot Chilli,Chillies & Spicy,Qatar,,,,2.88,,,,,Active
2026-06-13,Vegetables,Jalapeno Hot Red Pepper,Chillies & Spicy,Usa,,,,65.0,,,,,Active
2026-06-13,Vegetables,Jalapeno Peppers,Chillies & Spicy,,,,,14.5,,,,,Active
2026-06-13,Vegetables,Mixed Chilli Red & Green Pkt,Chillies & Spicy,,,,,8.0,,,,,Active
2026-06-13,Vegetables,Pinakbet Mixed,Combo Pack,,1kg,,,25.0,,,25.0,Family,Active
2026-06-13,Vegetables,Sambar Mixed Vegetable,Combo Pack,,,,,10.0,,,,,Active
2026-06-13,Vegetables,Baby Corn,Corns & Baby Corn,Thailand,125g,,,8.0,,,64.0,Family,Active
2026-06-13,Vegetables,Fruit'O Snack Boiled Sweet Corn Cob,Corns & Baby Corn,,270g,,,6.0,,,22.22,Family,Active
2026-06-13,Vegetables,Sweet Corn,Corns & Baby Corn,Jordan,,,,8.5,,,,,Active
2026-06-13,Vegetables,Marrow (Kusa),Courgettes & Artichoke,Qatar,,,,3.75,,,,,Active
2026-06-13,Vegetables,Vellary Indian,Cucumber,India,1kg,,,19.0,,,19.0,Family,Active
2026-06-13,Vegetables,Garlic,Garlic,Egypt,,,,8.0,,,,,Active
2026-06-13,Vegetables,Garlic,Garlic,India,,,,12.25,,,,,Active
2026-06-13,Vegetables,Garlic Loose,Garlic,,,,,2.25,,,,,Active
2026-06-13,Vegetables,Garlic Small Pkt ( ),Garlic,China,,,,5.0,,,,,Active
2026-06-13,Vegetables,Peeled Garlic,Garlic,,250g,,,8.5,,,34.0,Family,Active
2026-06-13,Vegetables,Ash Gourd(Kumbalam),Gourds,India,,,,17.5,,,,,Active
2026-06-13,Vegetables,Dhundul,Gourds,Bangladesh,,,,17.0,,,,,Active
2026-06-13,Vegetables,Ivy Gourd (Tindly),Gourds,India,,,,10.0,,,,,Active
2026-06-13,Vegetables,Ridge Gourd,Gourds,India,,,,9.75,,,,,Active
2026-06-13,Vegetables,Snake Gourd,Gourds,India,,,,9.0,,,,,Active
2026-06-13,Vegetables,Celery,Herbs,Spain,,,,19.0,,,,,Active
2026-06-13,Vegetables,Coriander (Ksa),Herbs,,,,,3.25,,,,,Active
2026-06-13,Vegetables,Fennel,Herbs,,,,,22.5,,,,,Active
2026-06-13,Vegetables,Green Basil ( ),Herbs,Kenya,,,,16.0,,,,,Active
2026-06-13,Vegetables,Lemon Grass,Herbs,,,,,5.5,,,,,Active
2026-06-13,Vegetables,Parsely (Ksa),Herbs,,,,,10.0,,,,,Active
2026-06-13,Vegetables,Thyme Green Thin,Herbs,,,,,16.0,,,,,Active
2026-06-13,Vegetables,Bhindi (Lady'S Finger),Lady Finger,India,,,,9.0,,,,,Active
2026-06-13,Vegetables,Baby Spinach,Leafy Vegetables,Italy,125g,,,14.0,,,112.0,Family,Active
2026-06-13,Vegetables,Lettuce,Leafy Vegetables,Lebanon,,,,8.75,,,,,Active
2026-06-13,Vegetables,Lettuce Bionda/ Rossa Mix,Leafy Vegetables,,125g,,,14.0,,,112.0,Family,Active
2026-06-13,Vegetables,Lettuce Boston Soft,Leafy Vegetables,Holland,,,,16.25,,,,,Active
2026-06-13,Vegetables,Lettuce Gem Tray,Leafy Vegetables,Spain,,,,15.0,,,,,Active
2026-06-13,Vegetables,Lettuce Iceberg,Leafy Vegetables,,,,,24.0,,,,,Active
2026-06-13,Vegetables,Lettuce Lollo Rossa,Leafy Vegetables,,,,,18.75,,,,,Active
2026-06-13,Vegetables,Red Chard Mix,Leafy Vegetables,Italy,125g,,,10.0,,,80.0,Family,Active
2026-06-13,Vegetables,Rocket Leaves,Leafy Vegetables,Italy,125g,,,14.0,,,112.0,Family,Active
2026-06-13,Vegetables,Leeks,Leeks/Spring Onions,Holland,,,,9.5,,,,,Active
2026-06-13,Vegetables,Agrico Mushroom White Bottom,Mushrooms,Qatar,250g,,,7.0,,,28.0,Family,Active
2026-06-13,Vegetables,Mushroom Slice,Mushrooms,Qatar,,,,8.5,,,,,Active
2026-06-13,Vegetables,Mushrooms Portobello,Mushrooms,,,,,19.5,,,,,Active
2026-06-13,Vegetables,Shimenji White Mushroom,Mushrooms,,150g,,,12.0,,,80.0,Family,Active
2026-06-13,Vegetables,Onion Small,Onion,India,,,,5.0,,,,,Active
2026-06-13,Vegetables,Onion Yemen,Onion,,,,,4.5,,,,,Active
2026-06-13,Vegetables,Aloe Vera,Other Vegetables,,,,,30.0,,,,,Active
2026-06-13,Vegetables,Amla (Gooseberry),Other Vegetables,India,,,,11.0,,,,,Active
2026-06-13,Vegetables,Bagal,Other Vegetables,,,,,5.0,,,,,Active
2026-06-13,Vegetables,Drumstick,Other Vegetables,India,,,,7.5,,,,,Active
2026-06-13,Vegetables,Drumstick Leaves Pkt ( ),Other Vegetables,India,150g,,,5.5,,,36.67,Family,Active
2026-06-13,Vegetables,Eggplant,Other Vegetables,Holland,,,,28.0,,,,,Active
2026-06-13,Vegetables,Premium Eggplant Pkt,Other Vegetables,Qatar,1kg,,,7.5,,,7.5,Family,Active
2026-06-13,Vegetables,Beans,Peas & Beans,Qatar,,,,6.5,,,,,Active
2026-06-13,Vegetables,Cluster Beans,Peas & Beans,India,,,,9.5,,,,,Active
2026-06-13,Vegetables,Peas Mangetout/Snow/Podded Peas,Peas & Beans,,250g,,,14.0,,,56.0,Family,Active
2026-06-13,Vegetables,Aravi Big,Potatoes & Starchy Vegetables,India,,,,8.75,,,,,Active
2026-06-13,Vegetables,Potato,Potatoes & Starchy Vegetables,,,,,3.5,,,,,Active
2026-06-13,Vegetables,Potato,Potatoes & Starchy Vegetables,Egypt,,,,2.75,,,,,Active
2026-06-13,Vegetables,Potatoes White Chat Small,Potatoes & Starchy Vegetables,Australia,,,,28.0,,,,,Active
2026-06-13,Vegetables,Sweet Potato,Potatoes & Starchy Vegetables,Bangladesh,,,,17.0,,,,,Active
2026-06-13,Vegetables,Sweet Potato,Potatoes & Starchy Vegetables,Usa,,,,17.5,,,,,Active
2026-06-13,Vegetables,Yam Indian,Potatoes & Starchy Vegetables,India,,,,6.5,,,,,Active
2026-06-13,Vegetables,Pumpkin Mathan Green,Pumpkin,India,,,,13.75,,,,,Active
2026-06-13,Vegetables,Pumpkin Medium,Pumpkin,India,,,,8.75,,,,,Active
2026-06-13,Vegetables,White Pumpkin,Pumpkin,Qatar,,,,7.5,,,,,Active
2026-06-13,Vegetables,Red Radish,Raddish,Holland,1kg,,,37.0,,,37.0,Family,Active
2026-06-13,Vegetables,Red Radish Poly Bag,Raddish,,125g,,,6.5,,,52.0,Family,Active
2026-06-13,Vegetables,Mung Bean Sprouts Pkts,Sprouts,,,,,6.5,,,,,Active
2026-06-13,Vegetables,Tomato Cherry Red Vine,Tomato,,,,,12.5,,,,,Active
2026-06-13,Vegetables,Tomato Tommys Pkt ( ),Tomato,Spain,500g,,,44.0,,,88.0,Family,Active
2026-06-13,Vegetables,Tomatoes Cherry Plum,Tomato,,250g,,,20.0,,,80.0,Family,Active
2026-06-13,Vegetables,Turmeric,Turmeric,India,,,,3.5,,,,,Active
2026-06-13,Vegetables,Broccoli,Cabbage & Broccoli,,,,,,,,,,Market Out
2026-06-13,Vegetables,Kohi,Cabbage & Broccoli,Bangladesh,,,,,,,,,Market Out
2026-06-13,Vegetables,Cucumber,Cucumber,Qatar,,,,,,,,,Market Out
2026-06-13,Vegetables,Indian Beans,Peas & Beans,India,,,,,,,,,Market Out
2026-06-13,Vegetables,Tomato Syria,Tomato,,,,,,,,,,Market Out
2026-06-12,Fruits,Banana Flower,Banana,India,,,,17.5,,,,,Active
2026-06-12,Fruits,Banana Green,Banana,India,,,,4.5,,,,,Active
2026-06-12,Fruits,Physalis,Berries,,125g,,,15.0,,,120.0,Family,Active
2026-06-12,Fruits,Fresh Coconut (By Air),Coconut,India,,,,7.0,,,,,Active
2026-06-12,Fruits,Mushroom Chestnut -,Fresh Nuts,Holland,,,,15.5,,,,,Active
2026-06-12,Vegetables,Beetroot Cooked,Beetroot,,500g,,,22.0,,,44.0,Family,Active
2026-06-12,Vegetables,Broccoli,Cabbage & Broccoli,,,,,9.0,,,,,Active
2026-06-12,Vegetables,Cabbage,Cabbage & Broccoli,India,,,,8.75,,,,,Active
2026-06-12,Vegetables,Cabbage,Cabbage & Broccoli,Qatar,,,,2.25,,,,,Active
2026-06-12,Vegetables,Cabbage Sliced,Cabbage & Broccoli,,1kg,,,10.0,,,10.0,Family,Active
2026-06-12,Vegetables,Kohi,Cabbage & Broccoli,Bangladesh,,,,17.0,,,,,Active
2026-06-12,Vegetables,Capsicum,Capsicum,Qatar,,,,6.0,,,,,Active
2026-06-12,Vegetables,Capsicum Mix Pkt,Capsicum,Holland,4.0pcs,,,29.0,,,7250.0,Family,Active
2026-06-12,Vegetables,Capsicum Orange,Capsicum,Holland,,,,11.0,,,,,Active
2026-06-12,Vegetables,Capsicum Red,Capsicum,Holland,,,,12.0,,,,,Active
2026-06-12,Vegetables,Capsicum Yellow,Capsicum,Holland,,,,11.25,,,,,Active
2026-06-12,Vegetables,Carrot,Carrots,Australia,,,,4.75,,,,,Active
2026-06-12,Vegetables,Chow Chow (Chayote),Chayote,India,,,,8.75,,,,,Active
2026-06-12,Vegetables,Chilly Red,Chillies & Spicy,Holland,,,,15.0,,,,,Active
2026-06-12,Vegetables,Chilly Round Green,Chillies & Spicy,India,,,,9.5,,,,,Active
2026-06-12,Vegetables,Ginger,Chillies & Spicy,China,,,,2.25,,,,,Active
2026-06-12,Vegetables,Green Chilli,Chillies & Spicy,India,,,,2.75,,,,,Active
2026-06-12,Vegetables,Hot Chilli,Chillies & Spicy,Qatar,,,,3.13,,,,,Active
2026-06-12,Vegetables,Jalapeno Hot Red Pepper,Chillies & Spicy,Usa,,,,65.0,,,,,Active
2026-06-12,Vegetables,Jalapeno Peppers,Chillies & Spicy,,,,,14.5,,,,,Active
2026-06-12,Vegetables,Mixed Chilli Red & Green Pkt,Chillies & Spicy,,,,,8.0,,,,,Active
2026-06-12,Vegetables,Pinakbet Mixed,Combo Pack,,1kg,,,25.0,,,25.0,Family,Active
2026-06-12,Vegetables,Sambar Mixed Vegetable,Combo Pack,,,,,10.0,,,,,Active
2026-06-12,Vegetables,Baby Corn,Corns & Baby Corn,Thailand,125g,,,8.0,,,64.0,Family,Active
2026-06-12,Vegetables,Fruit'O Snack Boiled Sweet Corn Cob,Corns & Baby Corn,,270g,,,6.0,,,22.22,Family,Active
2026-06-12,Vegetables,Cucumber,Cucumber,Qatar,,,,3.0,,,,,Active
2026-06-12,Vegetables,Vellary Indian,Cucumber,India,1kg,,,19.0,,,19.0,Family,Active
2026-06-12,Vegetables,Garlic,Garlic,India,,,,12.25,,,,,Active
2026-06-12,Vegetables,Garlic,Garlic,Egypt,,,,8.0,,,,,Active
2026-06-12,Vegetables,Garlic Loose,Garlic,,,,,2.25,,,,,Active
2026-06-12,Vegetables,Garlic Small Pkt ( ),Garlic,China,,,,5.0,,,,,Active
2026-06-12,Vegetables,Peeled Garlic,Garlic,,250g,,,8.5,,,34.0,Family,Active
2026-06-12,Vegetables,Ash Gourd(Kumbalam),Gourds,India,,,,17.5,,,,,Active
2026-06-12,Vegetables,Dhundul,Gourds,Bangladesh,,,,17.0,,,,,Active
2026-06-12,Vegetables,Ivy Gourd (Tindly),Gourds,India,,,,10.0,,,,,Active
2026-06-12,Vegetables,Ridge Gourd,Gourds,India,,,,9.75,,,,,Active
2026-06-12,Vegetables,Snake Gourd,Gourds,India,,,,9.0,,,,,Active
2026-06-12,Vegetables,Celery,Herbs,Spain,,,,19.0,,,,,Active
2026-06-12,Vegetables,Coriander (Ksa),Herbs,,,,,3.25,,,,,Active
2026-06-12,Vegetables,Fennel,Herbs,,,,,22.5,,,,,Active
2026-06-12,Vegetables,Green Basil ( ),Herbs,Kenya,,,,16.0,,,,,Active
2026-06-12,Vegetables,Lemon Grass,Herbs,,,,,5.5,,,,,Active
2026-06-12,Vegetables,Parsely (Ksa),Herbs,,,,,10.0,,,,,Active
2026-06-12,Vegetables,Thyme Green Thin,Herbs,,,,,16.0,,,,,Active
2026-06-12,Vegetables,Bhindi (Lady'S Finger),Lady Finger,India,,,,9.0,,,,,Active
2026-06-12,Vegetables,Baby Spinach,Leafy Vegetables,Italy,125g,,,14.0,,,112.0,Family,Active
2026-06-12,Vegetables,Lettuce,Leafy Vegetables,Lebanon,,,,8.75,,,,,Active
2026-06-12,Vegetables,Lettuce Bionda/ Rossa Mix,Leafy Vegetables,,125g,,,14.0,,,112.0,Family,Active
2026-06-12,Vegetables,Lettuce Boston Soft,Leafy Vegetables,Holland,,,,16.25,,,,,Active
2026-06-12,Vegetables,Lettuce Gem Tray,Leafy Vegetables,Spain,,,,17.0,,,,,Active
2026-06-12,Vegetables,Lettuce Iceberg,Leafy Vegetables,,,,,24.0,,,,,Active
2026-06-12,Vegetables,Lettuce Lollo Rossa,Leafy Vegetables,,,,,18.75,,,,,Active
2026-06-12,Vegetables,Red Chard Mix,Leafy Vegetables,Italy,125g,,,10.0,,,80.0,Family,Active
2026-06-12,Vegetables,Rocket Leaves,Leafy Vegetables,Italy,125g,,,14.0,,,112.0,Family,Active
2026-06-12,Vegetables,Leeks,Leeks/Spring Onions,Holland,,,,9.5,,,,,Active
2026-06-12,Vegetables,Agrico Mushroom White Bottom,Mushrooms,Qatar,250g,,,7.0,,,28.0,Family,Active
2026-06-12,Vegetables,Mushroom Slice,Mushrooms,Qatar,,,,8.5,,,,,Active
2026-06-12,Vegetables,Mushrooms Portobello,Mushrooms,,,,,19.5,,,,,Active
2026-06-12,Vegetables,Shimenji White Mushroom,Mushrooms,,150g,,,12.0,,,80.0,Family,Active
2026-06-12,Vegetables,Onion Small,Onion,India,,,,5.0,,,,,Active
2026-06-12,Vegetables,Onion Yemen,Onion,,,,,4.5,,,,,Active
2026-06-12,Vegetables,Aloe Vera,Other Vegetables,,,,,30.0,,,,,Active
2026-06-12,Vegetables,Amla (Gooseberry),Other Vegetables,India,,,,11.0,,,,,Active
2026-06-12,Vegetables,Bagal,Other Vegetables,,,,,5.0,,,,,Active
2026-06-12,Vegetables,Drumstick,Other Vegetables,India,,,,7.5,,,,,Active
2026-06-12,Vegetables,Drumstick Leaves Pkt ( ),Other Vegetables,India,150g,,,5.5,,,36.67,Family,Active
2026-06-12,Vegetables,Eggplant,Other Vegetables,Holland,,,,28.0,,,,,Active
2026-06-12,Vegetables,Premium Eggplant Pkt,Other Vegetables,Qatar,1kg,,,7.5,,,7.5,Family,Active
2026-06-12,Vegetables,Beans,Peas & Beans,Qatar,,,,6.5,,,,,Active
2026-06-12,Vegetables,Cluster Beans,Peas & Beans,India,,,,9.5,,,,,Active
2026-06-12,Vegetables,Indian Beans,Peas & Beans,India,,,,10.0,,,,,Active
2026-06-12,Vegetables,Aravi Big,Potatoes & Starchy Vegetables,India,,,,8.75,,,,,Active
2026-06-12,Vegetables,Potato,Potatoes & Starchy Vegetables,Egypt,,,,2.75,,,,,Active
2026-06-12,Vegetables,Potato,Potatoes & Starchy Vegetables,,,,,3.5,,,,,Active
2026-06-12,Vegetables,Potatoes White Chat Small,Potatoes & Starchy Vegetables,Australia,,,,28.0,,,,,Active
2026-06-12,Vegetables,Sweet Potato,Potatoes & Starchy Vegetables,Usa,,,,17.5,,,,,Active
2026-06-12,Vegetables,Sweet Potato,Potatoes & Starchy Vegetables,Bangladesh,,,,17.0,,,,,Active
2026-06-12,Vegetables,Yam Indian,Potatoes & Starchy Vegetables,India,,,,6.5,,,,,Active
2026-06-12,Vegetables,Pumpkin Mathan Green,Pumpkin,India,,,,13.75,,,,,Active
2026-06-12,Vegetables,Pumpkin Medium,Pumpkin,India,,,,8.75,,,,,Active
2026-06-12,Vegetables,White Pumpkin,Pumpkin,Qatar,,,,7.5,,,,,Active
2026-06-12,Vegetables,Red Radish,Raddish,Holland,1kg,,,37.0,,,37.0,Family,Active
2026-06-12,Vegetables,Red Radish Poly Bag,Raddish,,125g,,,6.5,,,52.0,Family,Active
2026-06-12,Vegetables,Mung Bean Sprouts Pkts,Sprouts,,,,,6.5,,,,,Active
2026-06-12,Vegetables,Tomato Cherry Red Vine,Tomato,,,,,12.5,,,,,Active
2026-06-12,Vegetables,Tomato Syria,Tomato,,,,,2.5,,,,,Active
2026-06-12,Vegetables,Tomato Tommys Pkt ( ),Tomato,Spain,500g,,,44.0,,,88.0,Family,Active
2026-06-12,Vegetables,Tomatoes Cherry Plum,Tomato,,250g,,,20.0,,,80.0,Family,Active
2026-06-12,Vegetables,Turmeric,Turmeric,India,,,,3.5,,,,,Active
2026-06-11,Fruits,Banana Flower,Banana,India,,,,17.5,,,,,Active
2026-06-11,Fruits,Banana Green,Banana,India,,,,4.5,,,,,Active
2026-06-11,Fruits,Physalis,Berries,,125g,,,15.0,,,120.0,Family,Active
2026-06-11,Fruits,Fresh Coconut (By Air),Coconut,India,,,,7.0,,,,,Active
2026-06-11,Fruits,Mushroom Chestnut -,Fresh Nuts,Holland,,,,15.5,,,,,Active
2026-06-11,Vegetables,Beetroot Cooked,Beetroot,,500g,,,22.0,,,44.0,Family,Active
2026-06-11,Vegetables,Broccoli,Cabbage & Broccoli,,,,,9.0,,,,,Active
2026-06-11,Vegetables,Cabbage,Cabbage & Broccoli,Qatar,,,,2.25,,,,,Active
2026-06-11,Vegetables,Cabbage,Cabbage & Broccoli,India,,,,8.75,,,,,Active
2026-06-11,Vegetables,Cabbage Sliced,Cabbage & Broccoli,,1kg,,,10.0,,,10.0,Family,Active
2026-06-11,Vegetables,Kohi,Cabbage & Broccoli,Bangladesh,,,,17.0,,,,,Active
2026-06-11,Vegetables,Capsicum,Capsicum,Qatar,,,,6.0,,,,,Active
2026-06-11,Vegetables,Capsicum Mix Pkt,Capsicum,Holland,4.0pcs,,,29.0,,,7250.0,Family,Active
2026-06-11,Vegetables,Capsicum Orange,Capsicum,Holland,,,,11.0,,,,,Active
2026-06-11,Vegetables,Capsicum Red,Capsicum,Holland,,,,12.0,,,,,Active
2026-06-11,Vegetables,Capsicum Yellow,Capsicum,Holland,,,,11.25,,,,,Active
2026-06-11,Vegetables,Carrot,Carrots,Australia,,,,4.75,,,,,Active
2026-06-11,Vegetables,Chow Chow (Chayote),Chayote,India,,,,8.75,,,,,Active
2026-06-11,Vegetables,Chilly Red,Chillies & Spicy,Holland,,,,15.0,,,,,Active
2026-06-11,Vegetables,Chilly Round Green,Chillies & Spicy,India,,,,9.5,,,,,Active
2026-06-11,Vegetables,Ginger,Chillies & Spicy,China,,,,2.25,,,,,Active
2026-06-11,Vegetables,Green Chilli,Chillies & Spicy,India,,,,2.75,,,,,Active
2026-06-11,Vegetables,Green Chilli,Chillies & Spicy,Uganda,,,,6.0,,,,,Active
2026-06-11,Vegetables,Hot Chilli,Chillies & Spicy,Qatar,,,,3.13,,,,,Active
2026-06-11,Vegetables,Jalapeno Hot Red Pepper,Chillies & Spicy,Usa,,,,65.0,,,,,Active
2026-06-11,Vegetables,Mixed Chilli Red & Green Pkt,Chillies & Spicy,,,,,8.0,,,,,Active
2026-06-11,Vegetables,Pinakbet Mixed,Combo Pack,,1kg,,,25.0,,,25.0,Family,Active
2026-06-11,Vegetables,Sambar Mixed Vegetable,Combo Pack,,,,,10.0,,,,,Active
2026-06-11,Vegetables,Baby Corn,Corns & Baby Corn,Thailand,125g,,,8.0,,,64.0,Family,Active
2026-06-11,Vegetables,Fruit'O Snack Boiled Sweet Corn Cob,Corns & Baby Corn,,270g,,,6.0,,,22.22,Family,Active
2026-06-11,Vegetables,Cucumber,Cucumber,Qatar,,,,3.0,,,,,Active
2026-06-11,Vegetables,Vellary Indian,Cucumber,India,1kg,,,19.0,,,19.0,Family,Active
2026-06-11,Vegetables,Garlic,Garlic,India,,,,12.25,,,,,Active
2026-06-11,Vegetables,Garlic,Garlic,Egypt,,,,8.0,,,,,Active
2026-06-11,Vegetables,Garlic Loose,Garlic,,,,,2.25,,,,,Active
2026-06-11,Vegetables,Garlic Small Pkt ( ),Garlic,China,,,,5.0,,,,,Active
2026-06-11,Vegetables,Peeled Garlic,Garlic,,250g,,,8.5,,,34.0,Family,Active
2026-06-11,Vegetables,Ash Gourd(Kumbalam),Gourds,India,,,,17.5,,,,,Active
2026-06-11,Vegetables,Dhundul,Gourds,Bangladesh,,,,17.0,,,,,Active
2026-06-11,Vegetables,Ivy Gourd (Tindly),Gourds,India,,,,10.0,,,,,Active
2026-06-11,Vegetables,Ridge Gourd,Gourds,India,,,,9.75,,,,,Active
2026-06-11,Vegetables,Snake Gourd,Gourds,India,,,,9.0,,,,,Active
2026-06-11,Vegetables,Celery,Herbs,Spain,,,,19.0,,,,,Active
2026-06-11,Vegetables,Coriander (Ksa),Herbs,,,,,3.25,,,,,Active
2026-06-11,Vegetables,Fennel,Herbs,,,,,22.5,,,,,Active
2026-06-11,Vegetables,Green Basil ( ),Herbs,Kenya,,,,16.0,,,,,Active
2026-06-11,Vegetables,Lemon Grass,Herbs,,,,,5.5,,,,,Active
2026-06-11,Vegetables,Parsely (Ksa),Herbs,,,,,10.0,,,,,Active
2026-06-11,Vegetables,Thyme Green Thin,Herbs,,,,,16.0,,,,,Active
2026-06-11,Vegetables,Bhindi (Lady'S Finger),Lady Finger,India,,,,9.0,,,,,Active
2026-06-11,Vegetables,Baby Spinach,Leafy Vegetables,Italy,125g,,,14.0,,,112.0,Family,Active
2026-06-11,Vegetables,Lettuce,Leafy Vegetables,Lebanon,,,,8.75,,,,,Active
2026-06-11,Vegetables,Lettuce Bionda/ Rossa Mix,Leafy Vegetables,,125g,,,14.0,,,112.0,Family,Active
2026-06-11,Vegetables,Lettuce Boston Soft,Leafy Vegetables,Holland,,,,16.25,,,,,Active
2026-06-11,Vegetables,Lettuce Gem Tray,Leafy Vegetables,Spain,,,,17.0,,,,,Active
2026-06-11,Vegetables,Lettuce Iceberg,Leafy Vegetables,,,,,24.0,,,,,Active
2026-06-11,Vegetables,Lettuce Lollo Rossa,Leafy Vegetables,,,,,18.75,,,,,Active
2026-06-11,Vegetables,Red Chard Mix,Leafy Vegetables,Italy,125g,,,10.0,,,80.0,Family,Active
2026-06-11,Vegetables,Rocket Leaves,Leafy Vegetables,Italy,125g,,,14.0,,,112.0,Family,Active
2026-06-11,Vegetables,Leeks,Leeks/Spring Onions,Holland,,,,9.5,,,,,Active
2026-06-11,Vegetables,Agrico Mushroom White Bottom,Mushrooms,Qatar,250g,,,7.0,,,28.0,Family,Active
2026-06-11,Vegetables,Mushroom Slice,Mushrooms,Qatar,,,,8.5,,,,,Active
2026-06-11,Vegetables,Mushrooms Portobello,Mushrooms,,,,,19.5,,,,,Active
2026-06-11,Vegetables,Shimenji White Mushroom,Mushrooms,,150g,,,12.0,,,80.0,Family,Active
2026-06-11,Vegetables,Onion Small,Onion,India,,,,5.0,,,,,Active
2026-06-11,Vegetables,Onion Yemen,Onion,,,,,4.5,,,,,Active
2026-06-11,Vegetables,Aloe Vera,Other Vegetables,,,,,30.0,,,,,Active
2026-06-11,Vegetables,Amla (Gooseberry),Other Vegetables,India,,,,11.0,,,,,Active
2026-06-11,Vegetables,Bagal,Other Vegetables,,,,,5.0,,,,,Active
2026-06-11,Vegetables,Drumstick,Other Vegetables,India,,,,7.5,,,,,Active
2026-06-11,Vegetables,Drumstick Leaves Pkt ( ),Other Vegetables,India,150g,,,5.5,,,36.67,Family,Active
2026-06-11,Vegetables,Eggplant,Other Vegetables,Holland,,,,28.0,,,,,Active
2026-06-11,Vegetables,Premium Eggplant Pkt,Other Vegetables,Qatar,1kg,,,7.5,,,7.5,Family,Active
2026-06-11,Vegetables,Beans,Peas & Beans,Qatar,,,,6.5,,,,,Active
2026-06-11,Vegetables,Cluster Beans,Peas & Beans,India,,,,9.5,,,,,Active
2026-06-11,Vegetables,Indian Beans,Peas & Beans,India,,,,10.0,,,,,Active
2026-06-11,Vegetables,Aravi Big,Potatoes & Starchy Vegetables,India,,,,8.75,,,,,Active
2026-06-11,Vegetables,Potato,Potatoes & Starchy Vegetables,Egypt,,,,2.75,,,,,Active
2026-06-11,Vegetables,Potato,Potatoes & Starchy Vegetables,,,,,3.5,,,,,Active
2026-06-11,Vegetables,Potatoes White Chat Small,Potatoes & Starchy Vegetables,Australia,,,,28.0,,,,,Active
2026-06-11,Vegetables,Sweet Potato,Potatoes & Starchy Vegetables,Usa,,,,17.5,,,,,Active
2026-06-11,Vegetables,Sweet Potato,Potatoes & Starchy Vegetables,Bangladesh,,,,17.0,,,,,Active
2026-06-11,Vegetables,Yam Indian,Potatoes & Starchy Vegetables,India,,,,6.5,,,,,Active
2026-06-11,Vegetables,Pumpkin Mathan Green,Pumpkin,India,,,,13.75,,,,,Active
2026-06-11,Vegetables,Pumpkin Medium,Pumpkin,India,,,,8.75,,,,,Active
2026-06-11,Vegetables,White Pumpkin,Pumpkin,Qatar,,,,7.5,,,,,Active
2026-06-11,Vegetables,Red Radish,Raddish,Holland,1kg,,,37.0,,,37.0,Family,Active
2026-06-11,Vegetables,Red Radish Poly Bag,Raddish,,125g,,,6.5,,,52.0,Family,Active
2026-06-11,Vegetables,Mung Bean Sprouts Pkts,Sprouts,,,,,6.5,,,,,Active
2026-06-11,Vegetables,Tomato Cherry Red Vine,Tomato,,,,,12.5,,,,,Active
2026-06-11,Vegetables,Tomato Syria,Tomato,,,,,2.5,,,,,Active
2026-06-11,Vegetables,Tomato Tommys Pkt ( ),Tomato,Spain,500g,,,44.0,,,88.0,Family,Active
2026-06-11,Vegetables,Tomatoes Cherry Plum,Tomato,,250g,,,20.0,,,80.0,Family,Active
2026-06-11,Vegetables,Turmeric,Turmeric,India,,,,3.5,,,,,Active
2026-06-11,Vegetables,Cauliflower,Cabbage & Broccoli,Qatar,,,,,,,,,Market Out
2026-06-11,Vegetables,Sweet Corn,Corns & Baby Corn,Jordan,,,,,,,,,Market Out
2026-06-11,Vegetables,Peas Mangetout/Snow/Podded Peas,Peas & Beans,,250g,,,,,,,,Market Out
2026-06-10,Fruits,Banana Flower,Banana,India,,,,17.5,,,,,Active
2026-06-10,Fruits,Banana Green,Banana,India,,,,4.5,,,,,Active
2026-06-10,Fruits,Physalis,Berries,,125g,,,15.0,,,120.0,Family,Active
2026-06-10,Fruits,Fresh Coconut (By Air),Coconut,India,,,,7.0,,,,,Active
2026-06-10,Fruits,Mushroom Chestnut -,Fresh Nuts,Holland,,,,15.5,,,,,Active
2026-06-10,Vegetables,Beetroot Cooked,Beetroot,,500g,,,22.0,,,44.0,Family,Active
2026-06-10,Vegetables,Broccoli,Cabbage & Broccoli,,,,,9.0,,,,,Active
2026-06-10,Vegetables,Cabbage,Cabbage & Broccoli,India,,,,8.75,,,,,Active
2026-06-10,Vegetables,Cabbage Sliced,Cabbage & Broccoli,,1kg,,,10.0,,,10.0,Family,Active
2026-06-10,Vegetables,Cauliflower,Cabbage & Broccoli,Qatar,,,,4.0,,,,,Active
2026-06-10,Vegetables,Kohi,Cabbage & Broccoli,Bangladesh,,,,17.0,,,,,Active
2026-06-10,Vegetables,Capsicum,Capsicum,Qatar,,,,6.0,,,,,Active
2026-06-10,Vegetables,Capsicum Mix Pkt,Capsicum,Holland,4.0pcs,,,29.0,,,7250.0,Family,Active
2026-06-10,Vegetables,Capsicum Orange,Capsicum,Holland,,,,11.0,,,,,Active
2026-06-10,Vegetables,Capsicum Red,Capsicum,Holland,,,,12.0,,,,,Active
2026-06-10,Vegetables,Capsicum Yellow,Capsicum,Holland,,,,11.25,,,,,Active
2026-06-10,Vegetables,Carrot,Carrots,Australia,,,,4.75,,,,,Active
2026-06-10,Vegetables,Chow Chow (Chayote),Chayote,India,,,,8.75,,,,,Active
2026-06-10,Vegetables,Chilly Red,Chillies & Spicy,Holland,,,,15.0,,,,,Active
2026-06-10,Vegetables,Chilly Round Green,Chillies & Spicy,India,,,,9.5,,,,,Active
2026-06-10,Vegetables,Ginger,Chillies & Spicy,China,,,,2.0,,,,,Active
2026-06-10,Vegetables,Green Chilli,Chillies & Spicy,Uganda,,,,6.0,,,,,Active
2026-06-10,Vegetables,Green Chilli,Chillies & Spicy,India,,,,2.75,,,,,Active
2026-06-10,Vegetables,Hot Chilli,Chillies & Spicy,Qatar,,,,3.13,,,,,Active
2026-06-10,Vegetables,Jalapeno Hot Red Pepper,Chillies & Spicy,Usa,,,,65.0,,,,,Active
2026-06-10,Vegetables,Mixed Chilli Red & Green Pkt,Chillies & Spicy,,,,,8.0,,,,,Active
2026-06-10,Vegetables,Pinakbet Mixed,Combo Pack,,1kg,,,25.0,,,25.0,Family,Active
2026-06-10,Vegetables,Sambar Mixed Vegetable,Combo Pack,,,,,10.0,,,,,Active
2026-06-10,Vegetables,Baby Corn,Corns & Baby Corn,Thailand,125g,,,8.0,,,64.0,Family,Active
2026-06-10,Vegetables,Fruit'O Snack Boiled Sweet Corn Cob,Corns & Baby Corn,,270g,,,6.0,,,22.22,Family,Active
2026-06-10,Vegetables,Sweet Corn,Corns & Baby Corn,Jordan,,,,5.0,,,,,Active
2026-06-10,Vegetables,Cucumber,Cucumber,Qatar,,,,3.0,,,,,Active
2026-06-10,Vegetables,Vellary Indian,Cucumber,India,1kg,,,19.0,,,19.0,Family,Active
2026-06-10,Vegetables,Garlic,Garlic,Egypt,,,,8.0,,,,,Active
2026-06-10,Vegetables,Garlic,Garlic,India,,,,12.25,,,,,Active
2026-06-10,Vegetables,Garlic Loose,Garlic,,,,,2.13,,,,,Active
2026-06-10,Vegetables,Garlic Small Pkt ( ),Garlic,China,,,,5.0,,,,,Active
2026-06-10,Vegetables,Peeled Garlic,Garlic,,250g,,,8.5,,,34.0,Family,Active
2026-06-10,Vegetables,Ash Gourd(Kumbalam),Gourds,India,,,,17.5,,,,,Active
2026-06-10,Vegetables,Dhundul,Gourds,Bangladesh,,,,17.0,,,,,Active
2026-06-10,Vegetables,Ivy Gourd (Tindly),Gourds,India,,,,10.0,,,,,Active
2026-06-10,Vegetables,Ridge Gourd,Gourds,India,,,,9.75,,,,,Active
2026-06-10,Vegetables,Snake Gourd,Gourds,India,,,,9.0,,,,,Active
2026-06-10,Vegetables,Celery,Herbs,Spain,,,,19.0,,,,,Active
2026-06-10,Vegetables,Coriander (Ksa),Herbs,,,,,3.25,,,,,Active
2026-06-10,Vegetables,Fennel,Herbs,,,,,22.5,,,,,Active
2026-06-10,Vegetables,Green Basil ( ),Herbs,Kenya,,,,16.0,,,,,Active
2026-06-10,Vegetables,Lemon Grass,Herbs,,,,,5.5,,,,,Active
2026-06-10,Vegetables,Parsely (Ksa),Herbs,,,,,10.0,,,,,Active
2026-06-10,Vegetables,Thyme Green Thin,Herbs,,,,,16.0,,,,,Active
2026-06-10,Vegetables,Bhindi (Lady'S Finger),Lady Finger,India,,,,9.0,,,,,Active
2026-06-10,Vegetables,Baby Spinach,Leafy Vegetables,Italy,125g,,,14.0,,,112.0,Family,Active
2026-06-10,Vegetables,Lettuce,Leafy Vegetables,Lebanon,,,,8.75,,,,,Active
2026-06-10,Vegetables,Lettuce Bionda/ Rossa Mix,Leafy Vegetables,,125g,,,14.0,,,112.0,Family,Active
2026-06-10,Vegetables,Lettuce Boston Soft,Leafy Vegetables,Holland,,,,16.25,,,,,Active
2026-06-10,Vegetables,Lettuce Gem Tray,Leafy Vegetables,Spain,,,,17.0,,,,,Active
2026-06-10,Vegetables,Lettuce Iceberg,Leafy Vegetables,,,,,24.0,,,,,Active
2026-06-10,Vegetables,Lettuce Lollo Rossa,Leafy Vegetables,,,,,18.75,,,,,Active
2026-06-10,Vegetables,Red Chard Mix,Leafy Vegetables,Italy,125g,,,10.0,,,80.0,Family,Active
2026-06-10,Vegetables,Rocket Leaves,Leafy Vegetables,Italy,125g,,,14.0,,,112.0,Family,Active
2026-06-10,Vegetables,Leeks,Leeks/Spring Onions,Holland,,,,9.5,,,,,Active
2026-06-10,Vegetables,Agrico Mushroom White Bottom,Mushrooms,Qatar,250g,,,7.0,,,28.0,Family,Active
2026-06-10,Vegetables,Mushroom Slice,Mushrooms,Qatar,,,,8.5,,,,,Active
2026-06-10,Vegetables,Mushrooms Portobello,Mushrooms,,,,,19.5,,,,,Active
2026-06-10,Vegetables,Shimenji White Mushroom,Mushrooms,,150g,,,12.0,,,80.0,Family,Active
2026-06-10,Vegetables,Onion Small,Onion,India,,,,5.0,,,,,Active
2026-06-10,Vegetables,Onion Yemen,Onion,,,,,4.5,,,,,Active
2026-06-10,Vegetables,Aloe Vera,Other Vegetables,,,,,30.0,,,,,Active
2026-06-10,Vegetables,Amla (Gooseberry),Other Vegetables,India,,,,11.0,,,,,Active
2026-06-10,Vegetables,Bagal,Other Vegetables,,,,,4.75,,,,,Active
2026-06-10,Vegetables,Drumstick,Other Vegetables,India,,,,7.5,,,,,Active
2026-06-10,Vegetables,Drumstick Leaves Pkt ( ),Other Vegetables,India,150g,,,5.5,,,36.67,Family,Active
2026-06-10,Vegetables,Eggplant,Other Vegetables,Holland,,,,28.0,,,,,Active
2026-06-10,Vegetables,Beans,Peas & Beans,Qatar,,,,7.5,,,,,Active
2026-06-10,Vegetables,Cluster Beans,Peas & Beans,India,,,,9.5,,,,,Active
2026-06-10,Vegetables,Indian Beans,Peas & Beans,India,,,,10.0,,,,,Active
2026-06-10,Vegetables,Peas Mangetout/Snow/Podded Peas,Peas & Beans,,250g,,,14.0,,,56.0,Family,Active
2026-06-10,Vegetables,Aravi Big,Potatoes & Starchy Vegetables,India,,,,8.75,,,,,Active
2026-06-10,Vegetables,Potato,Potatoes & Starchy Vegetables,,,,,3.5,,,,,Active
2026-06-10,Vegetables,Potatoes White Chat Small,Potatoes & Starchy Vegetables,Australia,,,,28.0,,,,,Active
2026-06-10,Vegetables,Sweet Potato,Potatoes & Starchy Vegetables,India,,,,8.75,,,,,Active
2026-06-10,Vegetables,Sweet Potato,Potatoes & Starchy Vegetables,Bangladesh,,,,17.0,,,,,Active
2026-06-10,Vegetables,Sweet Potato,Potatoes & Starchy Vegetables,Usa,,,,17.5,,,,,Active
2026-06-10,Vegetables,Yam Indian,Potatoes & Starchy Vegetables,India,,,,6.5,,,,,Active
2026-06-10,Vegetables,Pumpkin Mathan Green,Pumpkin,India,,,,13.75,,,,,Active
2026-06-10,Vegetables,Pumpkin Medium,Pumpkin,India,,,,8.75,,,,,Active
2026-06-10,Vegetables,White Pumpkin,Pumpkin,Qatar,,,,7.5,,,,,Active
2026-06-10,Vegetables,Red Radish,Raddish,Holland,1kg,,,37.0,,,37.0,Family,Active
2026-06-10,Vegetables,Red Radish Poly Bag,Raddish,,125g,,,6.5,,,52.0,Family,Active
2026-06-10,Vegetables,Mung Bean Sprouts Pkts,Sprouts,,,,,6.5,,,,,Active
2026-06-10,Vegetables,Tomato Syria,Tomato,,,,,2.5,,,,,Active
2026-06-10,Vegetables,Tomato Tommys Pkt ( ),Tomato,Spain,500g,,,44.0,,,88.0,Family,Active
2026-06-10,Vegetables,Tomatoes Cherry Plum,Tomato,,250g,,,20.0,,,80.0,Family,Active
2026-06-10,Vegetables,Turmeric,Turmeric,India,,,,3.5,,,,,Active
2026-06-09,Fruits,Banana Flower,Banana,India,,,,17.5,,,,,Active
2026-06-09,Fruits,Banana Green,Banana,India,,,,4.25,,,,,Active
2026-06-09,Fruits,Physalis,Berries,,125g,,,15.0,,,120.0,Family,Active
2026-06-09,Fruits,Fresh Coconut (By Air),Coconut,India,,,,7.0,,,,,Active
2026-06-09,Fruits,Mushroom Chestnut -,Fresh Nuts,Holland,,,,15.5,,,,,Active
2026-06-09,Vegetables,Beetroot Cooked,Beetroot,,500g,,,22.0,,,44.0,Family,Active
2026-06-09,Vegetables,Broccoli,Cabbage & Broccoli,,,,,9.0,,,,,Active
2026-06-09,Vegetables,Cabbage,Cabbage & Broccoli,India,,,,8.75,,,,,Active
2026-06-09,Vegetables,Cabbage Sliced,Cabbage & Broccoli,,1kg,,,10.0,,,10.0,Family,Active
2026-06-09,Vegetables,Cauliflower,Cabbage & Broccoli,Qatar,,,,4.0,,,,,Active
2026-06-09,Vegetables,Kohi,Cabbage & Broccoli,Bangladesh,,,,17.0,,,,,Active
2026-06-09,Vegetables,Capsicum,Capsicum,Qatar,,,,6.0,,,,,Active
2026-06-09,Vegetables,Capsicum Mix Pkt,Capsicum,Holland,4.0pcs,,,29.0,,,7250.0,Family,Active
2026-06-09,Vegetables,Capsicum Orange,Capsicum,Holland,,,,11.0,,,,,Active
2026-06-09,Vegetables,Capsicum Red,Capsicum,Holland,,,,12.0,,,,,Active
2026-06-09,Vegetables,Capsicum Yellow,Capsicum,Holland,,,,11.25,,,,,Active
2026-06-09,Vegetables,Carrot,Carrots,Australia,,,,4.75,,,,,Active
2026-06-09,Vegetables,Chow Chow (Chayote),Chayote,India,,,,8.75,,,,,Active
2026-06-09,Vegetables,Chilly Red,Chillies & Spicy,Holland,,,,24.5,,,,,Active
2026-06-09,Vegetables,Chilly Round Green,Chillies & Spicy,India,,,,9.5,,,,,Active
2026-06-09,Vegetables,Ginger,Chillies & Spicy,China,,,,2.25,,,,,Active
2026-06-09,Vegetables,Green Chilli,Chillies & Spicy,Uganda,,,,6.0,,,,,Active
2026-06-09,Vegetables,Green Chilli,Chillies & Spicy,India,,,,2.5,,,,,Active
2026-06-09,Vegetables,Hot Chilli,Chillies & Spicy,Qatar,,,,3.13,,,,,Active
2026-06-09,Vegetables,Jalapeno Hot Red Pepper,Chillies & Spicy,Usa,,,,82.0,,,,,Active
2026-06-09,Vegetables,Mixed Chilli Red & Green Pkt,Chillies & Spicy,,,,,8.0,,,,,Active
2026-06-09,Vegetables,Pinakbet Mixed,Combo Pack,,1kg,,,25.0,,,25.0,Family,Active
2026-06-09,Vegetables,Sambar Mixed Vegetable,Combo Pack,,,,,10.0,,,,,Active
2026-06-09,Vegetables,Baby Corn,Corns & Baby Corn,Thailand,125g,,,8.0,,,64.0,Family,Active
2026-06-09,Vegetables,Fruit'O Snack Boiled Sweet Corn Cob,Corns & Baby Corn,,270g,,,6.0,,,22.22,Family,Active
2026-06-09,Vegetables,Sweet Corn,Corns & Baby Corn,Jordan,,,,5.0,,,,,Active
2026-06-09,Vegetables,Cucumber,Cucumber,Qatar,,,,3.0,,,,,Active
2026-06-09,Vegetables,Vellary Indian,Cucumber,India,1kg,,,19.0,,,19.0,Family,Active
2026-06-09,Vegetables,Garlic,Garlic,Egypt,,,,8.0,,,,,Active
2026-06-09,Vegetables,Garlic,Garlic,India,,,,12.25,,,,,Active
2026-06-09,Vegetables,Garlic Loose,Garlic,,,,,2.25,,,,,Active
2026-06-09,Vegetables,Garlic Small Pkt ( ),Garlic,China,,,,5.0,,,,,Active
2026-06-09,Vegetables,Ash Gourd(Kumbalam),Gourds,India,,,,17.5,,,,,Active
2026-06-09,Vegetables,Dhundul,Gourds,Bangladesh,,,,17.0,,,,,Active
2026-06-09,Vegetables,Ivy Gourd (Tindly),Gourds,India,,,,10.0,,,,,Active
2026-06-09,Vegetables,Ridge Gourd,Gourds,India,,,,9.75,,,,,Active
2026-06-09,Vegetables,Snake Gourd,Gourds,India,,,,9.0,,,,,Active
2026-06-09,Vegetables,Celery,Herbs,Spain,,,,19.0,,,,,Active
2026-06-09,Vegetables,Coriander (Ksa),Herbs,,,,,3.25,,,,,Active
2026-06-09,Vegetables,Fennel,Herbs,,,,,22.5,,,,,Active
2026-06-09,Vegetables,Green Basil ( ),Herbs,Kenya,,,,16.0,,,,,Active
2026-06-09,Vegetables,Lemon Grass,Herbs,,,,,5.5,,,,,Active
2026-06-09,Vegetables,Parsely (Ksa),Herbs,,,,,12.0,,,,,Active
2026-06-09,Vegetables,Thyme Green Thin,Herbs,,,,,16.0,,,,,Active
2026-06-09,Vegetables,Bhindi (Lady'S Finger),Lady Finger,India,,,,9.0,,,,,Active
2026-06-09,Vegetables,Baby Spinach,Leafy Vegetables,Italy,125g,,,14.0,,,112.0,Family,Active
2026-06-09,Vegetables,Lettuce,Leafy Vegetables,Lebanon,,,,8.75,,,,,Active
2026-06-09,Vegetables,Lettuce Bionda/ Rossa Mix,Leafy Vegetables,,125g,,,14.0,,,112.0,Family,Active
2026-06-09,Vegetables,Lettuce Boston Soft,Leafy Vegetables,Holland,,,,16.25,,,,,Active
2026-06-09,Vegetables,Lettuce Gem Tray,Leafy Vegetables,Spain,,,,17.0,,,,,Active
2026-06-09,Vegetables,Lettuce Iceberg,Leafy Vegetables,,,,,24.0,,,,,Active
2026-06-09,Vegetables,Lettuce Lollo Rossa,Leafy Vegetables,,,,,18.75,,,,,Active
2026-06-09,Vegetables,Red Chard Mix,Leafy Vegetables,Italy,125g,,,10.0,,,80.0,Family,Active
2026-06-09,Vegetables,Rocket Leaves,Leafy Vegetables,Italy,125g,,,14.0,,,112.0,Family,Active
2026-06-09,Vegetables,Leeks,Leeks/Spring Onions,Holland,,,,9.5,,,,,Active
2026-06-09,Vegetables,Agrico Mushroom White Bottom,Mushrooms,Qatar,250g,,,7.0,,,28.0,Family,Active
2026-06-09,Vegetables,Mushroom Slice,Mushrooms,Qatar,,,,8.5,,,,,Active
2026-06-09,Vegetables,Mushrooms Portobello,Mushrooms,,,,,19.5,,,,,Active
2026-06-09,Vegetables,Shimenji White Mushroom,Mushrooms,,150g,,,12.0,,,80.0,Family,Active
2026-06-09,Vegetables,Onion Small,Onion,India,,,,5.0,,,,,Active
2026-06-09,Vegetables,Onion Yemen,Onion,,,,,4.5,,,,,Active
2026-06-09,Vegetables,Aloe Vera,Other Vegetables,,,,,30.0,,,,,Active
2026-06-09,Vegetables,Amla (Gooseberry),Other Vegetables,India,,,,11.0,,,,,Active
2026-06-09,Vegetables,Bagal,Other Vegetables,,,,,4.5,,,,,Active
2026-06-09,Vegetables,Drumstick,Other Vegetables,India,,,,7.5,,,,,Active
2026-06-09,Vegetables,Drumstick Leaves Pkt ( ),Other Vegetables,India,150g,,,5.5,,,36.67,Family,Active
2026-06-09,Vegetables,Eggplant,Other Vegetables,Holland,,,,28.0,,,,,Active
2026-06-09,Vegetables,Beans,Peas & Beans,Qatar,,,,7.5,,,,,Active
2026-06-09,Vegetables,Cluster Beans,Peas & Beans,India,,,,9.5,,,,,Active
2026-06-09,Vegetables,Indian Beans,Peas & Beans,India,,,,10.0,,,,,Active
2026-06-09,Vegetables,Peas Mangetout/Snow/Podded Peas,Peas & Beans,,250g,,,14.0,,,56.0,Family,Active
2026-06-09,Vegetables,Aravi Big,Potatoes & Starchy Vegetables,India,,,,8.75,,,,,Active
2026-06-09,Vegetables,Potato,Potatoes & Starchy Vegetables,,,,,3.5,,,,,Active
2026-06-09,Vegetables,Potatoes White Chat Small,Potatoes & Starchy Vegetables,Australia,,,,28.0,,,,,Active
2026-06-09,Vegetables,Sweet Potato,Potatoes & Starchy Vegetables,India,,,,8.75,,,,,Active
2026-06-09,Vegetables,Sweet Potato,Potatoes & Starchy Vegetables,Bangladesh,,,,17.0,,,,,Active
2026-06-09,Vegetables,Sweet Potato,Potatoes & Starchy Vegetables,Usa,,,,16.0,,,,,Active
2026-06-09,Vegetables,Yam Indian,Potatoes & Starchy Vegetables,India,,,,6.5,,,,,Active
2026-06-09,Vegetables,Pumpkin Mathan Green,Pumpkin,India,,,,13.75,,,,,Active
2026-06-09,Vegetables,Pumpkin Medium,Pumpkin,India,,,,8.75,,,,,Active
2026-06-09,Vegetables,White Pumpkin,Pumpkin,Qatar,,,,7.5,,,,,Active
2026-06-09,Vegetables,Red Radish,Raddish,Holland,1kg,,,37.0,,,37.0,Family,Active
2026-06-09,Vegetables,Red Radish Poly Bag,Raddish,,125g,,,6.5,,,52.0,Family,Active
2026-06-09,Vegetables,Mung Bean Sprouts Pkts,Sprouts,,,,,6.5,,,,,Active
2026-06-09,Vegetables,Tomato Tommys Pkt ( ),Tomato,Spain,500g,,,44.0,,,88.0,Family,Active
2026-06-09,Vegetables,Tomatoes Cherry Plum,Tomato,,250g,,,20.0,,,80.0,Family,Active
2026-06-09,Vegetables,Turmeric,Turmeric,India,,,,3.5,,,,,Active
