date,category,product_name,product_type,origin,unit,lulu_price,rawabi_price,family_price,price_per_kg_lulu,price_per_kg_rawabi,price_per_kg_family,cheapest_store,status
2026-08-21,Fruits,Apple,Apples,China,1kg,,8.5,,,8.5,,Rawabi,Active
2026-08-21,Fruits,Apple Africa,Apples,,1kg,,10.5,,,10.5,,Rawabi,Active
2026-08-21,Fruits,Apple Red,Apples,Usa,1kg,,14.5,,,14.5,,Rawabi,Active
2026-08-21,Fruits,Apple Rocket New Zealand,Apples,,1kg,,42.0,,,42.0,,Rawabi,Active
2026-08-21,Fruits,Baby Apple Africa,Apples,,1kg,,10.5,,,10.5,,Rawabi,Active
2026-08-21,Fruits,Colacasia Bangaladesh,Apples,,1kg,,16.0,,,16.0,,Rawabi,Active
2026-08-21,Fruits,Galanga,Apples,Thailand,1kg,,48.0,,,48.0,,Rawabi,Active
2026-08-21,Fruits,Pineapple Golden,Apples,Kenya,1kg,,14.75,,,14.75,,Rawabi,Active
2026-08-21,Fruits,Pineapple Peeled,Apples,Thailand,1kg,,44.0,,,44.0,,Rawabi,Active
2026-08-21,Fruits,Pineapple Slice,Apples,,1kg,,34.0,,,34.0,,Rawabi,Active
2026-08-21,Fruits,Avocado,Avocado,Uganda,1kg,,18.5,,,18.5,,Rawabi,Active
2026-08-21,Fruits,Avocado By Air,Avocado,Uganda,1kg,,18.0,,,18.0,,Rawabi,Active
2026-08-21,Fruits,Avocado Hass,Avocado,Uganda,1kg,,26.0,,,26.0,,Rawabi,Active
2026-08-21,Fruits,Banana Leaves,Banana,India,1.0pc,,1.5,,,1500.0,,Rawabi,Active
2026-08-21,Fruits,Kadhali Banana,Banana,India,1kg,,14.75,,,14.75,,Rawabi,Active
2026-08-21,Fruits,Blackberry -Packet,Berries,Usa,,,25.5,,,,,,Active
2026-08-21,Fruits,Blueberry Africa Small-Packet,Berries,,,,9.75,,,,,,Active
2026-08-21,Fruits,Cherry Syria Packet,Berries,,,,14.0,,,,,,Active
2026-08-21,Fruits,Gold Berry Colombia Packet,Berries,,,,14.0,,,,,,Active
2026-08-21,Fruits,Goosberry Indian,Berries,India,1kg,,21.0,,,21.0,,Rawabi,Active
2026-08-21,Fruits,Physalis Fruit Colombia-Packet,Berries,,,,10.0,,,,,,Active
2026-08-21,Fruits,Raspberry -Packet,Berries,Usa,,,27.0,,,,,,Active
2026-08-21,Fruits,Red Currant Netherland Packet,Berries,,,,24.0,,,,,,Active
2026-08-21,Fruits,Strawberry Africa-Packet,Berries,,,,14.5,,,,,,Active
2026-08-21,Fruits,Strawberry Big -Packet,Berries,Usa,,,38.0,,,,,,Active
2026-08-21,Fruits,Strawberry Small -Packet,Berries,Usa,,,24.0,,,,,,Active
2026-08-21,Fruits,Chillies Jalapeno Orange 1K,Citrus Fruits,Holland,,,52.0,,,,,,Active
2026-08-21,Fruits,Lemon,Citrus Fruits,China,1kg,,4.75,,,4.75,,Rawabi,Active
2026-08-21,Fruits,Lemon Africa,Citrus Fruits,,1kg,,7.5,,,7.5,,Rawabi,Active
2026-08-21,Fruits,Lime,Citrus Fruits,Vietnam,1kg,,7.75,,,7.75,,Rawabi,Active
2026-08-21,Fruits,Mandarin,Citrus Fruits,China,1kg,,15.5,,,15.5,,Rawabi,Active
2026-08-21,Fruits,Mandarin Honey Murcott Africa,Citrus Fruits,,1kg,,8.75,,,8.75,,Rawabi,Active
2026-08-21,Fruits,Mandarine (Nadarcott),Citrus Fruits,Australia,1kg,,30.0,,,30.0,,Rawabi,Active
2026-08-21,Fruits,Orange Africa,Citrus Fruits,,1kg,,7.0,,,7.0,,Rawabi,Active
2026-08-21,Fruits,Orangevalencia -Box,Citrus Fruits,Lebanon,,,30.0,,,,,,Active
2026-08-21,Fruits,Pomelo Africa,Citrus Fruits,,1kg,,14.5,,,14.5,,Rawabi,Active
2026-08-21,Fruits,Coconut,Coconut,India,1.0pc,,3.0,,,3000.0,,Rawabi,Active
2026-08-21,Fruits,Coconut Grated,Coconut,India,1.0pc,,3.25,,,3250.0,,Rawabi,Active
2026-08-21,Fruits,Coconut Young,Coconut,Thailand,1.0pc,,13.5,,,13500.0,,Rawabi,Active
2026-08-21,Fruits,Slice Coconut,Coconut,,1kg,,20.0,,,20.0,,Rawabi,Active
2026-08-21,Fruits,Dates Sukkari Round,Fresh Dates,,1kg,,24.0,,,24.0,,Rawabi,Active
2026-08-21,Fruits,Grape Black Packet,Grapes,Egypt,,,6.5,,,,,,Active
2026-08-21,Fruits,Grape Fruit Africa Premium,Grapes,,1kg,,10.5,,,10.5,,Rawabi,Active
2026-08-21,Fruits,Grape Red,Grapes,Egypt,1kg,,9.75,,,9.75,,Rawabi,Active
2026-08-21,Fruits,Grape Red Pkt,Grapes,Egypt,,,5.5,,,,,,Active
2026-08-21,Fruits,Grape White Packet,Grapes,Egypt,,,7.0,,,,,,Active
2026-08-21,Fruits,Grapefruit Africa,Grapes,,1kg,,8.5,,,8.5,,Rawabi,Active
2026-08-21,Fruits,Grapes White,Grapes,Italy,1kg,,56.0,,,56.0,,Rawabi,Active
2026-08-21,Fruits,Grapes White,Grapes,Usa,1kg,,48.0,,,48.0,,Rawabi,Active
2026-08-21,Fruits,Curry Banana,Green Banana,India,,,,8.75,,,,,Active
2026-08-21,Fruits,Kiwi,Kiwi,China,1kg,,14.75,,,14.75,,Rawabi,Active
2026-08-21,Fruits,Kiwi Chili,Kiwi,,1kg,,15.5,,,15.5,,Rawabi,Active
2026-08-21,Fruits,Kiwi Gold New Zealand,Kiwi,,1kg,,28.0,,,28.0,,Rawabi,Active
2026-08-21,Fruits,Mango Colombia-Box,Mangoes,,,,128.0,,,,,,Active
2026-08-21,Fruits,Mango Green,Mangoes,India,1kg,,18.5,,,18.5,,Rawabi,Active
2026-08-21,Fruits,Mango Kett,Mangoes,Egypt,1kg,,11.0,,,11.0,,Rawabi,Active
2026-08-21,Fruits,Mango Neelam,Mangoes,India,1kg,,22.0,,,22.0,,Rawabi,Active
2026-08-21,Fruits,Mangosteen Packet,Mangoes,Thailand,,,22.0,,,,,,Active
2026-08-21,Fruits,Water Melon,Melons,Oman,1kg,,3.0,,,3.0,,Rawabi,Active
2026-08-21,Fruits,Water Melon,Melons,Turkey,1kg,,6.5,,,6.5,,Rawabi,Active
2026-08-21,Fruits,Dragon Fruit,Other Fruits,Vietnam,1kg,,26.0,,,26.0,,Rawabi,Active
2026-08-21,Fruits,Dragon Fruit Red,Other Fruits,,1kg,,57.0,,,57.0,,Rawabi,Active
2026-08-21,Fruits,Fruit Tray Medium,Other Fruits,,,,150.0,,,,,,Active
2026-08-21,Fruits,Passionfruit Pte Packet,Other Fruits,Thailand,,,24.0,,,,,,Active
2026-08-21,Fruits,Green Papaya,Papaya,India,1kg,,15.5,,,15.5,,Rawabi,Active
2026-08-21,Fruits,Papaya,Papaya,Thailand,1kg,,49.0,,,49.0,,Rawabi,Active
2026-08-21,Fruits,Slice Papaya,Papaya,,1kg,,20.0,,,20.0,,Rawabi,Active
2026-08-21,Fruits,Peach Round Packet,Peaches,Jordan,,,14.0,,,,,,Active
2026-08-21,Fruits,Pear Africa,Pears,,1kg,,10.5,,,10.5,,Rawabi,Active
2026-08-21,Fruits,Pear Rose Africa,Pears,,1kg,,10.5,,,10.5,,Rawabi,Active
2026-08-21,Fruits,Plums Red,Plums,Spain,1kg,,17.5,,,17.5,,Rawabi,Active
2026-08-21,Fruits,Plums Red,Plums,China,1kg,,17.5,,,17.5,,Rawabi,Active
2026-08-21,Fruits,Plums Red Africa,Plums,,1kg,,16.5,,,16.5,,Rawabi,Active
2026-08-21,Fruits,Pomegranate,Pomegranates,India,1kg,,16.5,,,16.5,,Rawabi,Active
2026-08-21,Fruits,Pomegranate,Pomegranates,Peru,1kg,,23.0,,,23.0,,Rawabi,Active
2026-08-21,Fruits,Pomegranate -Carton,Pomegranates,India,,,19.75,,,,,,Active
2026-08-21,Fruits,Pomegranate Yemen,Pomegranates,,1kg,,14.75,,,14.75,,Rawabi,Active
2026-08-21,Vegetables,Beetroot,Beetroot,India,1kg,,16.5,,,16.5,,Rawabi,Active
2026-08-21,Vegetables,Beetroot Cooked,Beetroot,,500g,,,22.0,,,44.0,Family,Active
2026-08-21,Vegetables,Beetroot Cooked -Packet,Beetroot,Holland,,,15.75,,,,,,Active
2026-08-21,Vegetables,Broccoli,Cabbage & Broccoli,Holland,1kg,,55.0,,,55.0,,Rawabi,Active
2026-08-21,Vegetables,Cabbage,Cabbage & Broccoli,India,,,,8.75,,,,,Active
2026-08-21,Vegetables,Cabbage,Cabbage & Broccoli,Jordan,1kg,,6.5,,,6.5,,Rawabi,Active
2026-08-21,Vegetables,Cabbage,Cabbage & Broccoli,Oman,1kg,,5.5,,,5.5,,Rawabi,Active
2026-08-21,Vegetables,Cabbage Red,Cabbage & Broccoli,Oman,1kg,,6.5,,,6.5,,Rawabi,Active
2026-08-21,Vegetables,Cauliflower,Cabbage & Broccoli,Oman,1kg,,9.75,,,9.75,,Rawabi,Active
2026-08-21,Vegetables,Cauliflower Violet,Cabbage & Broccoli,Spain,1kg,,44.0,,,44.0,,Rawabi,Active
2026-08-21,Vegetables,Capsicum,Capsicum,Holland,1kg,,41.0,,,41.0,,Rawabi,Active
2026-08-21,Vegetables,Capsicum 4Color (Packet),Capsicum,Holland,,,19.0,,,,,,Active
2026-08-21,Vegetables,Capsicum Green,Capsicum,Oman,1kg,,8.25,,,8.25,,Rawabi,Active
2026-08-21,Vegetables,Capsicum Mix Pkt,Capsicum,Holland,4.0pcs,,,20.0,,,5000.0,Family,Active
2026-08-21,Vegetables,Capsicum Orange,Capsicum,Holland,1kg,,44.0,,,44.0,,Rawabi,Active
2026-08-21,Vegetables,Capsicum Orange,Capsicum,Oman,1kg,,14.75,,,14.75,,Rawabi,Active
2026-08-21,Vegetables,Capsicum Red,Capsicum,Holland,,,,13.75,,,,,Active
2026-08-21,Vegetables,Capsicum Red,Capsicum,Holland,1kg,,42.0,,,42.0,,Rawabi,Active
2026-08-21,Vegetables,Capsicum Red,Capsicum,Oman,1kg,,12.0,,,12.0,,Rawabi,Active
2026-08-21,Vegetables,Capsicum Yellow,Capsicum,Holland,,,,13.75,,,,,Active
2026-08-21,Vegetables,Capsicum Yellow,Capsicum,Holland,1kg,,48.0,,,48.0,,Rawabi,Active
2026-08-21,Vegetables,Capsicum Yellow,Capsicum,Oman,1kg,,12.0,,,12.0,,Rawabi,Active
2026-08-21,Vegetables,Baby Carrot (Packet),Carrots,Usa,,,10.0,,,,,,Active
2026-08-21,Vegetables,Carrot,Carrots,Australia,1kg,,7.0,,,7.0,,Rawabi,Active
2026-08-21,Vegetables,Carrot,Carrots,China,1kg,,4.5,,,4.5,,Rawabi,Active
2026-08-21,Vegetables,Carrot White Netherland,Carrots,,1kg,,32.0,,,32.0,,Rawabi,Active
2026-08-21,Vegetables,Chayote,Chayote,India,1kg,,16.5,,,16.5,,Rawabi,Active
2026-08-21,Vegetables,Chilli,Chillies & Spicy,Uganda,1kg,,20.5,,,20.5,,Rawabi,Active
2026-08-21,Vegetables,Chilli Kanthari,Chillies & Spicy,India,1kg,,48.0,,,48.0,,Rawabi,Active
2026-08-21,Vegetables,Chilly Green (Packet),Chillies & Spicy,Thailand,,,6.5,,,,,,Active
2026-08-21,Vegetables,Chilly Red,Chillies & Spicy,Holland,,,,23.75,,,,,Active
2026-08-21,Vegetables,Chilly Red (Packet),Chillies & Spicy,Thailand,,,7.0,,,,,,Active
2026-08-21,Vegetables,Chilly Round Green,Chillies & Spicy,India,,,,9.5,,,,,Active
2026-08-21,Vegetables,Ginger,Chillies & Spicy,China,1kg,,8.0,,,8.0,,Rawabi,Active
2026-08-21,Vegetables,Ginger,Chillies & Spicy,India,1kg,,21.0,,,21.0,,Rawabi,Active
2026-08-21,Vegetables,Ginger,Chillies & Spicy,Uganda,1kg,,24.5,,,24.5,,Rawabi,Active
2026-08-21,Vegetables,Hot Pepper Mix,Chillies & Spicy,Uganda,1kg,,38.0,,,38.0,,Rawabi,Active
2026-08-21,Vegetables,Jalapeno Green,Chillies & Spicy,Holland,1kg,,70.0,,,70.0,,Rawabi,Active
2026-08-21,Vegetables,Jalapeno Hot Red Pepper,Chillies & Spicy,Usa,,,,88.0,,,,,Active
2026-08-21,Vegetables,Jalapeno Red,Chillies & Spicy,Holland,1kg,,65.0,,,65.0,,Rawabi,Active
2026-08-21,Vegetables,Long Chilly,Chillies & Spicy,Jordan,1kg,,7.75,,,7.75,,Rawabi,Active
2026-08-21,Vegetables,Long Chilly Green Big,Chillies & Spicy,Jordan,1kg,,12.0,,,12.0,,Rawabi,Active
2026-08-21,Vegetables,Red Long Chilli,Chillies & Spicy,Jordan,1kg,,22.0,,,22.0,,Rawabi,Active
2026-08-21,Vegetables,Fresh Fruit Basket,Combo Pack,,,,165.0,,,,,,Active
2026-08-21,Vegetables,Fresh Fruits Basket Small,Combo Pack,,,,130.0,,,,,,Active
2026-08-21,Vegetables,Mix Fruit Basket-Medium,Combo Pack,,,,250.0,,,,,,Active
2026-08-21,Vegetables,Mix Fruit Basket-Small,Combo Pack,,,,180.0,,,,,,Active
2026-08-21,Vegetables,Baby Corn (Packet),Corns & Baby Corn,Thailand,,,7.0,,,,,,Active
2026-08-21,Vegetables,Zucchini,Courgettes & Artichoke,Jordan,1kg,,6.0,,,6.0,,Rawabi,Active
2026-08-21,Vegetables,Cucumber Mazra Doha,Cucumber,,1kg,,7.5,,,7.5,,Rawabi,Active
2026-08-21,Vegetables,Yellow Cucumber,Cucumber,India,1kg,,15.5,,,15.5,,Rawabi,Active
2026-08-21,Vegetables,Garlic,Garlic,India,,,,12.25,,,,,Active
2026-08-21,Vegetables,Garlic,Garlic,China,1kg,,8.0,,,8.0,,Rawabi,Active
2026-08-21,Vegetables,Garlic,Garlic,India,1kg,,22.0,,,22.0,,Rawabi,Active
2026-08-21,Vegetables,Garlic Packet Big,Garlic,China,,,9.0,,,,,,Active
2026-08-21,Vegetables,Garlic Peeled,Garlic,,1kg,,24.0,,,24.0,,Rawabi,Active
2026-08-21,Vegetables,Garlic Small Pkt ( ),Garlic,China,,,4.5,,,,,,Active
2026-08-21,Vegetables,Ashgourd,Gourds,Oman,1kg,,4.5,,,4.5,,Rawabi,Active
2026-08-21,Vegetables,Bitter Gourd,Gourds,India,1kg,,17.5,,,17.5,,Rawabi,Active
2026-08-21,Vegetables,Bottlegourd,Gourds,India,1kg,,16.5,,,16.5,,Rawabi,Active
2026-08-21,Vegetables,Bottlegourd,Gourds,Oman,1kg,,6.5,,,6.5,,Rawabi,Active
2026-08-21,Vegetables,Ridge Gourd,Gourds,India,1kg,,18.5,,,18.5,,Rawabi,Active
2026-08-21,Vegetables,Snake Gourd,Gourds,India,1kg,,16.75,,,16.75,,Rawabi,Active
2026-08-21,Vegetables,Basil Leaves-Pc,Herbs,,,,12.0,,,,,,Active
2026-08-21,Vegetables,Celery Stick,Herbs,Spain,1kg,,38.0,,,38.0,,Rawabi,Active
2026-08-21,Vegetables,Coriander Leaves 1 Bunch,Herbs,Saudi,,,14.0,,,,,,Active
2026-08-21,Vegetables,Curry Leaves,Herbs,,,,3.0,,,,,,Active
2026-08-21,Vegetables,Curry Leaves,Herbs,Uganda,,,38.0,,,,,,Active
2026-08-21,Vegetables,Fennel,Herbs,,,,,20.0,,,,,Active
2026-08-21,Vegetables,Granadilla Fruit Colombia,Herbs,,1kg,,88.0,,,88.0,,Rawabi,Active
2026-08-21,Vegetables,Lemon Grass,Herbs,Thailand,1kg,,52.0,,,52.0,,Rawabi,Active
2026-08-21,Vegetables,Mint Leaves 1 Bunch,Herbs,Saudi,,,13.0,,,,,,Active
2026-08-21,Vegetables,Parsley Leaves 1 Bunch,Herbs,Saudi,,,10.0,,,,,,Active
2026-08-21,Vegetables,Rosemary,Herbs,Kenya,1.0pc,,10.0,,,10000.0,,Rawabi,Active
2026-08-21,Vegetables,Lady Finger,Lady Finger,India,1kg,,17.5,,,17.5,,Rawabi,Active
2026-08-21,Vegetables,Arugula (Jerjir)Leaves Doha 1 Bunch,Leafy Vegetables,,,,8.0,,,,,,Active
2026-08-21,Vegetables,Baby Rocket -Packet,Leafy Vegetables,Italy,,,11.5,,,,,,Active
2026-08-21,Vegetables,Baby Spinach Leaves -Packet,Leafy Vegetables,Italy,,,11.5,,,,,,Active
2026-08-21,Vegetables,Kale,Leafy Vegetables,Holland,,,,21.25,,,,,Active
2026-08-21,Vegetables,Kale Leaves,Leafy Vegetables,Holland,1kg,,65.0,,,65.0,,Rawabi,Active
2026-08-21,Vegetables,Kangkong Doha,Leafy Vegetables,,1.0pc,,7.0,,,7000.0,,Rawabi,Active
2026-08-21,Vegetables,Lettuce,Leafy Vegetables,Oman,1kg,,6.5,,,6.5,,Rawabi,Active
2026-08-21,Vegetables,Lettuce Gem Tray,Leafy Vegetables,Spain,,,,15.0,,,,,Active
2026-08-21,Vegetables,Lettuce Ice Berge,Leafy Vegetables,Spain,1kg,,42.5,,,42.5,,Rawabi,Active
2026-08-21,Vegetables,Lettuce Lollo Rossa,Leafy Vegetables,,,,,21.25,,,,,Active
2026-08-21,Vegetables,Molokhia Doha,Leafy Vegetables,,,,5.5,,,,,,Active
2026-08-21,Vegetables,Pechay Leaves Doha,Leafy Vegetables,,1.0pc,,8.5,,,8500.0,,Rawabi,Active
2026-08-21,Vegetables,Red Spinach Doha 1 Bunch,Leafy Vegetables,,,,5.75,,,,,,Active
2026-08-21,Vegetables,Spinach Doha 1 Bunch,Leafy Vegetables,,,,5.5,,,,,,Active
2026-08-21,Vegetables,Leeks,Leeks/Spring Onions,Holland,1kg,,35.0,,,35.0,,Rawabi,Active
2026-08-21,Vegetables,Spring Onion Arabia,Leeks/Spring Onions,Saudi,1.0pc,,11.0,,,11000.0,,Rawabi,Active
2026-08-21,Vegetables,Agrico Mushroom White Doha Packet,Mushrooms,,,,7.0,,,,,,Active
2026-08-21,Vegetables,Mushroom Brown Doha-Packet,Mushrooms,,,,8.5,,,,,,Active
2026-08-21,Vegetables,Mushroom Mix Doha Packet,Mushrooms,,,,13.0,,,,,,Active
2026-08-21,Vegetables,Mushroom Oyster Netherland Pac,Mushrooms,,150g,,13.5,,,90.0,,Rawabi,Active
2026-08-21,Vegetables,Mushroom Slice Doha-Packet,Mushrooms,,,,8.5,,,,,,Active
2026-08-21,Vegetables,Mushroom White Doha-Packet,Mushrooms,,,,7.0,,,,,,Active
2026-08-21,Vegetables,Onion Medium Bag,Onion,India,,,18.0,,,,,,Active
2026-08-21,Vegetables,Onion Small,Onion,India,1kg,,17.25,,,17.25,,Rawabi,Active
2026-08-21,Vegetables,White Onion,Onion,Lebanon,1kg,,7.5,,,7.5,,Rawabi,Active
2026-08-21,Vegetables,Aloe Vera,Other Vegetables,,,,,30.0,,,,,Active
2026-08-21,Vegetables,Chinese Potato,Other Vegetables,,1kg,,13.5,,,13.5,,Rawabi,Active
2026-08-21,Vegetables,Drumstick,Other Vegetables,India,1kg,,17.5,,,17.5,,Rawabi,Active
2026-08-21,Vegetables,Drumstick Leaves,Other Vegetables,India,1.0pc,,6.0,,,6000.0,,Rawabi,Active
2026-08-21,Vegetables,Eggplant,Other Vegetables,Holland,,,,28.0,,,,,Active
2026-08-21,Vegetables,Eggplant Long Arabia,Other Vegetables,Saudi,1kg,,8.5,,,8.5,,Rawabi,Active
2026-08-21,Vegetables,Eggplant Premium,Other Vegetables,Oman,1kg,,6.75,,,6.75,,Rawabi,Active
2026-08-21,Vegetables,Govar,Other Vegetables,India,1kg,,16.75,,,16.75,,Rawabi,Active
2026-08-21,Vegetables,Guava,Other Vegetables,India,1kg,,20.5,,,20.5,,Rawabi,Active
2026-08-21,Vegetables,Guava -Packet,Other Vegetables,Thailand,,,32.0,,,,,,Active
2026-08-21,Vegetables,Guava Red,Other Vegetables,Thailand,1kg,,42.0,,,42.0,,Rawabi,Active
2026-08-21,Vegetables,Guava Red -Packet,Other Vegetables,Thailand,,,34.0,,,,,,Active
2026-08-21,Vegetables,Lollo Bioanda,Other Vegetables,Holland,1kg,,78.0,,,78.0,,Rawabi,Active
2026-08-21,Vegetables,Longan -Packet,Other Vegetables,Thailand,,,24.0,,,,,,Active
2026-08-21,Vegetables,Palak Leaves Doha,Other Vegetables,,1.0pc,,5.0,,,5000.0,,Rawabi,Active
2026-08-21,Vegetables,Rambutan -Packet,Other Vegetables,Thailand,,,22.0,,,,,,Active
2026-08-21,Vegetables,Redcurrent -Packet,Other Vegetables,Holland,,,22.0,,,,,,Active
2026-08-21,Vegetables,Tamarind -Box,Other Vegetables,Thailand,,,23.0,,,,,,Active
2026-08-21,Vegetables,Beans,Peas & Beans,India,1kg,,19.75,,,19.75,,Rawabi,Active
2026-08-21,Vegetables,Beans Fine Bean & Snow Peas Ke,Peas & Beans,,250g,,14.0,,,56.0,,Rawabi,Active
2026-08-21,Vegetables,Long Beans,Peas & Beans,India,1kg,,24.0,,,24.0,,Rawabi,Active
2026-08-21,Vegetables,Aravi Big,Potatoes & Starchy Vegetables,India,,,,9.0,,,,,Active
2026-08-21,Vegetables,Lothi,Potatoes & Starchy Vegetables,,1kg,,16.0,,,16.0,,Rawabi,Active
2026-08-21,Vegetables,Potato,Potatoes & Starchy Vegetables,Bangladesh,1kg,,16.0,,,16.0,,Rawabi,Active
2026-08-21,Vegetables,Potato Red,Potatoes & Starchy Vegetables,Pakistan,1kg,,4.0,,,4.0,,Rawabi,Active
2026-08-21,Vegetables,Sweet Potato,Potatoes & Starchy Vegetables,Australia,1kg,,38.0,,,38.0,,Rawabi,Active
2026-08-21,Vegetables,Sweet Potato,Potatoes & Starchy Vegetables,India,1kg,,17.5,,,17.5,,Rawabi,Active
2026-08-21,Vegetables,Sweet Potato Africa,Potatoes & Starchy Vegetables,,1kg,,8.0,,,8.0,,Rawabi,Active
2026-08-21,Vegetables,Sweet Potato By Air,Potatoes & Starchy Vegetables,Uganda,1kg,,18.0,,,18.0,,Rawabi,Active
2026-08-21,Vegetables,Tapioca,Potatoes & Starchy Vegetables,Sri Lanka,1kg,,13.75,,,13.75,,Rawabi,Active
2026-08-21,Vegetables,Yam,Potatoes & Starchy Vegetables,India,1kg,,11.5,,,11.5,,Rawabi,Active
2026-08-21,Vegetables,Butternut Pumpkin,Pumpkin,Oman,1kg,,7.75,,,7.75,,Rawabi,Active
2026-08-21,Vegetables,Disco Pumpkin,Pumpkin,India,1kg,,15.75,,,15.75,,Rawabi,Active
2026-08-21,Vegetables,Pumpkin,Pumpkin,Oman,1kg,,4.0,,,4.0,,Rawabi,Active
2026-08-21,Vegetables,White Pumpkin,Pumpkin,Qatar,,,,7.0,,,,,Active
2026-08-21,Vegetables,Radish Red -Packet,Raddish,Holland,,,5.5,,,,,,Active
2026-08-21,Vegetables,Radish White,Raddish,China,1kg,,11.0,,,11.0,,Rawabi,Active
2026-08-21,Vegetables,Red Radish,Raddish,Holland,1kg,,33.5,,,33.5,,Rawabi,Active
2026-08-21,Vegetables,Brussel Sprouts,Sprouts,,,,,14.75,,,,,Active
2026-08-21,Vegetables,Cherry Tomato Yellow Packet,Tomato,Holland,,,14.0,,,,,,Active
2026-08-21,Vegetables,Tomato Bunch,Tomato,Iran,1kg,,8.75,,,8.75,,Rawabi,Active
2026-08-21,Vegetables,Tomato Cherry Orange Netherland 250,Tomato,,,,14.75,,,,,,Active
2026-08-21,Vegetables,Tomato Cherry Plum Red,Tomato,Spain,500g,,26.0,,,52.0,,Rawabi,Active
2026-08-21,Vegetables,Tomato Green House Syria,Tomato,,1kg,,4.5,,,4.5,,Rawabi,Active
2026-08-21,Vegetables,Tomato Kumato,Tomato,Spain,1kg,,42.0,,,42.0,,Rawabi,Active
2026-08-21,Vegetables,Tomato Sweet Cherry Vine Netherland,Tomato,,,,48.0,,,,,,Active
2026-08-21,Vegetables,Tomatoes Cherry Plum,Tomato,,250g,,,20.0,,,80.0,Family,Active
2026-08-21,Vegetables,Turmeric,Turmeric,India,1kg,,18.0,,,18.0,,Rawabi,Active
2026-08-21,Vegetables,Turmeric -Packet,Turmeric,Thailand,,,6.5,,,,,,Active
2026-08-21,Fruits,Apple Gala,Apples,France,1kg,,,,,,,,Market Out
2026-08-21,Fruits,Apple Golden,Apples,Italy,1kg,,,,,,,,Market Out
2026-08-21,Fruits,Apple Green,Apples,Spain,1kg,,,,,,,,Market Out
2026-08-21,Fruits,Apple Ukraine,Apples,,1kg,,,,,,,,Market Out
2026-08-21,Fruits,Pineapple,Apples,India,1kg,,,,,,,,Market Out
2026-08-21,Fruits,Banana,Banana,Philippines,1kg,,,,,,,,Market Out
2026-08-21,Fruits,Banana Flower,Banana,,1kg,,,,,,,,Market Out
2026-08-21,Fruits,Banana Yellow,Banana,India,1kg,,,,,,,,Market Out
2026-08-21,Fruits,Kadali Banana By Air,Banana,India,1kg,,,,,,,,Market Out
2026-08-21,Fruits,Black Berry -Packet,Berries,Morocco,,,,,,,,,Market Out
2026-08-21,Fruits,Blueberry -Packet,Berries,Morocco,,,,,,,,,Market Out
2026-08-21,Fruits,Physalis,Berries,,125g,,,,,,,,Market Out
2026-08-21,Fruits,Raspberry Africa Packet,Berries,,,,,,,,,,Market Out
2026-08-21,Fruits,Mandarine Nadarcott,Citrus Fruits,Egypt,1kg,,,,,,,,Market Out
2026-08-21,Fruits,Orange Navel Africa,Citrus Fruits,,1kg,,,,,,,,Market Out
2026-08-21,Fruits,Grapes Red -Packet,Grapes,India,,,,,,,,,Market Out
2026-08-21,Fruits,Ash Banana,Green Banana,Sri Lanka,,,,,,,,,Market Out
2026-08-21,Fruits,Green Banana,Green Banana,Uganda,1kg,,,,,,,,Market Out
2026-08-21,Fruits,Green Banana,Green Banana,India,1kg,,,,,,,,Market Out
2026-08-21,Fruits,Kiwi Greece,Kiwi,,1kg,,,,,,,,Market Out
2026-08-21,Fruits,Mango,Mangoes,Egypt,1kg,,,,,,,,Market Out
2026-08-21,Fruits,Mango Badami Air,Mangoes,India,1kg,,,,,,,,Market Out
2026-08-21,Fruits,Mango Galbetor Yeman,Mangoes,,1kg,,,,,,,,Market Out
2026-08-21,Fruits,Mango Ginger,Mangoes,India,,,,,,,,,Market Out
2026-08-21,Fruits,Mango Yemen Cartoon,Mangoes,,,,,,,,,,Market Out
2026-08-21,Fruits,Sweet Melon,Melons,Jordan,1kg,,,,,,,,Market Out
2026-08-21,Vegetables,Cauliflower Mazra Doha,Cabbage & Broccoli,,1kg,,,,,,,,Market Out
2026-08-21,Vegetables,Green Chilly By Air,Chillies & Spicy,India,1kg,,,,,,,,Market Out
2026-08-21,Vegetables,Green Chilly By Air,Chillies & Spicy,India,250g,,,,,,,,Market Out
2026-08-21,Vegetables,Pinakbet Mixed,Combo Pack,,1kg,,,,,,,,Market Out
2026-08-21,Vegetables,Cucumber Premium Doha,Cucumber,,1kg,,,,,,,,Market Out
2026-08-21,Vegetables,Peeled Garlic,Garlic,,250g,,,,,,,,Market Out
2026-08-21,Vegetables,Bottle Gourd Doha,Gourds,,1kg,,,,,,,,Market Out
2026-08-21,Vegetables,Ivy Gourd (Kovakka) Indian,Gourds,India,1kg,,,,,,,,Market Out
2026-08-21,Vegetables,Baby Fennel Africa-Packet,Herbs,,,,,,,,,,Market Out
2026-08-21,Vegetables,Mint Leaves -Packet,Herbs,Jordan,,,,,,,,,Market Out
2026-08-21,Vegetables,Arugula (Jerjir)Leaves Doha,Leafy Vegetables,,500g,,,,,,,,Market Out
2026-08-21,Vegetables,Lettuce Iceberge,Leafy Vegetables,Holland,1kg,,,,,,,,Market Out
2026-08-21,Vegetables,Lettuce Iceberge,Leafy Vegetables,Holland,250g,,,,,,,,Market Out
2026-08-21,Vegetables,Red Chard Mix,Leafy Vegetables,Italy,125g,,,,,,,,Market Out
2026-08-21,Vegetables,Mushroom Slice,Mushrooms,Qatar,,,,,,,,,Market Out
2026-08-21,Vegetables,Onion Big,Onion,India,1kg,,,,,,,,Market Out
2026-08-21,Vegetables,Onion Small Bag,Onion,India,,,,,,,,,Market Out
2026-08-21,Vegetables,Onion White,Onion,Spain,1kg,,,,,,,,Market Out
2026-08-21,Vegetables,Bagal Leaves,Other Vegetables,,1.0pc,,,,,,,,Market Out
2026-08-21,Vegetables,Colacasia,Other Vegetables,India,1kg,,,,,,,,Market Out
2026-08-21,Vegetables,Green Spianch Doha 1 Bunch,Other Vegetables,,,,,,,,,,Market Out
2026-08-21,Vegetables,Palak Doha Pc,Other Vegetables,,,,,,,,,,Market Out
2026-08-21,Vegetables,Potato Bag,Potatoes & Starchy Vegetables,Pakistan,,,,,,,,,Market Out
2026-08-21,Vegetables,Potato Syria,Potatoes & Starchy Vegetables,,1kg,,,,,,,,Market Out
2026-08-21,Vegetables,Butter Nut Pumpkin Africa,Pumpkin,,1kg,,,,,,,,Market Out
2026-08-21,Vegetables,Cherry Tomato -Packet,Tomato,Morocco,,,,,,,,,Market Out
2026-08-21,Vegetables,Tomato Green House,Tomato,Jordan,1kg,,,,,,,,Market Out
2026-08-20,Fruits,Apple,Apples,Pakistan,1kg,,9.75,,,9.75,,Rawabi,Active
2026-08-20,Fruits,Apple Africa,Apples,,1kg,,11.0,,,11.0,,Rawabi,Active
2026-08-20,Fruits,Apple Gala,Apples,France,1kg,,11.0,,,11.0,,Rawabi,Active
2026-08-20,Fruits,Apple Golden,Apples,Italy,1kg,,12.0,,,12.0,,Rawabi,Active
2026-08-20,Fruits,Apple Green,Apples,Spain,1kg,,11.0,,,11.0,,Rawabi,Active
2026-08-20,Fruits,Apple Red,Apples,Usa,1kg,,14.5,,,14.5,,Rawabi,Active
2026-08-20,Fruits,Apple Ukraine,Apples,,1kg,,10.0,,,10.0,,Rawabi,Active
2026-08-20,Fruits,Pineapple,Apples,India,1kg,,12.75,,,12.75,,Rawabi,Active
2026-08-20,Fruits,Pineapple Golden,Apples,Kenya,1kg,,13.5,,,13.5,,Rawabi,Active
2026-08-20,Fruits,Avocado,Avocado,Uganda,1kg,,18.0,,,18.0,,Rawabi,Active
2026-08-20,Fruits,Avocado Hass,Avocado,Uganda,1kg,,26.0,,,26.0,,Rawabi,Active
2026-08-20,Fruits,Banana,Banana,Philippines,1kg,,7.5,,,7.5,,Rawabi,Active
2026-08-20,Fruits,Banana Flower,Banana,,1kg,,17.0,,,17.0,,Rawabi,Active
2026-08-20,Fruits,Banana Yellow,Banana,India,1kg,,12.75,,,12.75,,Rawabi,Active
2026-08-20,Fruits,Kadali Banana By Air,Banana,India,1kg,,17.5,,,17.5,,Rawabi,Active
2026-08-20,Fruits,Kadhali Banana,Banana,India,1kg,,16.0,,,16.0,,Rawabi,Active
2026-08-20,Fruits,Black Berry -Packet,Berries,Morocco,,,24.5,,,,,,Active
2026-08-20,Fruits,Blackberry -Packet,Berries,Usa,,,24.0,,,,,,Active
2026-08-20,Fruits,Blueberry -Packet,Berries,Morocco,,,13.0,,,,,,Active
2026-08-20,Fruits,Physalis,Berries,,125g,,,13.0,,,104.0,Family,Active
2026-08-20,Fruits,Raspberry Africa Packet,Berries,,,,26.0,,,,,,Active
2026-08-20,Fruits,Lemon Africa,Citrus Fruits,,1kg,,7.5,,,7.5,,Rawabi,Active
2026-08-20,Fruits,Lemon Africa,Citrus Fruits,,250g,,1.75,,,7.0,,Rawabi,Active
2026-08-20,Fruits,Lime,Citrus Fruits,Vietnam,1kg,,7.75,,,7.75,,Rawabi,Active
2026-08-20,Fruits,Lime,Citrus Fruits,Vietnam,250g,,2.25,,,9.0,,Rawabi,Active
2026-08-20,Fruits,Mandarin,Citrus Fruits,China,1kg,,13.5,,,13.5,,Rawabi,Active
2026-08-20,Fruits,Mandarine Nadarcott,Citrus Fruits,Egypt,1kg,,8.5,,,8.5,,Rawabi,Active
2026-08-20,Fruits,Orange Navel Africa,Citrus Fruits,,1kg,,7.5,,,7.5,,Rawabi,Active
2026-08-20,Fruits,Coconut,Coconut,India,1.0pc,,3.5,,,3500.0,,Rawabi,Active
2026-08-20,Fruits,Coconut Grated,Coconut,India,1.0pc,,3.5,,,3500.0,,Rawabi,Active
2026-08-20,Fruits,Coconut Young,Coconut,Sri Lanka,1.0pc,,9.5,,,9500.0,,Rawabi,Active
2026-08-20,Fruits,Grape White Packet,Grapes,Egypt,1kg,,16.0,,,16.0,,Rawabi,Active
2026-08-20,Fruits,Grapefruit Africa,Grapes,,1kg,,7.5,,,7.5,,Rawabi,Active
2026-08-20,Fruits,Grapes Red -Packet,Grapes,India,,,9.0,,,,,,Active
2026-08-20,Fruits,Grapes White,Grapes,Australia,1kg,,50.0,,,50.0,,Rawabi,Active
2026-08-20,Fruits,Grapes White,Grapes,Australia,500g,,25.0,,,50.0,,Rawabi,Active
2026-08-20,Fruits,Ash Banana,Green Banana,Sri Lanka,,,,9.5,,,,,Active
2026-08-20,Fruits,Green Banana,Green Banana,Uganda,1kg,,17.75,,,17.75,,Rawabi,Active
2026-08-20,Fruits,Green Banana,Green Banana,India,1kg,,12.75,,,12.75,,Rawabi,Active
2026-08-20,Fruits,Kiwi Gold New Zealand,Kiwi,,1kg,,55.0,,,55.0,,Rawabi,Active
2026-08-20,Fruits,Kiwi Gold New Zealand,Kiwi,,250g,,13.75,,,55.0,,Rawabi,Active
2026-08-20,Fruits,Kiwi Greece,Kiwi,,1kg,,28.0,,,28.0,,Rawabi,Active
2026-08-20,Fruits,Mango,Mangoes,Egypt,1kg,,10.0,,,10.0,,Rawabi,Active
2026-08-20,Fruits,Mango Badami Air,Mangoes,India,1kg,,18.0,,,18.0,,Rawabi,Active
2026-08-20,Fruits,Mango Galbetor Yeman,Mangoes,,1kg,,13.5,,,13.5,,Rawabi,Active
2026-08-20,Fruits,Mango Ginger,Mangoes,India,,,,18.0,,,,,Active
2026-08-20,Fruits,Mango Yemen Cartoon,Mangoes,,,,35.0,,,,,,Active
2026-08-20,Fruits,Mangosteen Packet,Mangoes,Thailand,,,25.0,,,,,,Active
2026-08-20,Fruits,Sweet Melon,Melons,Jordan,1kg,,3.0,,,3.0,,Rawabi,Active
2026-08-20,Fruits,Papaya,Papaya,Sri Lanka,1kg,,17.5,,,17.5,,Rawabi,Active
2026-08-20,Fruits,Plums Red Africa,Plums,,1kg,,18.0,,,18.0,,Rawabi,Active
2026-08-20,Fruits,Pomegranate,Pomegranates,India,1kg,,18.0,,,18.0,,Rawabi,Active
2026-08-20,Fruits,Pomegranate,Pomegranates,India,500g,,9.0,,,18.0,,Rawabi,Active
2026-08-20,Fruits,Pomegranate,Pomegranates,Peru,1kg,,21.0,,,21.0,,Rawabi,Active
2026-08-20,Fruits,Pomegranate -Carton,Pomegranates,India,,,22.0,,,,,,Active
2026-08-20,Vegetables,Beetroot,Beetroot,Oman,1kg,,7.5,,,7.5,,Rawabi,Active
2026-08-20,Vegetables,Beetroot Cooked,Beetroot,,500g,,,22.0,,,44.0,Family,Active
2026-08-20,Vegetables,Broccoli,Cabbage & Broccoli,Spain,1kg,,20.0,,,20.0,,Rawabi,Active
2026-08-20,Vegetables,Broccoli,Cabbage & Broccoli,Spain,500g,,10.0,,,20.0,,Rawabi,Active
2026-08-20,Vegetables,Cabbage,Cabbage & Broccoli,Oman,1kg,,4.5,,,4.5,,Rawabi,Active
2026-08-20,Vegetables,Cauliflower Mazra Doha,Cabbage & Broccoli,,1kg,,7.0,,,7.0,,Rawabi,Active
2026-08-20,Vegetables,Capsicum,Capsicum,Holland,1kg,,18.0,,,18.0,,Rawabi,Active
2026-08-20,Vegetables,Capsicum,Capsicum,Holland,500g,,9.0,,,18.0,,Rawabi,Active
2026-08-20,Vegetables,Capsicum 4Color (Packet),Capsicum,Holland,,,22.0,,,,,,Active
2026-08-20,Vegetables,Capsicum Green,Capsicum,Holland,,,,28.5,,,,,Active
2026-08-20,Vegetables,Capsicum Green,Capsicum,Jordan,1kg,,5.0,,,5.0,,Rawabi,Active
2026-08-20,Vegetables,Capsicum Green,Capsicum,Jordan,500g,,2.5,,,5.0,,Rawabi,Active
2026-08-20,Vegetables,Capsicum Mix Pkt,Capsicum,Holland,4.0pcs,,,20.0,,,5000.0,Family,Active
2026-08-20,Vegetables,Capsicum Orange,Capsicum,Holland,,,,13.5,,,,,Active
2026-08-20,Vegetables,Capsicum Red,Capsicum,Holland,,,,13.75,,,,,Active
2026-08-20,Vegetables,Carrot,Carrots,Australia,1kg,,7.0,,,7.0,,Rawabi,Active
2026-08-20,Vegetables,Carrot,Carrots,Australia,500g,,3.5,,,7.0,,Rawabi,Active
2026-08-20,Vegetables,Chayote,Chayote,India,1kg,,16.0,,,16.0,,Rawabi,Active
2026-08-20,Vegetables,Chilli,Chillies & Spicy,Uganda,1kg,,19.5,,,19.5,,Rawabi,Active
2026-08-20,Vegetables,Chilli,Chillies & Spicy,Uganda,250g,,5.0,,,20.0,,Rawabi,Active
2026-08-20,Vegetables,Chilly Red,Chillies & Spicy,Holland,,,,23.75,,,,,Active
2026-08-20,Vegetables,Ginger,Chillies & Spicy,China,1kg,,8.0,,,8.0,,Rawabi,Active
2026-08-20,Vegetables,Ginger,Chillies & Spicy,Uganda,1kg,,19.0,,,19.0,,Rawabi,Active
2026-08-20,Vegetables,Ginger,Chillies & Spicy,China,250g,,2.0,,,8.0,,Rawabi,Active
2026-08-20,Vegetables,Ginger,Chillies & Spicy,Uganda,250g,,4.75,,,19.0,,Rawabi,Active
2026-08-20,Vegetables,Green Chilly By Air,Chillies & Spicy,India,1kg,,15.0,,,15.0,,Rawabi,Active
2026-08-20,Vegetables,Green Chilly By Air,Chillies & Spicy,India,250g,,3.75,,,15.0,,Rawabi,Active
2026-08-20,Vegetables,Hot Pepper Mix,Chillies & Spicy,Uganda,1kg,,31.0,,,31.0,,Rawabi,Active
2026-08-20,Vegetables,Hot Pepper Mix,Chillies & Spicy,Uganda,250g,,7.75,,,31.0,,Rawabi,Active
2026-08-20,Vegetables,Jalapeno Hot Red Pepper,Chillies & Spicy,Usa,,,,88.0,,,,,Active
2026-08-20,Vegetables,Pinakbet Mixed,Combo Pack,,1kg,,,25.0,,,25.0,Family,Active
2026-08-20,Vegetables,Zucchini,Courgettes & Artichoke,Jordan,1kg,,6.0,,,6.0,,Rawabi,Active
2026-08-20,Vegetables,Cucumber Mazra Doha,Cucumber,,1kg,,7.5,,,7.5,,Rawabi,Active
2026-08-20,Vegetables,Cucumber Premium Doha,Cucumber,,1kg,,7.5,,,7.5,,Rawabi,Active
2026-08-20,Vegetables,Yellow Cucumber,Cucumber,India,1kg,,15.75,,,15.75,,Rawabi,Active
2026-08-20,Vegetables,Garlic,Garlic,China,1kg,,8.0,,,8.0,,Rawabi,Active
2026-08-20,Vegetables,Garlic,Garlic,China,250g,,2.0,,,8.0,,Rawabi,Active
2026-08-20,Vegetables,Garlic Packet Big,Garlic,China,,,9.0,,,,,,Active
2026-08-20,Vegetables,Garlic Small Pkt ( ),Garlic,China,,,4.5,,,,,,Active
2026-08-20,Vegetables,Peeled Garlic,Garlic,,250g,,,8.5,,,34.0,Family,Active
2026-08-20,Vegetables,Ashgourd,Gourds,Oman,1kg,,5.75,,,5.75,,Rawabi,Active
2026-08-20,Vegetables,Bitter Gourd,Gourds,India,1kg,,17.0,,,17.0,,Rawabi,Active
2026-08-20,Vegetables,Bottle Gourd Doha,Gourds,,1kg,,6.5,,,6.5,,Rawabi,Active
2026-08-20,Vegetables,Ivy Gourd (Kovakka) Indian,Gourds,India,1kg,,16.5,,,16.5,,Rawabi,Active
2026-08-20,Vegetables,Ridge Gourd,Gourds,India,1kg,,17.0,,,17.0,,Rawabi,Active
2026-08-20,Vegetables,Snake Gourd,Gourds,India,1kg,,17.0,,,17.0,,Rawabi,Active
2026-08-20,Vegetables,Baby Fennel Africa-Packet,Herbs,,,,22.5,,,,,,Active
2026-08-20,Vegetables,Celery Stick,Herbs,Spain,1kg,,35.0,,,35.0,,Rawabi,Active
2026-08-20,Vegetables,Celery Stick,Herbs,Spain,250g,,8.75,,,35.0,,Rawabi,Active
2026-08-20,Vegetables,Curry Leaves,Herbs,Uganda,,,35.0,,,,,,Active
2026-08-20,Vegetables,Fennel,Herbs,,,,,20.0,,,,,Active
2026-08-20,Vegetables,Mint Leaves -Packet,Herbs,Jordan,,,3.5,,,,,,Active
2026-08-20,Vegetables,Parsley Leaves 1 Bunch,Herbs,Saudi,,,2.0,,,,,,Active
2026-08-20,Vegetables,Rosemary,Herbs,Kenya,1.0pc,,12.0,,,12000.0,,Rawabi,Active
2026-08-20,Vegetables,Lady Finger,Lady Finger,India,1kg,,17.0,,,17.0,,Rawabi,Active
2026-08-20,Vegetables,Arugula (Jerjir)Leaves Doha,Leafy Vegetables,,500g,,3.75,,,7.5,,Rawabi,Active
2026-08-20,Vegetables,Arugula (Jerjir)Leaves Doha 1 Bunch,Leafy Vegetables,,,,7.5,,,,,,Active
2026-08-20,Vegetables,Kale,Leafy Vegetables,Holland,,,,21.25,,,,,Active
2026-08-20,Vegetables,Kangkong Doha,Leafy Vegetables,,1.0pc,,4.0,,,4000.0,,Rawabi,Active
2026-08-20,Vegetables,Lettuce,Leafy Vegetables,Jordan,1kg,,4.0,,,4.0,,Rawabi,Active
2026-08-20,Vegetables,Lettuce,Leafy Vegetables,Jordan,500g,,2.0,,,4.0,,Rawabi,Active
2026-08-20,Vegetables,Lettuce Ice Berge,Leafy Vegetables,Spain,1kg,,38.0,,,38.0,,Rawabi,Active
2026-08-20,Vegetables,Lettuce Ice Berge,Leafy Vegetables,Spain,250g,,9.5,,,38.0,,Rawabi,Active
2026-08-20,Vegetables,Lettuce Iceberge,Leafy Vegetables,Holland,1kg,,13.0,,,13.0,,Rawabi,Active
2026-08-20,Vegetables,Lettuce Iceberge,Leafy Vegetables,Holland,250g,,1.75,,,7.0,,Rawabi,Active
2026-08-20,Vegetables,Molokhia Doha,Leafy Vegetables,,,,4.5,,,,,,Active
2026-08-20,Vegetables,Molokhia Doha,Leafy Vegetables,,250g,,1.25,,,5.0,,Rawabi,Active
2026-08-20,Vegetables,Red Chard Mix,Leafy Vegetables,Italy,125g,,,10.0,,,80.0,Family,Active
2026-08-20,Vegetables,Red Spinach Doha 1 Bunch,Leafy Vegetables,,,,3.5,,,,,,Active
2026-08-20,Vegetables,Leeks,Leeks/Spring Onions,Holland,1kg,,34.0,,,34.0,,Rawabi,Active
2026-08-20,Vegetables,Leeks,Leeks/Spring Onions,Holland,250g,,8.5,,,34.0,,Rawabi,Active
2026-08-20,Vegetables,Mushroom Brown Doha-Packet,Mushrooms,,,,8.5,,,,,,Active
2026-08-20,Vegetables,Mushroom Slice,Mushrooms,Qatar,,,,8.5,,,,,Active
2026-08-20,Vegetables,Mushroom Slice Doha-Packet,Mushrooms,,,,8.5,,,,,,Active
2026-08-20,Vegetables,Mushroom White Doha-Packet,Mushrooms,,,,7.0,,,,,,Active
2026-08-20,Vegetables,Onion Big,Onion,India,1kg,,3.5,,,3.5,,Rawabi,Active
2026-08-20,Vegetables,Onion Medium Bag,Onion,India,,,17.0,,,,,,Active
2026-08-20,Vegetables,Onion Small,Onion,India,1kg,,18.5,,,18.5,,Rawabi,Active
2026-08-20,Vegetables,Onion Small Bag,Onion,India,,,11.0,,,,,,Active
2026-08-20,Vegetables,Onion White,Onion,Spain,1kg,,10.0,,,10.0,,Rawabi,Active
2026-08-20,Vegetables,Aloe Vera,Other Vegetables,,,,,30.0,,,,,Active
2026-08-20,Vegetables,Bagal Leaves,Other Vegetables,,1.0pc,,8.0,,,8000.0,,Rawabi,Active
2026-08-20,Vegetables,Colacasia,Other Vegetables,India,1kg,,17.0,,,17.0,,Rawabi,Active
2026-08-20,Vegetables,Drumstick,Other Vegetables,India,1kg,,18.5,,,18.5,,Rawabi,Active
2026-08-20,Vegetables,Eggplant,Other Vegetables,Holland,,,,28.0,,,,,Active
2026-08-20,Vegetables,Eggplant Premium,Other Vegetables,Oman,1kg,,7.5,,,7.5,,Rawabi,Active
2026-08-20,Vegetables,Green Spianch Doha 1 Bunch,Other Vegetables,,,,3.5,,,,,,Active
2026-08-20,Vegetables,Lollo Bioanda,Other Vegetables,Holland,1kg,,16.0,,,16.0,,Rawabi,Active
2026-08-20,Vegetables,Lollo Bioanda,Other Vegetables,Holland,250g,,4.0,,,16.0,,Rawabi,Active
2026-08-20,Vegetables,Longan -Packet,Other Vegetables,Thailand,,,24.0,,,,,,Active
2026-08-20,Vegetables,Palak Doha Pc,Other Vegetables,,,,3.0,,,,,,Active
2026-08-20,Vegetables,Rambutan -Packet,Other Vegetables,Thailand,,,25.0,,,,,,Active
2026-08-20,Vegetables,Beans,Peas & Beans,India,1kg,,19.0,,,19.0,,Rawabi,Active
2026-08-20,Vegetables,Potato,Potatoes & Starchy Vegetables,Egypt,1kg,,3.5,,,3.5,,Rawabi,Active
2026-08-20,Vegetables,Potato Bag,Potatoes & Starchy Vegetables,Pakistan,,,7.5,,,,,,Active
2026-08-20,Vegetables,Potato Syria,Potatoes & Starchy Vegetables,,1kg,,3.0,,,3.0,,Rawabi,Active
2026-08-20,Vegetables,Sweet Potato By Air,Potatoes & Starchy Vegetables,Uganda,1kg,,20.0,,,20.0,,Rawabi,Active
2026-08-20,Vegetables,Yam,Potatoes & Starchy Vegetables,India,1kg,,12.75,,,12.75,,Rawabi,Active
2026-08-20,Vegetables,Butter Nut Pumpkin Africa,Pumpkin,,1kg,,8.5,,,8.5,,Rawabi,Active
2026-08-20,Vegetables,Disco Pumpkin,Pumpkin,India,1kg,,16.0,,,16.0,,Rawabi,Active
2026-08-20,Vegetables,Pumpkin,Pumpkin,Oman,1kg,,4.75,,,4.75,,Rawabi,Active
2026-08-20,Vegetables,Radish Red -Packet,Raddish,Holland,,,5.5,,,,,,Active
2026-08-20,Vegetables,Red Radish,Raddish,Holland,1kg,,30.0,,,30.0,,Rawabi,Active
2026-08-20,Vegetables,Brussel Sprouts,Sprouts,,,,,14.75,,,,,Active
2026-08-20,Vegetables,Cherry Tomato -Packet,Tomato,Morocco,,,12.0,,,,,,Active
2026-08-20,Vegetables,Tomato Green House,Tomato,Jordan,1kg,,4.5,,,4.5,,Rawabi,Active
2026-08-20,Vegetables,Tomato Green House Syria,Tomato,,1kg,,4.75,,,4.75,,Rawabi,Active
2026-08-20,Vegetables,Turmeric,Turmeric,India,1kg,,17.0,,,17.0,,Rawabi,Active
2026-08-20,Vegetables,Turmeric,Turmeric,India,250g,,4.25,,,17.0,,Rawabi,Active
2026-08-20,Fruits,Orange Valencia,Citrus Fruits,Egypt,1kg,,,,,,,,Market Out
2026-08-20,Fruits,Water Melon,Melons,Jordan,1kg,,,,,,,,Market Out
2026-08-20,Vegetables,Capsicum Yellow,Capsicum,Holland,,,,,,,,,Market Out
2026-08-20,Vegetables,Jalapeno Peppers,Chillies & Spicy,,,,,,,,,,Market Out
2026-08-20,Vegetables,Mixed Chilli Red & Green Pkt,Chillies & Spicy,,,,,,,,,,Market Out
2026-08-20,Vegetables,Baby Corn,Corns & Baby Corn,Thailand,125g,,,,,,,,Market Out
2026-08-20,Vegetables,Lemon Grass,Herbs,,,,,,,,,,Market Out
2026-08-20,Vegetables,Lettuce Gem Tray,Leafy Vegetables,Spain,,,,,,,,,Market Out
2026-08-20,Vegetables,Tapioca,Potatoes & Starchy Vegetables,India,,,,,,,,,Market Out
2026-08-20,Vegetables,Red Radish Poly Bag,Raddish,,125g,,,,,,,,Market Out
2026-08-20,Vegetables,Tomatoes Cherry Plum,Tomato,,250g,,,,,,,,Market Out
2026-08-19,Fruits,Apple,Apples,Pakistan,1kg,,9.75,,,9.75,,Rawabi,Active
2026-08-19,Fruits,Apple Africa,Apples,,1kg,,11.0,,,11.0,,Rawabi,Active
2026-08-19,Fruits,Apple Gala,Apples,France,1kg,,11.0,,,11.0,,Rawabi,Active
2026-08-19,Fruits,Apple Golden,Apples,Italy,1kg,,12.0,,,12.0,,Rawabi,Active
2026-08-19,Fruits,Apple Green,Apples,Spain,1kg,,11.0,,,11.0,,Rawabi,Active
2026-08-19,Fruits,Apple Red,Apples,Usa,1kg,,14.5,,,14.5,,Rawabi,Active
2026-08-19,Fruits,Apple Ukraine,Apples,,1kg,,10.0,,,10.0,,Rawabi,Active
2026-08-19,Fruits,Pineapple,Apples,India,1kg,,17.0,,,17.0,,Rawabi,Active
2026-08-19,Fruits,Pineapple Golden,Apples,Kenya,1kg,,13.5,,,13.5,,Rawabi,Active
2026-08-19,Fruits,Avocado,Avocado,Uganda,1kg,,18.0,,,18.0,,Rawabi,Active
2026-08-19,Fruits,Avocado Hass,Avocado,Uganda,1kg,,26.0,,,26.0,,Rawabi,Active
2026-08-19,Fruits,Banana,Banana,Philippines,1kg,,7.5,,,7.5,,Rawabi,Active
2026-08-19,Fruits,Banana Flower,Banana,,1kg,,17.0,,,17.0,,Rawabi,Active
2026-08-19,Fruits,Banana Yellow,Banana,India,1kg,,12.75,,,12.75,,Rawabi,Active
2026-08-19,Fruits,Kadali Banana By Air,Banana,India,1kg,,17.5,,,17.5,,Rawabi,Active
2026-08-19,Fruits,Kadhali Banana,Banana,India,1kg,,16.0,,,16.0,,Rawabi,Active
2026-08-19,Fruits,Black Berry -Packet,Berries,Morocco,,,24.5,,,,,,Active
2026-08-19,Fruits,Blackberry -Packet,Berries,Usa,,,24.0,,,,,,Active
2026-08-19,Fruits,Blueberry -Packet,Berries,Morocco,,,13.0,,,,,,Active
2026-08-19,Fruits,Raspberry Africa Packet,Berries,,,,26.0,,,,,,Active
2026-08-19,Fruits,Lemon Africa,Citrus Fruits,,1kg,,7.5,,,7.5,,Rawabi,Active
2026-08-19,Fruits,Lemon Africa,Citrus Fruits,,250g,,1.75,,,7.0,,Rawabi,Active
2026-08-19,Fruits,Lime,Citrus Fruits,Vietnam,1kg,,8.5,,,8.5,,Rawabi,Active
2026-08-19,Fruits,Lime,Citrus Fruits,Vietnam,250g,,2.25,,,9.0,,Rawabi,Active
2026-08-19,Fruits,Mandarin,Citrus Fruits,China,1kg,,13.5,,,13.5,,Rawabi,Active
2026-08-19,Fruits,Mandarine Nadarcott,Citrus Fruits,Egypt,1kg,,8.5,,,8.5,,Rawabi,Active
2026-08-19,Fruits,Orange Navel Africa,Citrus Fruits,,1kg,,7.5,,,7.5,,Rawabi,Active
2026-08-19,Fruits,Orange Valencia,Citrus Fruits,Egypt,1kg,,5.75,,,5.75,,Rawabi,Active
2026-08-19,Fruits,Coconut,Coconut,India,1.0pc,,3.0,,,3000.0,,Rawabi,Active
2026-08-19,Fruits,Coconut Grated,Coconut,India,1.0pc,,3.5,,,3500.0,,Rawabi,Active
2026-08-19,Fruits,Coconut Young,Coconut,Sri Lanka,1.0pc,,9.5,,,9500.0,,Rawabi,Active
2026-08-19,Fruits,Grape White Packet,Grapes,Egypt,1kg,,16.0,,,16.0,,Rawabi,Active
2026-08-19,Fruits,Grapefruit Africa,Grapes,,1kg,,7.5,,,7.5,,Rawabi,Active
2026-08-19,Fruits,Grapes Red -Packet,Grapes,India,,,9.0,,,,,,Active
2026-08-19,Fruits,Grapes White,Grapes,Australia,1kg,,50.0,,,50.0,,Rawabi,Active
2026-08-19,Fruits,Grapes White,Grapes,Australia,500g,,25.0,,,50.0,,Rawabi,Active
2026-08-19,Fruits,Green Banana,Green Banana,Uganda,1kg,,17.75,,,17.75,,Rawabi,Active
2026-08-19,Fruits,Green Banana,Green Banana,India,1kg,,12.75,,,12.75,,Rawabi,Active
2026-08-19,Fruits,Kiwi Gold New Zealand,Kiwi,,1kg,,55.0,,,55.0,,Rawabi,Active
2026-08-19,Fruits,Kiwi Gold New Zealand,Kiwi,,250g,,13.75,,,55.0,,Rawabi,Active
2026-08-19,Fruits,Kiwi Greece,Kiwi,,1kg,,28.0,,,28.0,,Rawabi,Active
2026-08-19,Fruits,Mango,Mangoes,Egypt,1kg,,10.0,,,10.0,,Rawabi,Active
2026-08-19,Fruits,Mango Badami Air,Mangoes,India,1kg,,18.0,,,18.0,,Rawabi,Active
2026-08-19,Fruits,Mango Galbetor Yeman,Mangoes,,1kg,,13.5,,,13.5,,Rawabi,Active
2026-08-19,Fruits,Mango Ginger,Mangoes,India,,,,18.0,,,,,Active
2026-08-19,Fruits,Mango Yemen Cartoon,Mangoes,,,,35.0,,,,,,Active
2026-08-19,Fruits,Mangosteen Packet,Mangoes,Thailand,,,25.0,,,,,,Active
2026-08-19,Fruits,Sweet Melon,Melons,Jordan,1kg,,3.0,,,3.0,,Rawabi,Active
2026-08-19,Fruits,Water Melon,Melons,Jordan,1kg,,3.5,,,3.5,,Rawabi,Active
2026-08-19,Fruits,Papaya,Papaya,Sri Lanka,1kg,,17.5,,,17.5,,Rawabi,Active
2026-08-19,Fruits,Plums Red Africa,Plums,,1kg,,18.0,,,18.0,,Rawabi,Active
2026-08-19,Fruits,Pomegranate,Pomegranates,India,1kg,,18.0,,,18.0,,Rawabi,Active
2026-08-19,Fruits,Pomegranate,Pomegranates,India,500g,,9.0,,,18.0,,Rawabi,Active
2026-08-19,Fruits,Pomegranate,Pomegranates,Peru,1kg,,21.0,,,21.0,,Rawabi,Active
2026-08-19,Fruits,Pomegranate -Carton,Pomegranates,India,,,22.0,,,,,,Active
2026-08-19,Vegetables,Beetroot,Beetroot,Oman,1kg,,7.5,,,7.5,,Rawabi,Active
2026-08-19,Vegetables,Beetroot Cooked,Beetroot,,500g,,,22.0,,,44.0,Family,Active
2026-08-19,Vegetables,Broccoli,Cabbage & Broccoli,Spain,1kg,,20.0,,,20.0,,Rawabi,Active
2026-08-19,Vegetables,Broccoli,Cabbage & Broccoli,Spain,500g,,10.0,,,20.0,,Rawabi,Active
2026-08-19,Vegetables,Cabbage,Cabbage & Broccoli,Oman,1kg,,4.5,,,4.5,,Rawabi,Active
2026-08-19,Vegetables,Cauliflower Mazra Doha,Cabbage & Broccoli,,1kg,,7.0,,,7.0,,Rawabi,Active
2026-08-19,Vegetables,Capsicum,Capsicum,Holland,1kg,,18.0,,,18.0,,Rawabi,Active
2026-08-19,Vegetables,Capsicum,Capsicum,Holland,500g,,9.0,,,18.0,,Rawabi,Active
2026-08-19,Vegetables,Capsicum 4Color (Packet),Capsicum,Holland,,,22.0,,,,,,Active
2026-08-19,Vegetables,Capsicum Green,Capsicum,Jordan,1kg,,5.0,,,5.0,,Rawabi,Active
2026-08-19,Vegetables,Capsicum Green,Capsicum,Jordan,500g,,2.5,,,5.0,,Rawabi,Active
2026-08-19,Vegetables,Capsicum Mix Pkt,Capsicum,Holland,4.0pcs,,,20.0,,,5000.0,Family,Active
2026-08-19,Vegetables,Capsicum Orange,Capsicum,Holland,,,,13.5,,,,,Active
2026-08-19,Vegetables,Capsicum Yellow,Capsicum,Holland,,,,13.75,,,,,Active
2026-08-19,Vegetables,Carrot,Carrots,Australia,1kg,,7.0,,,7.0,,Rawabi,Active
2026-08-19,Vegetables,Carrot,Carrots,Australia,500g,,3.5,,,7.0,,Rawabi,Active
2026-08-19,Vegetables,Chayote,Chayote,India,1kg,,16.0,,,16.0,,Rawabi,Active
2026-08-19,Vegetables,Chilli,Chillies & Spicy,Uganda,1kg,,19.5,,,19.5,,Rawabi,Active
2026-08-19,Vegetables,Chilli,Chillies & Spicy,Uganda,250g,,5.0,,,20.0,,Rawabi,Active
2026-08-19,Vegetables,Ginger,Chillies & Spicy,China,1kg,,8.0,,,8.0,,Rawabi,Active
2026-08-19,Vegetables,Ginger,Chillies & Spicy,Uganda,1kg,,19.0,,,19.0,,Rawabi,Active
2026-08-19,Vegetables,Ginger,Chillies & Spicy,China,250g,,2.0,,,8.0,,Rawabi,Active
2026-08-19,Vegetables,Ginger,Chillies & Spicy,Uganda,250g,,4.75,,,19.0,,Rawabi,Active
2026-08-19,Vegetables,Green Chilly By Air,Chillies & Spicy,India,1kg,,15.0,,,15.0,,Rawabi,Active
2026-08-19,Vegetables,Green Chilly By Air,Chillies & Spicy,India,250g,,3.75,,,15.0,,Rawabi,Active
2026-08-19,Vegetables,Hot Pepper Mix,Chillies & Spicy,Uganda,1kg,,31.0,,,31.0,,Rawabi,Active
2026-08-19,Vegetables,Hot Pepper Mix,Chillies & Spicy,Uganda,250g,,7.75,,,31.0,,Rawabi,Active
2026-08-19,Vegetables,Jalapeno Hot Red Pepper,Chillies & Spicy,Usa,,,,88.0,,,,,Active
2026-08-19,Vegetables,Jalapeno Peppers,Chillies & Spicy,,,,,23.5,,,,,Active
2026-08-19,Vegetables,Mixed Chilli Red & Green Pkt,Chillies & Spicy,,,,,8.0,,,,,Active
2026-08-19,Vegetables,Baby Corn,Corns & Baby Corn,Thailand,125g,,,8.0,,,64.0,Family,Active
2026-08-19,Vegetables,Zucchini,Courgettes & Artichoke,Jordan,1kg,,5.0,,,5.0,,Rawabi,Active
2026-08-19,Vegetables,Cucumber Mazra Doha,Cucumber,,1kg,,7.5,,,7.5,,Rawabi,Active
2026-08-19,Vegetables,Cucumber Premium Doha,Cucumber,,1kg,,7.5,,,7.5,,Rawabi,Active
2026-08-19,Vegetables,Yellow Cucumber,Cucumber,India,1kg,,15.75,,,15.75,,Rawabi,Active
2026-08-19,Vegetables,Garlic,Garlic,India,,,,12.25,,,,,Active
2026-08-19,Vegetables,Garlic,Garlic,China,1kg,,8.0,,,8.0,,Rawabi,Active
2026-08-19,Vegetables,Garlic,Garlic,China,250g,,2.0,,,8.0,,Rawabi,Active
2026-08-19,Vegetables,Garlic Packet Big,Garlic,China,,,9.0,,,,,,Active
2026-08-19,Vegetables,Garlic Small Pkt ( ),Garlic,China,,,4.5,,,,,,Active
2026-08-19,Vegetables,Ashgourd,Gourds,Oman,1kg,,5.75,,,5.75,,Rawabi,Active
2026-08-19,Vegetables,Bitter Gourd,Gourds,India,1kg,,17.0,,,17.0,,Rawabi,Active
2026-08-19,Vegetables,Bottle Gourd Doha,Gourds,,1kg,,6.5,,,6.5,,Rawabi,Active
2026-08-19,Vegetables,Ivy Gourd (Kovakka) Indian,Gourds,India,1kg,,16.5,,,16.5,,Rawabi,Active
2026-08-19,Vegetables,Ridge Gourd,Gourds,India,1kg,,17.0,,,17.0,,Rawabi,Active
2026-08-19,Vegetables,Snake Gourd,Gourds,India,1kg,,17.0,,,17.0,,Rawabi,Active
2026-08-19,Vegetables,Baby Fennel Africa-Packet,Herbs,,,,22.5,,,,,,Active
2026-08-19,Vegetables,Celery Stick,Herbs,Spain,1kg,,35.0,,,35.0,,Rawabi,Active
2026-08-19,Vegetables,Celery Stick,Herbs,Spain,250g,,8.75,,,35.0,,Rawabi,Active
2026-08-19,Vegetables,Curry Leaves,Herbs,Uganda,,,35.0,,,,,,Active
2026-08-19,Vegetables,Lemon Grass,Herbs,,,,,4.7,,,,,Active
2026-08-19,Vegetables,Mint Leaves -Packet,Herbs,Jordan,,,3.5,,,,,,Active
2026-08-19,Vegetables,Parsley Leaves 1 Bunch,Herbs,Saudi,,,2.0,,,,,,Active
2026-08-19,Vegetables,Rosemary,Herbs,Kenya,1.0pc,,12.0,,,12000.0,,Rawabi,Active
2026-08-19,Vegetables,Lady Finger,Lady Finger,India,1kg,,17.0,,,17.0,,Rawabi,Active
2026-08-19,Vegetables,Arugula (Jerjir)Leaves Doha,Leafy Vegetables,,500g,,3.75,,,7.5,,Rawabi,Active
2026-08-19,Vegetables,Arugula (Jerjir)Leaves Doha 1 Bunch,Leafy Vegetables,,,,7.5,,,,,,Active
2026-08-19,Vegetables,Kangkong Doha,Leafy Vegetables,,1.0pc,,4.0,,,4000.0,,Rawabi,Active
2026-08-19,Vegetables,Lettuce,Leafy Vegetables,Jordan,1kg,,4.0,,,4.0,,Rawabi,Active
2026-08-19,Vegetables,Lettuce,Leafy Vegetables,Jordan,500g,,2.0,,,4.0,,Rawabi,Active
2026-08-19,Vegetables,Lettuce Gem Tray,Leafy Vegetables,Spain,,,,15.0,,,,,Active
2026-08-19,Vegetables,Lettuce Ice Berge,Leafy Vegetables,Spain,1kg,,38.0,,,38.0,,Rawabi,Active
2026-08-19,Vegetables,Lettuce Ice Berge,Leafy Vegetables,Spain,250g,,9.5,,,38.0,,Rawabi,Active
2026-08-19,Vegetables,Lettuce Iceberge,Leafy Vegetables,Holland,1kg,,13.0,,,13.0,,Rawabi,Active
2026-08-19,Vegetables,Lettuce Iceberge,Leafy Vegetables,Holland,250g,,1.75,,,7.0,,Rawabi,Active
2026-08-19,Vegetables,Molokhia Doha,Leafy Vegetables,,,,4.5,,,,,,Active
2026-08-19,Vegetables,Molokhia Doha,Leafy Vegetables,,250g,,1.25,,,5.0,,Rawabi,Active
2026-08-19,Vegetables,Red Spinach Doha 1 Bunch,Leafy Vegetables,,,,3.5,,,,,,Active
2026-08-19,Vegetables,Leeks,Leeks/Spring Onions,Holland,,,,9.0,,,,,Active
2026-08-19,Vegetables,Leeks,Leeks/Spring Onions,Holland,1kg,,34.0,,,34.0,,Rawabi,Active
2026-08-19,Vegetables,Leeks,Leeks/Spring Onions,Holland,250g,,8.5,,,34.0,,Rawabi,Active
2026-08-19,Vegetables,Mushroom Brown Doha-Packet,Mushrooms,,,,8.5,,,,,,Active
2026-08-19,Vegetables,Mushroom Slice Doha-Packet,Mushrooms,,,,8.5,,,,,,Active
2026-08-19,Vegetables,Mushroom White Doha-Packet,Mushrooms,,,,7.0,,,,,,Active
2026-08-19,Vegetables,Onion Big,Onion,India,1kg,,3.5,,,3.5,,Rawabi,Active
2026-08-19,Vegetables,Onion Medium Bag,Onion,India,,,17.0,,,,,,Active
2026-08-19,Vegetables,Onion Small,Onion,India,1kg,,18.5,,,18.5,,Rawabi,Active
2026-08-19,Vegetables,Onion Small Bag,Onion,India,,,11.0,,,,,,Active
2026-08-19,Vegetables,Onion White,Onion,Spain,1kg,,10.0,,,10.0,,Rawabi,Active
2026-08-19,Vegetables,Aloe Vera,Other Vegetables,,,,,30.0,,,,,Active
2026-08-19,Vegetables,Bagal Leaves,Other Vegetables,,1.0pc,,8.0,,,8000.0,,Rawabi,Active
2026-08-19,Vegetables,Colacasia,Other Vegetables,India,1kg,,17.0,,,17.0,,Rawabi,Active
2026-08-19,Vegetables,Drumstick,Other Vegetables,India,1kg,,18.5,,,18.5,,Rawabi,Active
2026-08-19,Vegetables,Eggplant,Other Vegetables,Holland,,,,28.0,,,,,Active
2026-08-19,Vegetables,Eggplant Premium,Other Vegetables,Oman,1kg,,7.5,,,7.5,,Rawabi,Active
2026-08-19,Vegetables,Green Spianch Doha 1 Bunch,Other Vegetables,,,,3.5,,,,,,Active
2026-08-19,Vegetables,Lollo Bioanda,Other Vegetables,Holland,1kg,,16.0,,,16.0,,Rawabi,Active
2026-08-19,Vegetables,Lollo Bioanda,Other Vegetables,Holland,250g,,4.0,,,16.0,,Rawabi,Active
2026-08-19,Vegetables,Longan -Packet,Other Vegetables,Thailand,,,24.0,,,,,,Active
2026-08-19,Vegetables,Palak Doha Pc,Other Vegetables,,,,3.0,,,,,,Active
2026-08-19,Vegetables,Rambutan -Packet,Other Vegetables,Thailand,,,25.0,,,,,,Active
2026-08-19,Vegetables,Beans,Peas & Beans,India,1kg,,19.0,,,19.0,,Rawabi,Active
2026-08-19,Vegetables,Potato,Potatoes & Starchy Vegetables,Egypt,1kg,,3.5,,,3.5,,Rawabi,Active
2026-08-19,Vegetables,Potato Bag,Potatoes & Starchy Vegetables,Pakistan,,,7.5,,,,,,Active
2026-08-19,Vegetables,Potato Syria,Potatoes & Starchy Vegetables,,1kg,,3.0,,,3.0,,Rawabi,Active
2026-08-19,Vegetables,Sweet Potato By Air,Potatoes & Starchy Vegetables,Uganda,1kg,,20.0,,,20.0,,Rawabi,Active
2026-08-19,Vegetables,Tapioca,Potatoes & Starchy Vegetables,India,,,,18.0,,,,,Active
2026-08-19,Vegetables,Yam,Potatoes & Starchy Vegetables,India,1kg,,12.75,,,12.75,,Rawabi,Active
2026-08-19,Vegetables,Butter Nut Pumpkin Africa,Pumpkin,,1kg,,8.5,,,8.5,,Rawabi,Active
2026-08-19,Vegetables,Disco Pumpkin,Pumpkin,India,1kg,,16.0,,,16.0,,Rawabi,Active
2026-08-19,Vegetables,Pumpkin,Pumpkin,Oman,1kg,,4.75,,,4.75,,Rawabi,Active
2026-08-19,Vegetables,Radish Red -Packet,Raddish,Holland,,,5.5,,,,,,Active
2026-08-19,Vegetables,Red Radish,Raddish,Holland,1kg,,30.0,,,30.0,,Rawabi,Active
2026-08-19,Vegetables,Red Radish Poly Bag,Raddish,,125g,,,7.5,,,60.0,Family,Active
2026-08-19,Vegetables,Brussel Sprouts,Sprouts,,,,,14.75,,,,,Active
2026-08-19,Vegetables,Cherry Tomato -Packet,Tomato,Morocco,,,12.0,,,,,,Active
2026-08-19,Vegetables,Tomato Green House,Tomato,Jordan,1kg,,4.5,,,4.5,,Rawabi,Active
2026-08-19,Vegetables,Tomato Green House Syria,Tomato,,1kg,,4.75,,,4.75,,Rawabi,Active
2026-08-19,Vegetables,Tomatoes Cherry Plum,Tomato,,250g,,,20.0,,,80.0,Family,Active
2026-08-19,Vegetables,Turmeric,Turmeric,India,1kg,,17.0,,,17.0,,Rawabi,Active
2026-08-19,Vegetables,Turmeric,Turmeric,India,250g,,4.25,,,17.0,,Rawabi,Active
2026-08-19,Fruits,Physalis,Berries,,125g,,,,,,,,Market Out
2026-08-19,Fruits,Fresh Coconut (By Air),Coconut,India,,,,,,,,,Market Out
2026-08-19,Vegetables,Chilly Red,Chillies & Spicy,Holland,,,,,,,,,Market Out
2026-08-19,Vegetables,Fennel,Herbs,,,,,,,,,,Market Out
2026-08-19,Vegetables,Mushroom Slice,Mushrooms,Qatar,,,,,,,,,Market Out
2026-08-19,Vegetables,Drumstick Leaves Pkt ( ),Other Vegetables,India,150g,,,,,,,,Market Out
2026-08-19,Vegetables,Puisag,Other Vegetables,Qatar,,,,,,,,,Market Out
2026-08-19,Vegetables,Aravi Big,Potatoes & Starchy Vegetables,India,,,,,,,,,Market Out
2026-08-19,Vegetables,Butternut Pumpkin,Pumpkin,Oman,,,,,,,,,Market Out
2026-08-19,Vegetables,Arigni Green Gram Sprouts,Sprouts,,200g,,,,,,,,Market Out
2026-08-18,Fruits,Physalis,Berries,,125g,,,13.0,,,104.0,Family,Active
2026-08-18,Fruits,Fresh Coconut (By Air),Coconut,India,,,,7.0,,,,,Active
2026-08-18,Vegetables,Beetroot Cooked,Beetroot,,500g,,,22.0,,,44.0,Family,Active
2026-08-18,Vegetables,Capsicum Mix Pkt,Capsicum,Holland,4.0pcs,,,20.0,,,5000.0,Family,Active
2026-08-18,Vegetables,Chilly Red,Chillies & Spicy,Holland,,,,23.75,,,,,Active
2026-08-18,Vegetables,Jalapeno Hot Red Pepper,Chillies & Spicy,Usa,,,,88.0,,,,,Active
2026-08-18,Vegetables,Jalapeno Peppers,Chillies & Spicy,,,,,23.5,,,,,Active
2026-08-18,Vegetables,Fennel,Herbs,,,,,20.0,,,,,Active
2026-08-18,Vegetables,Lettuce Gem Tray,Leafy Vegetables,Spain,,,,15.0,,,,,Active
2026-08-18,Vegetables,Leeks,Leeks/Spring Onions,Holland,,,,9.0,,,,,Active
2026-08-18,Vegetables,Mushroom Slice,Mushrooms,Qatar,,,,8.5,,,,,Active
2026-08-18,Vegetables,Aloe Vera,Other Vegetables,,,,,30.0,,,,,Active
2026-08-18,Vegetables,Drumstick Leaves Pkt ( ),Other Vegetables,India,150g,,,5.5,,,36.67,Family,Active
2026-08-18,Vegetables,Eggplant,Other Vegetables,Holland,,,,28.0,,,,,Active
2026-08-18,Vegetables,Puisag,Other Vegetables,Qatar,,,,2.5,,,,,Active
2026-08-18,Vegetables,Aravi Big,Potatoes & Starchy Vegetables,India,,,,9.0,,,,,Active
2026-08-18,Vegetables,Butternut Pumpkin,Pumpkin,Oman,,,,7.5,,,,,Active
2026-08-18,Vegetables,Red Radish Poly Bag,Raddish,,125g,,,7.5,,,60.0,Family,Active
2026-08-18,Vegetables,Arigni Green Gram Sprouts,Sprouts,,200g,,,5.75,,,28.75,Family,Active
2026-08-18,Fruits,Apple Africa,Apples,,1kg,,,,,,,,Market Out
2026-08-18,Fruits,Apple Gala,Apples,France,1kg,,,,,,,,Market Out
2026-08-18,Fruits,Apple Golden,Apples,Italy,1kg,,,,,,,,Market Out
2026-08-18,Fruits,Apple Green,Apples,Spain,1kg,,,,,,,,Market Out
2026-08-18,Fruits,Apple Red,Apples,Usa,1kg,,,,,,,,Market Out
2026-08-18,Fruits,Apple Ukraine,Apples,,1kg,,,,,,,,Market Out
2026-08-18,Fruits,Pineapple Golden,Apples,Kenya,1kg,,,,,,,,Market Out
2026-08-18,Fruits,Avocado,Avocado,Uganda,1kg,,,,,,,,Market Out
2026-08-18,Fruits,Avocado Hass,Avocado,Uganda,1kg,,,,,,,,Market Out
2026-08-18,Fruits,Banana,Banana,Philippines,1kg,,,,,,,,Market Out
2026-08-18,Fruits,Banana Flower,Banana,,1kg,,,,,,,,Market Out
2026-08-18,Fruits,Banana Yellow,Banana,India,1kg,,,,,,,,Market Out
2026-08-18,Fruits,Kadali Banana By Air,Banana,India,1kg,,,,,,,,Market Out
2026-08-18,Fruits,Kadhali Banana,Banana,India,1kg,,,,,,,,Market Out
2026-08-18,Fruits,Black Berry -Packet,Berries,Morocco,,,,,,,,,Market Out
2026-08-18,Fruits,Blackberry -Packet,Berries,Usa,,,,,,,,,Market Out
2026-08-18,Fruits,Blueberry -Packet,Berries,Morocco,,,,,,,,,Market Out
2026-08-18,Fruits,Raspberry Africa Packet,Berries,,,,,,,,,,Market Out
2026-08-18,Fruits,Lemon Africa,Citrus Fruits,,1kg,,,,,,,,Market Out
2026-08-18,Fruits,Lemon Africa,Citrus Fruits,,250g,,,,,,,,Market Out
2026-08-18,Fruits,Lime,Citrus Fruits,Vietnam,1kg,,,,,,,,Market Out
2026-08-18,Fruits,Lime,Citrus Fruits,Vietnam,250g,,,,,,,,Market Out
2026-08-18,Fruits,Mandarin,Citrus Fruits,China,1kg,,,,,,,,Market Out
2026-08-18,Fruits,Mandarine Nadarcott,Citrus Fruits,Egypt,1kg,,,,,,,,Market Out
2026-08-18,Fruits,Orange Navel Africa,Citrus Fruits,,1kg,,,,,,,,Market Out
2026-08-18,Fruits,Orange Valencia,Citrus Fruits,Egypt,1kg,,,,,,,,Market Out
2026-08-18,Fruits,Coconut,Coconut,India,1.0pc,,,,,,,,Market Out
2026-08-18,Fruits,Coconut Grated,Coconut,India,1.0pc,,,,,,,,Market Out
2026-08-18,Fruits,Coconut Young,Coconut,Sri Lanka,1.0pc,,,,,,,,Market Out
2026-08-18,Fruits,Grape White Packet,Grapes,Egypt,1kg,,,,,,,,Market Out
2026-08-18,Fruits,Grapefruit Africa,Grapes,,1kg,,,,,,,,Market Out
2026-08-18,Fruits,Grapes Red -Packet,Grapes,India,,,,,,,,,Market Out
2026-08-18,Fruits,Grapes White,Grapes,Australia,1kg,,,,,,,,Market Out
2026-08-18,Fruits,Grapes White,Grapes,Australia,500g,,,,,,,,Market Out
2026-08-18,Fruits,Curry Banana,Green Banana,India,,,,,,,,,Market Out
2026-08-18,Fruits,Green Banana,Green Banana,Uganda,1kg,,,,,,,,Market Out
2026-08-18,Fruits,Kiwi Gold New Zealand,Kiwi,,1kg,,,,,,,,Market Out
2026-08-18,Fruits,Kiwi Gold New Zealand,Kiwi,,250g,,,,,,,,Market Out
2026-08-18,Fruits,Kiwi Greece,Kiwi,,1kg,,,,,,,,Market Out
2026-08-18,Fruits,Mango,Mangoes,Egypt,1kg,,,,,,,,Market Out
2026-08-18,Fruits,Mango Badami Air,Mangoes,India,1kg,,,,,,,,Market Out
2026-08-18,Fruits,Mango Galbetor Yeman,Mangoes,,1kg,,,,,,,,Market Out
2026-08-18,Fruits,Mango Yemen Cartoon,Mangoes,,,,,,,,,,Market Out
2026-08-18,Fruits,Mangosteen Packet,Mangoes,Thailand,,,,,,,,,Market Out
2026-08-18,Fruits,Sweet Melon,Melons,Jordan,1kg,,,,,,,,Market Out
2026-08-18,Fruits,Water Melon,Melons,Jordan,1kg,,,,,,,,Market Out
2026-08-18,Fruits,Papaya,Papaya,Sri Lanka,1kg,,,,,,,,Market Out
2026-08-18,Fruits,Plums Red Africa,Plums,,1kg,,,,,,,,Market Out
2026-08-18,Fruits,Pomegranate,Pomegranates,India,1kg,,,,,,,,Market Out
2026-08-18,Fruits,Pomegranate,Pomegranates,India,500g,,,,,,,,Market Out
2026-08-18,Fruits,Pomegranate,Pomegranates,Peru,1kg,,,,,,,,Market Out
2026-08-18,Fruits,Pomegranate -Carton,Pomegranates,India,,,,,,,,,Market Out
2026-08-18,Vegetables,Beetroot,Beetroot,Oman,1kg,,,,,,,,Market Out
2026-08-18,Vegetables,Broccoli,Cabbage & Broccoli,Spain,1kg,,,,,,,,Market Out
2026-08-18,Vegetables,Broccoli,Cabbage & Broccoli,Spain,500g,,,,,,,,Market Out
2026-08-18,Vegetables,Cabbage,Cabbage & Broccoli,Oman,1kg,,,,,,,,Market Out
2026-08-18,Vegetables,Cauliflower Mazra Doha,Cabbage & Broccoli,,1kg,,,,,,,,Market Out
2026-08-18,Vegetables,Capsicum,Capsicum,Holland,1kg,,,,,,,,Market Out
2026-08-18,Vegetables,Capsicum,Capsicum,Holland,500g,,,,,,,,Market Out
2026-08-18,Vegetables,Capsicum 4Color (Packet),Capsicum,Holland,,,,,,,,,Market Out
2026-08-18,Vegetables,Capsicum Green,Capsicum,Jordan,1kg,,,,,,,,Market Out
2026-08-18,Vegetables,Capsicum Green,Capsicum,Jordan,500g,,,,,,,,Market Out
2026-08-18,Vegetables,Carrot,Carrots,Australia,1kg,,,,,,,,Market Out
2026-08-18,Vegetables,Carrot,Carrots,Australia,500g,,,,,,,,Market Out
2026-08-18,Vegetables,Chayote,Chayote,India,1kg,,,,,,,,Market Out
2026-08-18,Vegetables,Chilli,Chillies & Spicy,Uganda,1kg,,,,,,,,Market Out
2026-08-18,Vegetables,Chilli,Chillies & Spicy,Uganda,250g,,,,,,,,Market Out
2026-08-18,Vegetables,Ginger,Chillies & Spicy,China,1kg,,,,,,,,Market Out
2026-08-18,Vegetables,Ginger,Chillies & Spicy,Uganda,1kg,,,,,,,,Market Out
2026-08-18,Vegetables,Ginger,Chillies & Spicy,China,250g,,,,,,,,Market Out
2026-08-18,Vegetables,Ginger,Chillies & Spicy,Uganda,250g,,,,,,,,Market Out
2026-08-18,Vegetables,Green Chilly By Air,Chillies & Spicy,India,1kg,,,,,,,,Market Out
2026-08-18,Vegetables,Green Chilly By Air,Chillies & Spicy,India,250g,,,,,,,,Market Out
2026-08-18,Vegetables,Hot Pepper Mix,Chillies & Spicy,Uganda,1kg,,,,,,,,Market Out
2026-08-18,Vegetables,Hot Pepper Mix,Chillies & Spicy,Uganda,250g,,,,,,,,Market Out
2026-08-18,Vegetables,Zucchini,Courgettes & Artichoke,Jordan,1kg,,,,,,,,Market Out
2026-08-18,Vegetables,Cucumber Mazra Doha,Cucumber,,1kg,,,,,,,,Market Out
2026-08-18,Vegetables,Cucumber Premium Doha,Cucumber,,1kg,,,,,,,,Market Out
2026-08-18,Vegetables,Yellow Cucumber,Cucumber,India,1kg,,,,,,,,Market Out
2026-08-18,Vegetables,Garlic,Garlic,China,1kg,,,,,,,,Market Out
2026-08-18,Vegetables,Garlic,Garlic,China,250g,,,,,,,,Market Out
2026-08-18,Vegetables,Garlic Packet Big,Garlic,China,,,,,,,,,Market Out
2026-08-18,Vegetables,Garlic Small Pkt ( ),Garlic,China,,,,,,,,,Market Out
2026-08-18,Vegetables,Peeled Garlic,Garlic,,250g,,,,,,,,Market Out
2026-08-18,Vegetables,Ashgourd,Gourds,Oman,1kg,,,,,,,,Market Out
2026-08-18,Vegetables,Bitter Gourd,Gourds,India,1kg,,,,,,,,Market Out
2026-08-18,Vegetables,Bottle Gourd Doha,Gourds,,1kg,,,,,,,,Market Out
2026-08-18,Vegetables,Ivy Gourd (Kovakka) Indian,Gourds,India,1kg,,,,,,,,Market Out
2026-08-18,Vegetables,Ridge Gourd,Gourds,India,1kg,,,,,,,,Market Out
2026-08-18,Vegetables,Snake Gourd,Gourds,India,1kg,,,,,,,,Market Out
2026-08-18,Vegetables,Baby Fennel Africa-Packet,Herbs,,,,,,,,,,Market Out
2026-08-18,Vegetables,Celery Stick,Herbs,Spain,1kg,,,,,,,,Market Out
2026-08-18,Vegetables,Celery Stick,Herbs,Spain,250g,,,,,,,,Market Out
2026-08-18,Vegetables,Curry Leaves,Herbs,Uganda,,,,,,,,,Market Out
2026-08-18,Vegetables,Lemon Grass,Herbs,,,,,,,,,,Market Out
2026-08-18,Vegetables,Mint Leaves -Packet,Herbs,Jordan,,,,,,,,,Market Out
2026-08-18,Vegetables,Parsley Leaves 1 Bunch,Herbs,Saudi,,,,,,,,,Market Out
2026-08-18,Vegetables,Rosemary,Herbs,Kenya,1.0pc,,,,,,,,Market Out
2026-08-18,Vegetables,Lady Finger,Lady Finger,India,1kg,,,,,,,,Market Out
2026-08-18,Vegetables,Arugula (Jerjir)Leaves Doha,Leafy Vegetables,,500g,,,,,,,,Market Out
2026-08-18,Vegetables,Arugula (Jerjir)Leaves Doha 1 Bunch,Leafy Vegetables,,,,,,,,,,Market Out
2026-08-18,Vegetables,Kangkong Doha,Leafy Vegetables,,1.0pc,,,,,,,,Market Out
2026-08-18,Vegetables,Lettuce,Leafy Vegetables,Jordan,1kg,,,,,,,,Market Out
2026-08-18,Vegetables,Lettuce,Leafy Vegetables,Jordan,500g,,,,,,,,Market Out
2026-08-18,Vegetables,Lettuce Bionda/ Rossa Mix,Leafy Vegetables,,125g,,,,,,,,Market Out
2026-08-18,Vegetables,Lettuce Ice Berge,Leafy Vegetables,Spain,1kg,,,,,,,,Market Out
2026-08-18,Vegetables,Lettuce Ice Berge,Leafy Vegetables,Spain,250g,,,,,,,,Market Out
2026-08-18,Vegetables,Lettuce Iceberge,Leafy Vegetables,Holland,1kg,,,,,,,,Market Out
2026-08-18,Vegetables,Lettuce Iceberge,Leafy Vegetables,Holland,250g,,,,,,,,Market Out
2026-08-18,Vegetables,Molokhia Doha,Leafy Vegetables,,,,,,,,,,Market Out
2026-08-18,Vegetables,Molokhia Doha,Leafy Vegetables,,250g,,,,,,,,Market Out
2026-08-18,Vegetables,Red Chard Mix,Leafy Vegetables,Italy,125g,,,,,,,,Market Out
2026-08-18,Vegetables,Red Spinach Doha 1 Bunch,Leafy Vegetables,,,,,,,,,,Market Out
2026-08-18,Vegetables,Mushroom Brown Doha-Packet,Mushrooms,,,,,,,,,,Market Out
2026-08-18,Vegetables,Mushroom Slice Doha-Packet,Mushrooms,,,,,,,,,,Market Out
2026-08-18,Vegetables,Mushroom White Doha-Packet,Mushrooms,,,,,,,,,,Market Out
2026-08-18,Vegetables,Shimenji White Mushroom,Mushrooms,,150g,,,,,,,,Market Out
2026-08-18,Vegetables,Onion Big,Onion,India,1kg,,,,,,,,Market Out
2026-08-18,Vegetables,Onion Medium Bag,Onion,India,,,,,,,,,Market Out
2026-08-18,Vegetables,Onion Small,Onion,India,1kg,,,,,,,,Market Out
2026-08-18,Vegetables,Onion Small Bag,Onion,India,,,,,,,,,Market Out
2026-08-18,Vegetables,Onion White,Onion,Spain,1kg,,,,,,,,Market Out
2026-08-18,Vegetables,Bagal Leaves,Other Vegetables,,1.0pc,,,,,,,,Market Out
2026-08-18,Vegetables,Colacasia,Other Vegetables,India,1kg,,,,,,,,Market Out
2026-08-18,Vegetables,Drumstick,Other Vegetables,India,1kg,,,,,,,,Market Out
2026-08-18,Vegetables,Eggplant Premium,Other Vegetables,Oman,1kg,,,,,,,,Market Out
2026-08-18,Vegetables,Green Spianch Doha 1 Bunch,Other Vegetables,,,,,,,,,,Market Out
2026-08-18,Vegetables,Lollo Bioanda,Other Vegetables,Holland,1kg,,,,,,,,Market Out
2026-08-18,Vegetables,Lollo Bioanda,Other Vegetables,Holland,250g,,,,,,,,Market Out
2026-08-18,Vegetables,Longan -Packet,Other Vegetables,Thailand,,,,,,,,,Market Out
2026-08-18,Vegetables,Palak Doha Pc,Other Vegetables,,,,,,,,,,Market Out
2026-08-18,Vegetables,Rambutan -Packet,Other Vegetables,Thailand,,,,,,,,,Market Out
2026-08-18,Vegetables,Beans,Peas & Beans,India,1kg,,,,,,,,Market Out
2026-08-18,Vegetables,Potato,Potatoes & Starchy Vegetables,Egypt,1kg,,,,,,,,Market Out
2026-08-18,Vegetables,Potato Syria,Potatoes & Starchy Vegetables,,1kg,,,,,,,,Market Out
2026-08-18,Vegetables,Sweet Potato By Air,Potatoes & Starchy Vegetables,Uganda,1kg,,,,,,,,Market Out
2026-08-18,Vegetables,Tapioca,Potatoes & Starchy Vegetables,India,,,,,,,,,Market Out
2026-08-18,Vegetables,Yam,Potatoes & Starchy Vegetables,India,1kg,,,,,,,,Market Out
2026-08-18,Vegetables,Butter Nut Pumpkin Africa,Pumpkin,,1kg,,,,,,,,Market Out
2026-08-18,Vegetables,Disco Pumpkin,Pumpkin,India,1kg,,,,,,,,Market Out
2026-08-18,Vegetables,Pumpkin,Pumpkin,Oman,1kg,,,,,,,,Market Out
2026-08-18,Vegetables,Radish Red -Packet,Raddish,Holland,,,,,,,,,Market Out
2026-08-18,Vegetables,Red Radish,Raddish,Holland,1kg,,,,,,,,Market Out
2026-08-18,Vegetables,Brussel Sprouts,Sprouts,,,,,,,,,,Market Out
2026-08-18,Vegetables,Cherry Tomato -Packet,Tomato,Morocco,,,,,,,,,Market Out
2026-08-18,Vegetables,Tomato Green House,Tomato,Jordan,1kg,,,,,,,,Market Out
2026-08-18,Vegetables,Tomato Green House Syria,Tomato,,1kg,,,,,,,,Market Out
2026-08-18,Vegetables,Tomato Tommys Pkt ( ),Tomato,Spain,500g,,,,,,,,Market Out
2026-08-18,Vegetables,Tomatoes Cherry Plum,Tomato,,250g,,,,,,,,Market Out
2026-08-18,Vegetables,Turmeric,Turmeric,India,1kg,,,,,,,,Market Out
2026-08-18,Vegetables,Turmeric,Turmeric,India,250g,,,,,,,,Market Out
2026-08-17,Fruits,Apple Africa,Apples,,1kg,,11.0,,,11.0,,Rawabi,Active
2026-08-17,Fruits,Apple Gala,Apples,France,1kg,,11.0,,,11.0,,Rawabi,Active
2026-08-17,Fruits,Apple Golden,Apples,Italy,1kg,,12.0,,,12.0,,Rawabi,Active
2026-08-17,Fruits,Apple Green,Apples,Spain,1kg,,11.0,,,11.0,,Rawabi,Active
2026-08-17,Fruits,Apple Red,Apples,Usa,1kg,,14.5,,,14.5,,Rawabi,Active
2026-08-17,Fruits,Apple Ukraine,Apples,,1kg,,10.0,,,10.0,,Rawabi,Active
2026-08-17,Fruits,Pineapple Golden,Apples,Kenya,1kg,,13.5,,,13.5,,Rawabi,Active
2026-08-17,Fruits,Avocado,Avocado,Uganda,1kg,,18.0,,,18.0,,Rawabi,Active
2026-08-17,Fruits,Avocado Hass,Avocado,Uganda,1kg,,26.0,,,26.0,,Rawabi,Active
2026-08-17,Fruits,Banana,Banana,Philippines,1kg,,7.5,,,7.5,,Rawabi,Active
2026-08-17,Fruits,Banana Flower,Banana,,1kg,,17.0,,,17.0,,Rawabi,Active
2026-08-17,Fruits,Banana Yellow,Banana,India,1kg,,12.75,,,12.75,,Rawabi,Active
2026-08-17,Fruits,Kadali Banana By Air,Banana,India,1kg,,17.5,,,17.5,,Rawabi,Active
2026-08-17,Fruits,Kadhali Banana,Banana,India,1kg,,16.0,,,16.0,,Rawabi,Active
2026-08-17,Fruits,Black Berry -Packet,Berries,Morocco,,,24.5,,,,,,Active
2026-08-17,Fruits,Blackberry -Packet,Berries,Usa,,,24.0,,,,,,Active
2026-08-17,Fruits,Blueberry -Packet,Berries,Morocco,,,13.0,,,,,,Active
2026-08-17,Fruits,Physalis,Berries,,125g,,,13.0,,,104.0,Family,Active
2026-08-17,Fruits,Raspberry Africa Packet,Berries,,,,26.0,,,,,,Active
2026-08-17,Fruits,Lemon Africa,Citrus Fruits,,1kg,,6.75,,,6.75,,Rawabi,Active
2026-08-17,Fruits,Lemon Africa,Citrus Fruits,,250g,,1.75,,,7.0,,Rawabi,Active
2026-08-17,Fruits,Lime,Citrus Fruits,Vietnam,1kg,,8.5,,,8.5,,Rawabi,Active
2026-08-17,Fruits,Lime,Citrus Fruits,Vietnam,250g,,2.25,,,9.0,,Rawabi,Active
2026-08-17,Fruits,Mandarin,Citrus Fruits,China,1kg,,13.5,,,13.5,,Rawabi,Active
2026-08-17,Fruits,Mandarine Nadarcott,Citrus Fruits,Egypt,1kg,,8.5,,,8.5,,Rawabi,Active
2026-08-17,Fruits,Orange Navel Africa,Citrus Fruits,,1kg,,7.5,,,7.5,,Rawabi,Active
2026-08-17,Fruits,Orange Valencia,Citrus Fruits,Egypt,1kg,,5.75,,,5.75,,Rawabi,Active
2026-08-17,Fruits,Coconut,Coconut,India,1.0pc,,3.0,,,3000.0,,Rawabi,Active
2026-08-17,Fruits,Coconut Grated,Coconut,India,1.0pc,,3.5,,,3500.0,,Rawabi,Active
2026-08-17,Fruits,Coconut Young,Coconut,Sri Lanka,1.0pc,,9.5,,,9500.0,,Rawabi,Active
2026-08-17,Fruits,Fresh Coconut (By Air),Coconut,India,,,,7.0,,,,,Active
2026-08-17,Fruits,Grape White Packet,Grapes,Egypt,1kg,,16.0,,,16.0,,Rawabi,Active
2026-08-17,Fruits,Grapefruit Africa,Grapes,,1kg,,6.5,,,6.5,,Rawabi,Active
2026-08-17,Fruits,Grapes Red -Packet,Grapes,India,,,9.0,,,,,,Active
2026-08-17,Fruits,Grapes White,Grapes,Australia,1kg,,50.0,,,50.0,,Rawabi,Active
2026-08-17,Fruits,Grapes White,Grapes,Australia,500g,,25.0,,,50.0,,Rawabi,Active
2026-08-17,Fruits,Curry Banana,Green Banana,India,,,,8.75,,,,,Active
2026-08-17,Fruits,Green Banana,Green Banana,Uganda,1kg,,17.75,,,17.75,,Rawabi,Active
2026-08-17,Fruits,Kiwi Gold New Zealand,Kiwi,,1kg,,55.0,,,55.0,,Rawabi,Active
2026-08-17,Fruits,Kiwi Gold New Zealand,Kiwi,,250g,,13.75,,,55.0,,Rawabi,Active
2026-08-17,Fruits,Kiwi Greece,Kiwi,,1kg,,28.0,,,28.0,,Rawabi,Active
2026-08-17,Fruits,Mango,Mangoes,Egypt,1kg,,10.0,,,10.0,,Rawabi,Active
2026-08-17,Fruits,Mango Badami Air,Mangoes,India,1kg,,18.0,,,18.0,,Rawabi,Active
2026-08-17,Fruits,Mango Galbetor Yeman,Mangoes,,1kg,,13.5,,,13.5,,Rawabi,Active
2026-08-17,Fruits,Mango Yemen Cartoon,Mangoes,,,,35.0,,,,,,Active
2026-08-17,Fruits,Mangosteen Packet,Mangoes,Thailand,,,25.0,,,,,,Active
2026-08-17,Fruits,Sweet Melon,Melons,Jordan,1kg,,3.0,,,3.0,,Rawabi,Active
2026-08-17,Fruits,Water Melon,Melons,Jordan,1kg,,3.5,,,3.5,,Rawabi,Active
2026-08-17,Fruits,Papaya,Papaya,Sri Lanka,1kg,,17.5,,,17.5,,Rawabi,Active
2026-08-17,Fruits,Plums Red Africa,Plums,,1kg,,15.5,,,15.5,,Rawabi,Active
2026-08-17,Fruits,Pomegranate,Pomegranates,India,1kg,,11.75,,,11.75,,Rawabi,Active
2026-08-17,Fruits,Pomegranate,Pomegranates,India,500g,,6.0,,,12.0,,Rawabi,Active
2026-08-17,Fruits,Pomegranate,Pomegranates,Peru,1kg,,21.0,,,21.0,,Rawabi,Active
2026-08-17,Fruits,Pomegranate -Carton,Pomegranates,India,,,22.0,,,,,,Active
2026-08-17,Vegetables,Beetroot,Beetroot,Oman,1kg,,7.5,,,7.5,,Rawabi,Active
2026-08-17,Vegetables,Beetroot Cooked,Beetroot,,500g,,,22.0,,,44.0,Family,Active
2026-08-17,Vegetables,Broccoli,Cabbage & Broccoli,Spain,1kg,,20.0,,,20.0,,Rawabi,Active
2026-08-17,Vegetables,Broccoli,Cabbage & Broccoli,Spain,500g,,10.0,,,20.0,,Rawabi,Active
2026-08-17,Vegetables,Cabbage,Cabbage & Broccoli,Oman,1kg,,4.0,,,4.0,,Rawabi,Active
2026-08-17,Vegetables,Cauliflower Mazra Doha,Cabbage & Broccoli,,1kg,,7.0,,,7.0,,Rawabi,Active
2026-08-17,Vegetables,Capsicum,Capsicum,Holland,1kg,,18.0,,,18.0,,Rawabi,Active
2026-08-17,Vegetables,Capsicum,Capsicum,Holland,500g,,9.0,,,18.0,,Rawabi,Active
2026-08-17,Vegetables,Capsicum 4Color (Packet),Capsicum,Holland,,,22.0,,,,,,Active
2026-08-17,Vegetables,Capsicum Green,Capsicum,Jordan,1kg,,5.0,,,5.0,,Rawabi,Active
2026-08-17,Vegetables,Capsicum Green,Capsicum,Jordan,500g,,2.5,,,5.0,,Rawabi,Active
2026-08-17,Vegetables,Capsicum Mix Pkt,Capsicum,Holland,4.0pcs,,,20.0,,,5000.0,Family,Active
2026-08-17,Vegetables,Carrot,Carrots,Australia,1kg,,7.0,,,7.0,,Rawabi,Active
2026-08-17,Vegetables,Carrot,Carrots,Australia,500g,,3.5,,,7.0,,Rawabi,Active
2026-08-17,Vegetables,Chayote,Chayote,India,1kg,,16.0,,,16.0,,Rawabi,Active
2026-08-17,Vegetables,Chilli,Chillies & Spicy,Uganda,1kg,,19.5,,,19.5,,Rawabi,Active
2026-08-17,Vegetables,Chilli,Chillies & Spicy,Uganda,250g,,5.0,,,20.0,,Rawabi,Active
2026-08-17,Vegetables,Chilly Red,Chillies & Spicy,Holland,,,,23.75,,,,,Active
2026-08-17,Vegetables,Ginger,Chillies & Spicy,China,1kg,,8.0,,,8.0,,Rawabi,Active
2026-08-17,Vegetables,Ginger,Chillies & Spicy,Uganda,1kg,,19.0,,,19.0,,Rawabi,Active
2026-08-17,Vegetables,Ginger,Chillies & Spicy,China,250g,,2.0,,,8.0,,Rawabi,Active
2026-08-17,Vegetables,Ginger,Chillies & Spicy,Uganda,250g,,4.75,,,19.0,,Rawabi,Active
2026-08-17,Vegetables,Green Chilly By Air,Chillies & Spicy,India,1kg,,16.5,,,16.5,,Rawabi,Active
2026-08-17,Vegetables,Green Chilly By Air,Chillies & Spicy,India,250g,,4.25,,,17.0,,Rawabi,Active
2026-08-17,Vegetables,Hot Pepper Mix,Chillies & Spicy,Uganda,1kg,,31.0,,,31.0,,Rawabi,Active
2026-08-17,Vegetables,Hot Pepper Mix,Chillies & Spicy,Uganda,250g,,7.75,,,31.0,,Rawabi,Active
2026-08-17,Vegetables,Zucchini,Courgettes & Artichoke,Jordan,1kg,,5.0,,,5.0,,Rawabi,Active
2026-08-17,Vegetables,Cucumber Mazra Doha,Cucumber,,1kg,,7.5,,,7.5,,Rawabi,Active
2026-08-17,Vegetables,Cucumber Premium Doha,Cucumber,,1kg,,7.5,,,7.5,,Rawabi,Active
2026-08-17,Vegetables,Yellow Cucumber,Cucumber,India,1kg,,15.75,,,15.75,,Rawabi,Active
2026-08-17,Vegetables,Garlic,Garlic,China,1kg,,8.0,,,8.0,,Rawabi,Active
2026-08-17,Vegetables,Garlic,Garlic,China,250g,,2.0,,,8.0,,Rawabi,Active
2026-08-17,Vegetables,Garlic Packet Big,Garlic,China,,,9.0,,,,,,Active
2026-08-17,Vegetables,Garlic Small Pkt ( ),Garlic,China,,,4.5,,,,,,Active
2026-08-17,Vegetables,Peeled Garlic,Garlic,,250g,,,8.5,,,34.0,Family,Active
2026-08-17,Vegetables,Ashgourd,Gourds,Oman,1kg,,5.75,,,5.75,,Rawabi,Active
2026-08-17,Vegetables,Bitter Gourd,Gourds,India,1kg,,16.5,,,16.5,,Rawabi,Active
2026-08-17,Vegetables,Bottle Gourd Doha,Gourds,,1kg,,6.5,,,6.5,,Rawabi,Active
2026-08-17,Vegetables,Ivy Gourd (Kovakka) Indian,Gourds,India,1kg,,16.5,,,16.5,,Rawabi,Active
2026-08-17,Vegetables,Ridge Gourd,Gourds,India,1kg,,17.0,,,17.0,,Rawabi,Active
2026-08-17,Vegetables,Snake Gourd,Gourds,India,1kg,,17.0,,,17.0,,Rawabi,Active
2026-08-17,Vegetables,Baby Fennel Africa-Packet,Herbs,,,,22.5,,,,,,Active
2026-08-17,Vegetables,Celery Stick,Herbs,Spain,1kg,,35.0,,,35.0,,Rawabi,Active
2026-08-17,Vegetables,Celery Stick,Herbs,Spain,250g,,8.75,,,35.0,,Rawabi,Active
2026-08-17,Vegetables,Curry Leaves,Herbs,Uganda,,,35.0,,,,,,Active
2026-08-17,Vegetables,Lemon Grass,Herbs,,,,,4.7,,,,,Active
2026-08-17,Vegetables,Mint Leaves -Packet,Herbs,Jordan,,,3.5,,,,,,Active
2026-08-17,Vegetables,Parsley Leaves 1 Bunch,Herbs,Saudi,,,2.0,,,,,,Active
2026-08-17,Vegetables,Rosemary,Herbs,Kenya,1.0pc,,12.0,,,12000.0,,Rawabi,Active
2026-08-17,Vegetables,Lady Finger,Lady Finger,India,1kg,,17.0,,,17.0,,Rawabi,Active
2026-08-17,Vegetables,Arugula (Jerjir)Leaves Doha,Leafy Vegetables,,500g,,3.75,,,7.5,,Rawabi,Active
2026-08-17,Vegetables,Arugula (Jerjir)Leaves Doha 1 Bunch,Leafy Vegetables,,,,7.5,,,,,,Active
2026-08-17,Vegetables,Kangkong Doha,Leafy Vegetables,,1.0pc,,4.0,,,4000.0,,Rawabi,Active
2026-08-17,Vegetables,Lettuce,Leafy Vegetables,Jordan,1kg,,4.0,,,4.0,,Rawabi,Active
2026-08-17,Vegetables,Lettuce,Leafy Vegetables,Jordan,500g,,2.0,,,4.0,,Rawabi,Active
2026-08-17,Vegetables,Lettuce Bionda/ Rossa Mix,Leafy Vegetables,,125g,,,15.0,,,120.0,Family,Active
2026-08-17,Vegetables,Lettuce Gem Tray,Leafy Vegetables,Spain,,,,15.0,,,,,Active
2026-08-17,Vegetables,Lettuce Ice Berge,Leafy Vegetables,Spain,1kg,,38.0,,,38.0,,Rawabi,Active
2026-08-17,Vegetables,Lettuce Ice Berge,Leafy Vegetables,Spain,250g,,9.5,,,38.0,,Rawabi,Active
2026-08-17,Vegetables,Lettuce Iceberge,Leafy Vegetables,Holland,1kg,,13.0,,,13.0,,Rawabi,Active
2026-08-17,Vegetables,Lettuce Iceberge,Leafy Vegetables,Holland,250g,,1.75,,,7.0,,Rawabi,Active
2026-08-17,Vegetables,Molokhia Doha,Leafy Vegetables,,,,4.5,,,,,,Active
2026-08-17,Vegetables,Molokhia Doha,Leafy Vegetables,,250g,,1.25,,,5.0,,Rawabi,Active
2026-08-17,Vegetables,Red Chard Mix,Leafy Vegetables,Italy,125g,,,10.0,,,80.0,Family,Active
2026-08-17,Vegetables,Red Spinach Doha 1 Bunch,Leafy Vegetables,,,,3.5,,,,,,Active
2026-08-17,Vegetables,Leeks,Leeks/Spring Onions,Holland,1kg,,34.0,,,34.0,,Rawabi,Active
2026-08-17,Vegetables,Leeks,Leeks/Spring Onions,Holland,250g,,8.5,,,34.0,,Rawabi,Active
2026-08-17,Vegetables,Mushroom Brown Doha-Packet,Mushrooms,,,,8.5,,,,,,Active
2026-08-17,Vegetables,Mushroom Slice Doha-Packet,Mushrooms,,,,8.5,,,,,,Active
2026-08-17,Vegetables,Mushroom White Doha-Packet,Mushrooms,,,,7.0,,,,,,Active
2026-08-17,Vegetables,Shimenji White Mushroom,Mushrooms,,150g,,,12.0,,,80.0,Family,Active
2026-08-17,Vegetables,Onion Big,Onion,India,1kg,,3.5,,,3.5,,Rawabi,Active
2026-08-17,Vegetables,Onion Medium Bag,Onion,India,,,17.0,,,,,,Active
2026-08-17,Vegetables,Onion Small,Onion,India,1kg,,18.5,,,18.5,,Rawabi,Active
2026-08-17,Vegetables,Onion Small Bag,Onion,India,,,11.0,,,,,,Active
2026-08-17,Vegetables,Onion White,Onion,Spain,1kg,,10.0,,,10.0,,Rawabi,Active
2026-08-17,Vegetables,Aloe Vera,Other Vegetables,,,,,30.0,,,,,Active
2026-08-17,Vegetables,Bagal Leaves,Other Vegetables,,1.0pc,,8.0,,,8000.0,,Rawabi,Active
2026-08-17,Vegetables,Colacasia,Other Vegetables,India,1kg,,17.0,,,17.0,,Rawabi,Active
2026-08-17,Vegetables,Drumstick,Other Vegetables,India,1kg,,13.75,,,13.75,,Rawabi,Active
2026-08-17,Vegetables,Drumstick Leaves Pkt ( ),Other Vegetables,India,150g,,,5.5,,,36.67,Family,Active
2026-08-17,Vegetables,Eggplant,Other Vegetables,Holland,,,,28.0,,,,,Active
2026-08-17,Vegetables,Eggplant Premium,Other Vegetables,Oman,1kg,,6.75,,,6.75,,Rawabi,Active
2026-08-17,Vegetables,Green Spianch Doha 1 Bunch,Other Vegetables,,,,3.5,,,,,,Active
2026-08-17,Vegetables,Lollo Bioanda,Other Vegetables,Holland,1kg,,16.0,,,16.0,,Rawabi,Active
2026-08-17,Vegetables,Lollo Bioanda,Other Vegetables,Holland,250g,,4.0,,,16.0,,Rawabi,Active
2026-08-17,Vegetables,Longan -Packet,Other Vegetables,Thailand,,,24.0,,,,,,Active
2026-08-17,Vegetables,Palak Doha Pc,Other Vegetables,,,,3.0,,,,,,Active
2026-08-17,Vegetables,Rambutan -Packet,Other Vegetables,Thailand,,,25.0,,,,,,Active
2026-08-17,Vegetables,Beans,Peas & Beans,India,1kg,,19.0,,,19.0,,Rawabi,Active
2026-08-17,Vegetables,Potato,Potatoes & Starchy Vegetables,Egypt,1kg,,3.5,,,3.5,,Rawabi,Active
2026-08-17,Vegetables,Potato Syria,Potatoes & Starchy Vegetables,,1kg,,3.0,,,3.0,,Rawabi,Active
2026-08-17,Vegetables,Sweet Potato By Air,Potatoes & Starchy Vegetables,Uganda,1kg,,20.0,,,20.0,,Rawabi,Active
2026-08-17,Vegetables,Tapioca,Potatoes & Starchy Vegetables,India,,,,18.0,,,,,Active
2026-08-17,Vegetables,Yam,Potatoes & Starchy Vegetables,India,1kg,,12.75,,,12.75,,Rawabi,Active
2026-08-17,Vegetables,Butter Nut Pumpkin Africa,Pumpkin,,1kg,,8.5,,,8.5,,Rawabi,Active
2026-08-17,Vegetables,Disco Pumpkin,Pumpkin,India,1kg,,16.0,,,16.0,,Rawabi,Active
2026-08-17,Vegetables,Pumpkin,Pumpkin,Oman,1kg,,4.75,,,4.75,,Rawabi,Active
2026-08-17,Vegetables,Radish Red -Packet,Raddish,Holland,,,5.5,,,,,,Active
2026-08-17,Vegetables,Red Radish,Raddish,Holland,1kg,,30.0,,,30.0,,Rawabi,Active
2026-08-17,Vegetables,Arigni Green Gram Sprouts,Sprouts,,200g,,,5.75,,,28.75,Family,Active
2026-08-17,Vegetables,Brussel Sprouts,Sprouts,,,,,14.75,,,,,Active
2026-08-17,Vegetables,Cherry Tomato -Packet,Tomato,Morocco,,,12.0,,,,,,Active
2026-08-17,Vegetables,Tomato Green House,Tomato,Jordan,1kg,,5.75,,,5.75,,Rawabi,Active
2026-08-17,Vegetables,Tomato Green House Syria,Tomato,,1kg,,4.0,,,4.0,,Rawabi,Active
2026-08-17,Vegetables,Tomato Tommys Pkt ( ),Tomato,Spain,500g,,,44.0,,,88.0,Family,Active
2026-08-17,Vegetables,Tomatoes Cherry Plum,Tomato,,250g,,,20.0,,,80.0,Family,Active
2026-08-17,Vegetables,Turmeric,Turmeric,India,1kg,,17.0,,,17.0,,Rawabi,Active
2026-08-17,Vegetables,Turmeric,Turmeric,India,250g,,4.25,,,17.0,,Rawabi,Active
2026-08-17,Fruits,Apple,Apples,China,1kg,,,,,,,,Market Out
2026-08-17,Fruits,Apple,Apples,Pakistan,1kg,,,,,,,,Market Out
2026-08-17,Fruits,Apple Rocket New Zealand,Apples,,1kg,,,,,,,,Market Out
2026-08-17,Fruits,Apple Royal Gala Africa Premium,Apples,,1kg,,,,,,,,Market Out
2026-08-17,Fruits,Baby Apple Africa,Apples,,1kg,,,,,,,,Market Out
2026-08-17,Fruits,Colacasia Bangaladesh,Apples,,1kg,,,,,,,,Market Out
2026-08-17,Fruits,Galanga,Apples,Thailand,1kg,,,,,,,,Market Out
2026-08-17,Fruits,Pineapple,Apples,India,1kg,,,,,,,,Market Out
2026-08-17,Fruits,Pineapple Peeled,Apples,Thailand,1kg,,,,,,,,Market Out
2026-08-17,Fruits,Pineapple Slice,Apples,,1kg,,,,,,,,Market Out
2026-08-17,Fruits,Apricot Syria,Apricots,,450g,,,,,,,,Market Out
2026-08-17,Fruits,Avocado By Air,Avocado,Uganda,1kg,,,,,,,,Market Out
2026-08-17,Fruits,Banana Leaves,Banana,India,1.0pc,,,,,,,,Market Out
2026-08-17,Fruits,Blueberry Africa Small-Packet,Berries,,,,,,,,,,Market Out
2026-08-17,Fruits,Cherry Syria Packet,Berries,,,,,,,,,,Market Out
2026-08-17,Fruits,Gold Berry Colombia Packet,Berries,,,,,,,,,,Market Out
2026-08-17,Fruits,Goosberry Indian,Berries,India,1kg,,,,,,,,Market Out
2026-08-17,Fruits,Physalis Fruit Colombia-Packet,Berries,,,,,,,,,,Market Out
2026-08-17,Fruits,Raspberry -Packet,Berries,Usa,,,,,,,,,Market Out
2026-08-17,Fruits,Red Currant Netherland Packet,Berries,,,,,,,,,,Market Out
2026-08-17,Fruits,Strawberry Africa-Packet,Berries,,,,,,,,,,Market Out
2026-08-17,Fruits,Strawberry Big -Packet,Berries,Usa,,,,,,,,,Market Out
2026-08-17,Fruits,Strawberry Small -Packet,Berries,Usa,,,,,,,,,Market Out
2026-08-17,Fruits,Chillies Jalapeno Orange 1K,Citrus Fruits,Holland,,,,,,,,,Market Out
2026-08-17,Fruits,Mandarin Honey Murcott Africa,Citrus Fruits,,1kg,,,,,,,,Market Out
2026-08-17,Fruits,Mandarin Nadarcot Africa,Citrus Fruits,,1kg,,,,,,,,Market Out
2026-08-17,Fruits,Mandarine (Nadarcott),Citrus Fruits,Australia,1kg,,,,,,,,Market Out
2026-08-17,Fruits,Orange Africa,Citrus Fruits,,1kg,,,,,,,,Market Out
2026-08-17,Fruits,Orangevalencia -Box,Citrus Fruits,Lebanon,,,,,,,,,Market Out
2026-08-17,Fruits,Pomelo Africa,Citrus Fruits,,1kg,,,,,,,,Market Out
2026-08-17,Fruits,Slice Coconut,Coconut,,1kg,,,,,,,,Market Out
2026-08-17,Fruits,Dates Sukkari Round,Fresh Dates,,1kg,,,,,,,,Market Out
2026-08-17,Fruits,Grape Black Packet,Grapes,Egypt,,,,,,,,,Market Out
2026-08-17,Fruits,Grape Fruit Africa Premium,Grapes,,1kg,,,,,,,,Market Out
2026-08-17,Fruits,Grape Red,Grapes,Egypt,1kg,,,,,,,,Market Out
2026-08-17,Fruits,Grape Red Pkt,Grapes,Egypt,,,,,,,,,Market Out
2026-08-17,Fruits,Ash Banana,Green Banana,Sri Lanka,,,,,,,,,Market Out
2026-08-17,Fruits,Kiwi,Kiwi,China,1kg,,,,,,,,Market Out
2026-08-17,Fruits,Kiwi Chili,Kiwi,,1kg,,,,,,,,Market Out
2026-08-17,Fruits,Mango Chonsa,Mangoes,Pakistan,1kg,,,,,,,,Market Out
2026-08-17,Fruits,Mango Colombia-Box,Mangoes,,,,,,,,,,Market Out
2026-08-17,Fruits,Mango Green,Mangoes,India,1kg,,,,,,,,Market Out
2026-08-17,Fruits,Mango Jasmine,Mangoes,Egypt,1kg,,,,,,,,Market Out
2026-08-17,Fruits,Mango Kett,Mangoes,Egypt,1kg,,,,,,,,Market Out
2026-08-17,Fruits,Mango Neelam,Mangoes,India,1kg,,,,,,,,Market Out
2026-08-17,Fruits,Rock Melon,Melons,Iran,1kg,,,,,,,,Market Out
2026-08-17,Fruits,Rock Melone,Melons,Jordan,1kg,,,,,,,,Market Out
2026-08-17,Fruits,Nectarine,Nectarine,Jordan,1kg,,,,,,,,Market Out
2026-08-17,Fruits,Nectarine Africa,Nectarine,,1kg,,,,,,,,Market Out
2026-08-17,Fruits,Dragon Fruit Red,Other Fruits,,1kg,,,,,,,,Market Out
2026-08-17,Fruits,Fruit Tray Medium,Other Fruits,,,,,,,,,,Market Out
2026-08-17,Fruits,Passionfruit Pte Packet,Other Fruits,Thailand,,,,,,,,,Market Out
2026-08-17,Fruits,Green Papaya,Papaya,India,1kg,,,,,,,,Market Out
2026-08-17,Fruits,Slice Papaya,Papaya,,1kg,,,,,,,,Market Out
2026-08-17,Fruits,Peach Round Packet,Peaches,Jordan,,,,,,,,,Market Out
2026-08-17,Fruits,Pear Africa,Pears,,1kg,,,,,,,,Market Out
2026-08-17,Fruits,Pear Rose Africa,Pears,,1kg,,,,,,,,Market Out
2026-08-17,Fruits,Plums Red,Plums,Spain,1kg,,,,,,,,Market Out
2026-08-17,Fruits,Plums Red,Plums,China,1kg,,,,,,,,Market Out
2026-08-17,Fruits,Pomegranate Yemen,Pomegranates,,1kg,,,,,,,,Market Out
2026-08-17,Vegetables,Asparagus Jumbo,Asparagus,,,,,,,,,,Market Out
2026-08-17,Vegetables,Beetroot Cooked -Packet,Beetroot,Holland,,,,,,,,,Market Out
2026-08-17,Vegetables,Cabbage Red,Cabbage & Broccoli,Oman,1kg,,,,,,,,Market Out
2026-08-17,Vegetables,Cauliflower,Cabbage & Broccoli,Oman,1kg,,,,,,,,Market Out
2026-08-17,Vegetables,Cauliflower Violet,Cabbage & Broccoli,Spain,1kg,,,,,,,,Market Out
2026-08-17,Vegetables,Kohila Ala,Cabbage & Broccoli,,,,,,,,,,Market Out
2026-08-17,Vegetables,Capsicum Orange,Capsicum,Holland,1kg,,,,,,,,Market Out
2026-08-17,Vegetables,Capsicum Orange,Capsicum,Oman,1kg,,,,,,,,Market Out
2026-08-17,Vegetables,Capsicum Red,Capsicum,Holland,1kg,,,,,,,,Market Out
2026-08-17,Vegetables,Capsicum Red,Capsicum,Oman,1kg,,,,,,,,Market Out
2026-08-17,Vegetables,Capsicum Yellow,Capsicum,Holland,1kg,,,,,,,,Market Out
2026-08-17,Vegetables,Capsicum Yellow,Capsicum,Oman,1kg,,,,,,,,Market Out
2026-08-17,Vegetables,Baby Carrot (Packet),Carrots,Usa,,,,,,,,,Market Out
2026-08-17,Vegetables,Carrot White Netherland,Carrots,,1kg,,,,,,,,Market Out
2026-08-17,Vegetables,Chilli Kanthari,Chillies & Spicy,India,1kg,,,,,,,,Market Out
2026-08-17,Vegetables,Chilly Green (Packet),Chillies & Spicy,Thailand,,,,,,,,,Market Out
2026-08-17,Vegetables,Chilly Red (Packet),Chillies & Spicy,Thailand,,,,,,,,,Market Out
2026-08-17,Vegetables,Jalapeno Green,Chillies & Spicy,Holland,1kg,,,,,,,,Market Out
2026-08-17,Vegetables,Jalapeno Hot Red Pepper,Chillies & Spicy,Usa,,,,,,,,,Market Out
2026-08-17,Vegetables,Jalapeno Peppers,Chillies & Spicy,,,,,,,,,,Market Out
2026-08-17,Vegetables,Jalapeno Red,Chillies & Spicy,Holland,1kg,,,,,,,,Market Out
2026-08-17,Vegetables,Long Chilly,Chillies & Spicy,Jordan,1kg,,,,,,,,Market Out
2026-08-17,Vegetables,Long Chilly Green Big,Chillies & Spicy,Jordan,1kg,,,,,,,,Market Out
2026-08-17,Vegetables,Red Long Chilli,Chillies & Spicy,Jordan,1kg,,,,,,,,Market Out
2026-08-17,Vegetables,Fresh Fruit Basket,Combo Pack,,,,,,,,,,Market Out
2026-08-17,Vegetables,Fresh Fruits Basket Small,Combo Pack,,,,,,,,,,Market Out
2026-08-17,Vegetables,Mix Fruit Basket-Medium,Combo Pack,,,,,,,,,,Market Out
2026-08-17,Vegetables,Mix Fruit Basket-Small,Combo Pack,,,,,,,,,,Market Out
2026-08-17,Vegetables,Baby Corn (Packet),Corns & Baby Corn,Thailand,,,,,,,,,Market Out
2026-08-17,Vegetables,Garlic Peeled,Garlic,,1kg,,,,,,,,Market Out
2026-08-17,Vegetables,Bottlegourd,Gourds,India,1kg,,,,,,,,Market Out
2026-08-17,Vegetables,Bottlegourd,Gourds,Oman,1kg,,,,,,,,Market Out
2026-08-17,Vegetables,Basil Leaves-Pc,Herbs,,,,,,,,,,Market Out
2026-08-17,Vegetables,Coriander Leaves 1 Bunch,Herbs,Saudi,,,,,,,,,Market Out
2026-08-17,Vegetables,Granadilla Fruit Colombia,Herbs,,1kg,,,,,,,,Market Out
2026-08-17,Vegetables,Mint Leaves 1 Bunch,Herbs,Saudi,,,,,,,,,Market Out
2026-08-17,Vegetables,Baby Rocket -Packet,Leafy Vegetables,Italy,,,,,,,,,Market Out
2026-08-17,Vegetables,Baby Spinach Leaves -Packet,Leafy Vegetables,Italy,,,,,,,,,Market Out
2026-08-17,Vegetables,Kale Leaves,Leafy Vegetables,Holland,1kg,,,,,,,,Market Out
2026-08-17,Vegetables,Pechay Leaves Doha,Leafy Vegetables,,1.0pc,,,,,,,,Market Out
2026-08-17,Vegetables,Spinach Doha 1 Bunch,Leafy Vegetables,,,,,,,,,,Market Out
2026-08-17,Vegetables,Spring Onion Arabia,Leeks/Spring Onions,Saudi,1.0pc,,,,,,,,Market Out
2026-08-17,Vegetables,Agrico Mushroom White Doha Packet,Mushrooms,,,,,,,,,,Market Out
2026-08-17,Vegetables,Mushroom Mix Doha Packet,Mushrooms,,,,,,,,,,Market Out
2026-08-17,Vegetables,Mushroom Oyster Netherland Pac,Mushrooms,,150g,,,,,,,,Market Out
2026-08-17,Vegetables,Mushroom Slice,Mushrooms,Qatar,,,,,,,,,Market Out
2026-08-17,Vegetables,White Onion,Onion,Lebanon,1kg,,,,,,,,Market Out
2026-08-17,Vegetables,Chinese Potato,Other Vegetables,,1kg,,,,,,,,Market Out
2026-08-17,Vegetables,Drumstick Leaves,Other Vegetables,India,1.0pc,,,,,,,,Market Out
2026-08-17,Vegetables,Eggplant Long Arabia,Other Vegetables,Saudi,1kg,,,,,,,,Market Out
2026-08-17,Vegetables,Govar,Other Vegetables,India,1kg,,,,,,,,Market Out
2026-08-17,Vegetables,Guava,Other Vegetables,India,1kg,,,,,,,,Market Out
2026-08-17,Vegetables,Guava -Packet,Other Vegetables,Thailand,,,,,,,,,Market Out
2026-08-17,Vegetables,Guava Red,Other Vegetables,Thailand,1kg,,,,,,,,Market Out
2026-08-17,Vegetables,Guava Red -Packet,Other Vegetables,Thailand,,,,,,,,,Market Out
2026-08-17,Vegetables,Palak Leaves Doha,Other Vegetables,,1.0pc,,,,,,,,Market Out
2026-08-17,Vegetables,Redcurrent -Packet,Other Vegetables,Holland,,,,,,,,,Market Out
2026-08-17,Vegetables,Squash ( )-,Other Vegetables,Lebanon,,,,,,,,,Market Out
2026-08-17,Vegetables,Tamarind -Box,Other Vegetables,Thailand,,,,,,,,,Market Out
2026-08-17,Vegetables,Beans Fine Bean & Snow Peas Ke,Peas & Beans,,250g,,,,,,,,Market Out
2026-08-17,Vegetables,Indian Beans,Peas & Beans,India,,,,,,,,,Market Out
2026-08-17,Vegetables,Long Beans,Peas & Beans,India,1kg,,,,,,,,Market Out
2026-08-17,Vegetables,Aravi Big,Potatoes & Starchy Vegetables,India,,,,,,,,,Market Out
2026-08-17,Vegetables,Lothi,Potatoes & Starchy Vegetables,,1kg,,,,,,,,Market Out
2026-08-17,Vegetables,Potato Bag,Potatoes & Starchy Vegetables,Saudi,1kg,,,,,,,,Market Out
2026-08-17,Vegetables,Sweet Potato,Potatoes & Starchy Vegetables,Usa,,,,,,,,,Market Out
2026-08-17,Vegetables,Sweet Potato,Potatoes & Starchy Vegetables,Australia,1kg,,,,,,,,Market Out
2026-08-17,Vegetables,Sweet Potato,Potatoes & Starchy Vegetables,Egypt,1kg,,,,,,,,Market Out
2026-08-17,Vegetables,Butternut Pumpkin,Pumpkin,Oman,1kg,,,,,,,,Market Out
2026-08-17,Vegetables,Pumpkin Medium,Pumpkin,India,,,,,,,,,Market Out
2026-08-17,Vegetables,Radish White,Raddish,China,1kg,,,,,,,,Market Out
2026-08-17,Vegetables,Bunch Tomato,Tomato,Turkey,1kg,,,,,,,,Market Out
2026-08-17,Vegetables,Cherry Tomato Yellow Packet,Tomato,Holland,,,,,,,,,Market Out
2026-08-17,Vegetables,Tomato Cherry Orange Netherland 250,Tomato,,,,,,,,,,Market Out
2026-08-17,Vegetables,Tomato Cherry Plum Red,Tomato,Spain,500g,,,,,,,,Market Out
2026-08-17,Vegetables,Tomato Kumato,Tomato,Spain,1kg,,,,,,,,Market Out
2026-08-17,Vegetables,Tomato Sweet Cherry Vine Netherland,Tomato,,,,,,,,,,Market Out
2026-08-17,Vegetables,Turmeric -Packet,Turmeric,Thailand,,,,,,,,,Market Out
2026-08-16,Fruits,Apple,Apples,China,1kg,,8.5,,,8.5,,Rawabi,Active
2026-08-16,Fruits,Apple,Apples,Pakistan,1kg,,9.75,,,9.75,,Rawabi,Active
2026-08-16,Fruits,Apple Africa,Apples,,1kg,,10.5,,,10.5,,Rawabi,Active
2026-08-16,Fruits,Apple Red,Apples,Usa,1kg,,14.5,,,14.5,,Rawabi,Active
2026-08-16,Fruits,Apple Rocket New Zealand,Apples,,1kg,,42.0,,,42.0,,Rawabi,Active
2026-08-16,Fruits,Apple Royal Gala Africa Premium,Apples,,1kg,,11.5,,,11.5,,Rawabi,Active
2026-08-16,Fruits,Baby Apple Africa,Apples,,1kg,,10.5,,,10.5,,Rawabi,Active
2026-08-16,Fruits,Colacasia Bangaladesh,Apples,,1kg,,16.0,,,16.0,,Rawabi,Active
2026-08-16,Fruits,Galanga,Apples,Thailand,1kg,,48.0,,,48.0,,Rawabi,Active
2026-08-16,Fruits,Pineapple,Apples,India,1kg,,12.75,,,12.75,,Rawabi,Active
2026-08-16,Fruits,Pineapple Golden,Apples,Kenya,1kg,,11.75,,,11.75,,Rawabi,Active
2026-08-16,Fruits,Pineapple Peeled,Apples,Thailand,1kg,,44.0,,,44.0,,Rawabi,Active
2026-08-16,Fruits,Pineapple Slice,Apples,,1kg,,34.0,,,34.0,,Rawabi,Active
2026-08-16,Fruits,Apricot Syria,Apricots,,450g,,7.75,,,17.22,,Rawabi,Active
2026-08-16,Fruits,Avocado,Avocado,Uganda,1kg,,18.5,,,18.5,,Rawabi,Active
2026-08-16,Fruits,Avocado By Air,Avocado,Uganda,1kg,,18.0,,,18.0,,Rawabi,Active
2026-08-16,Fruits,Avocado Hass,Avocado,Uganda,1kg,,26.0,,,26.0,,Rawabi,Active
2026-08-16,Fruits,Avocado Hass,Avocado,Kenya,1kg,,16.5,,,16.5,,Rawabi,Active
2026-08-16,Fruits,Banana Leaves,Banana,India,1.0pc,,1.5,,,1500.0,,Rawabi,Active
2026-08-16,Fruits,Kadhali Banana,Banana,India,1kg,,14.75,,,14.75,,Rawabi,Active
2026-08-16,Fruits,Blackberry -Packet,Berries,Usa,,,25.5,,,,,,Active
2026-08-16,Fruits,Blueberry Africa Small-Packet,Berries,,,,9.75,,,,,,Active
2026-08-16,Fruits,Cherry Syria Packet,Berries,,,,14.0,,,,,,Active
2026-08-16,Fruits,Gold Berry Colombia Packet,Berries,,,,14.0,,,,,,Active
2026-08-16,Fruits,Goosberry Indian,Berries,India,1kg,,21.0,,,21.0,,Rawabi,Active
2026-08-16,Fruits,Physalis Fruit Colombia-Packet,Berries,,,,10.0,,,,,,Active
2026-08-16,Fruits,Raspberry -Packet,Berries,Usa,,,27.0,,,,,,Active
2026-08-16,Fruits,Red Currant Netherland Packet,Berries,,,,24.0,,,,,,Active
2026-08-16,Fruits,Strawberry Africa-Packet,Berries,,,,14.5,,,,,,Active
2026-08-16,Fruits,Strawberry Big -Packet,Berries,Usa,,,38.0,,,,,,Active
2026-08-16,Fruits,Strawberry Small -Packet,Berries,Usa,,,24.0,,,,,,Active
2026-08-16,Fruits,Chillies Jalapeno Orange 1K,Citrus Fruits,Holland,,,52.0,,,,,,Active
2026-08-16,Fruits,Lemon Africa,Citrus Fruits,,1kg,,6.75,,,6.75,,Rawabi,Active
2026-08-16,Fruits,Lime,Citrus Fruits,Vietnam,1kg,,7.25,,,7.25,,Rawabi,Active
2026-08-16,Fruits,Mandarin,Citrus Fruits,China,1kg,,15.5,,,15.5,,Rawabi,Active
2026-08-16,Fruits,Mandarin Honey Murcott Africa,Citrus Fruits,,1kg,,8.75,,,8.75,,Rawabi,Active
2026-08-16,Fruits,Mandarin Nadarcot Africa,Citrus Fruits,,1kg,,12.0,,,12.0,,Rawabi,Active
2026-08-16,Fruits,Mandarine (Nadarcott),Citrus Fruits,Australia,1kg,,19.75,,,19.75,,Rawabi,Active
2026-08-16,Fruits,Orange Africa,Citrus Fruits,,1kg,,7.0,,,7.0,,Rawabi,Active
2026-08-16,Fruits,Orangevalencia -Box,Citrus Fruits,Lebanon,,,30.0,,,,,,Active
2026-08-16,Fruits,Pomelo Africa,Citrus Fruits,,1kg,,14.5,,,14.5,,Rawabi,Active
2026-08-16,Fruits,Coconut,Coconut,India,1.0pc,,3.0,,,3000.0,,Rawabi,Active
2026-08-16,Fruits,Coconut Grated,Coconut,India,1.0pc,,3.25,,,3250.0,,Rawabi,Active
2026-08-16,Fruits,Coconut Young,Coconut,Thailand,1.0pc,,13.5,,,13500.0,,Rawabi,Active
2026-08-16,Fruits,Slice Coconut,Coconut,,1kg,,20.0,,,20.0,,Rawabi,Active
2026-08-16,Fruits,Dates Sukkari Round,Fresh Dates,,1kg,,24.0,,,24.0,,Rawabi,Active
2026-08-16,Fruits,Grape Black Packet,Grapes,Egypt,,,6.5,,,,,,Active
2026-08-16,Fruits,Grape Fruit Africa Premium,Grapes,,1kg,,10.5,,,10.5,,Rawabi,Active
2026-08-16,Fruits,Grape Red,Grapes,Egypt,1kg,,13.5,,,13.5,,Rawabi,Active
2026-08-16,Fruits,Grape Red Pkt,Grapes,Egypt,,,5.5,,,,,,Active
2026-08-16,Fruits,Grape White Packet,Grapes,Egypt,,,7.0,,,,,,Active
2026-08-16,Fruits,Grapefruit Africa,Grapes,,1kg,,8.5,,,8.5,,Rawabi,Active
2026-08-16,Fruits,Grapes White,Grapes,Italy,1kg,,56.0,,,56.0,,Rawabi,Active
2026-08-16,Fruits,Grapes White,Grapes,Spain,1kg,,17.75,,,17.75,,Rawabi,Active
2026-08-16,Fruits,Grapes White,Grapes,Usa,1kg,,42.0,,,42.0,,Rawabi,Active
2026-08-16,Fruits,Ash Banana,Green Banana,Sri Lanka,,,,9.5,,,,,Active
2026-08-16,Fruits,Green Banana,Green Banana,India,1kg,,10.5,,,10.5,,Rawabi,Active
2026-08-16,Fruits,Kiwi,Kiwi,China,1kg,,14.75,,,14.75,,Rawabi,Active
2026-08-16,Fruits,Kiwi Chili,Kiwi,,1kg,,15.5,,,15.5,,Rawabi,Active
2026-08-16,Fruits,Kiwi Gold New Zealand,Kiwi,,1kg,,62.0,,,62.0,,Rawabi,Active
2026-08-16,Fruits,Mango Chonsa,Mangoes,Pakistan,1kg,,12.0,,,12.0,,Rawabi,Active
2026-08-16,Fruits,Mango Colombia-Box,Mangoes,,,,128.0,,,,,,Active
2026-08-16,Fruits,Mango Green,Mangoes,India,1kg,,18.5,,,18.5,,Rawabi,Active
2026-08-16,Fruits,Mango Jasmine,Mangoes,Egypt,1kg,,13.75,,,13.75,,Rawabi,Active
2026-08-16,Fruits,Mango Kett,Mangoes,Egypt,1kg,,9.75,,,9.75,,Rawabi,Active
2026-08-16,Fruits,Mango Neelam,Mangoes,India,1kg,,22.0,,,22.0,,Rawabi,Active
2026-08-16,Fruits,Mangosteen Packet,Mangoes,Thailand,,,22.0,,,,,,Active
2026-08-16,Fruits,Rock Melon,Melons,Iran,1kg,,5.5,,,5.5,,Rawabi,Active
2026-08-16,Fruits,Rock Melone,Melons,Jordan,1kg,,4.75,,,4.75,,Rawabi,Active
2026-08-16,Fruits,Water Melon,Melons,Oman,1kg,,3.5,,,3.5,,Rawabi,Active
2026-08-16,Fruits,Water Melon,Melons,Turkey,1kg,,6.5,,,6.5,,Rawabi,Active
2026-08-16,Fruits,Nectarine,Nectarine,Jordan,1kg,,18.0,,,18.0,,Rawabi,Active
2026-08-16,Fruits,Nectarine Africa,Nectarine,,1kg,,18.0,,,18.0,,Rawabi,Active
2026-08-16,Fruits,Dragon Fruit Red,Other Fruits,,1kg,,57.0,,,57.0,,Rawabi,Active
2026-08-16,Fruits,Fruit Tray Medium,Other Fruits,,,,150.0,,,,,,Active
2026-08-16,Fruits,Passionfruit Pte Packet,Other Fruits,Thailand,,,24.0,,,,,,Active
2026-08-16,Fruits,Green Papaya,Papaya,India,1kg,,15.5,,,15.5,,Rawabi,Active
2026-08-16,Fruits,Papaya,Papaya,Thailand,1kg,,49.0,,,49.0,,Rawabi,Active
2026-08-16,Fruits,Papaya,Papaya,India,1kg,,12.75,,,12.75,,Rawabi,Active
2026-08-16,Fruits,Slice Papaya,Papaya,,1kg,,20.0,,,20.0,,Rawabi,Active
2026-08-16,Fruits,Peach Round Packet,Peaches,Jordan,,,14.0,,,,,,Active
2026-08-16,Fruits,Pear Africa,Pears,,1kg,,10.5,,,10.5,,Rawabi,Active
2026-08-16,Fruits,Pear Rose Africa,Pears,,1kg,,10.5,,,10.5,,Rawabi,Active
2026-08-16,Fruits,Plums Red,Plums,Spain,1kg,,17.5,,,17.5,,Rawabi,Active
2026-08-16,Fruits,Plums Red,Plums,China,1kg,,17.5,,,17.5,,Rawabi,Active
2026-08-16,Fruits,Plums Red Africa,Plums,,1kg,,16.5,,,16.5,,Rawabi,Active
2026-08-16,Fruits,Pomegranate,Pomegranates,Egypt,1kg,,9.5,,,9.5,,Rawabi,Active
2026-08-16,Fruits,Pomegranate,Pomegranates,India,1kg,,11.75,,,11.75,,Rawabi,Active
2026-08-16,Fruits,Pomegranate,Pomegranates,Peru,1kg,,23.0,,,23.0,,Rawabi,Active
2026-08-16,Fruits,Pomegranate -Carton,Pomegranates,India,,,19.75,,,,,,Active
2026-08-16,Fruits,Pomegranate Yemen,Pomegranates,,1kg,,14.75,,,14.75,,Rawabi,Active
2026-08-16,Vegetables,Asparagus Jumbo,Asparagus,,,,,30.0,,,,,Active
2026-08-16,Vegetables,Beetroot,Beetroot,India,1kg,,16.5,,,16.5,,Rawabi,Active
2026-08-16,Vegetables,Beetroot Cooked,Beetroot,,500g,,,22.0,,,44.0,Family,Active
2026-08-16,Vegetables,Beetroot Cooked -Packet,Beetroot,Holland,,,15.75,,,,,,Active
2026-08-16,Vegetables,Broccoli,Cabbage & Broccoli,Holland,1kg,,55.0,,,55.0,,Rawabi,Active
2026-08-16,Vegetables,Cabbage,Cabbage & Broccoli,Jordan,1kg,,6.5,,,6.5,,Rawabi,Active
2026-08-16,Vegetables,Cabbage,Cabbage & Broccoli,Oman,1kg,,3.0,,,3.0,,Rawabi,Active
2026-08-16,Vegetables,Cabbage Red,Cabbage & Broccoli,Oman,1kg,,6.5,,,6.5,,Rawabi,Active
2026-08-16,Vegetables,Cauliflower,Cabbage & Broccoli,Oman,1kg,,8.75,,,8.75,,Rawabi,Active
2026-08-16,Vegetables,Cauliflower Violet,Cabbage & Broccoli,Spain,1kg,,44.0,,,44.0,,Rawabi,Active
2026-08-16,Vegetables,Kohila Ala,Cabbage & Broccoli,,,,,19.0,,,,,Active
2026-08-16,Vegetables,Capsicum,Capsicum,Holland,1kg,,41.0,,,41.0,,Rawabi,Active
2026-08-16,Vegetables,Capsicum 4Color (Packet),Capsicum,Holland,,,19.0,,,,,,Active
2026-08-16,Vegetables,Capsicum Green,Capsicum,Oman,1kg,,8.25,,,8.25,,Rawabi,Active
2026-08-16,Vegetables,Capsicum Orange,Capsicum,Holland,1kg,,44.0,,,44.0,,Rawabi,Active
2026-08-16,Vegetables,Capsicum Orange,Capsicum,Oman,1kg,,14.75,,,14.75,,Rawabi,Active
2026-08-16,Vegetables,Capsicum Red,Capsicum,Holland,1kg,,42.0,,,42.0,,Rawabi,Active
2026-08-16,Vegetables,Capsicum Red,Capsicum,Oman,1kg,,9.75,,,9.75,,Rawabi,Active
2026-08-16,Vegetables,Capsicum Yellow,Capsicum,Holland,1kg,,48.0,,,48.0,,Rawabi,Active
2026-08-16,Vegetables,Capsicum Yellow,Capsicum,Oman,1kg,,9.75,,,9.75,,Rawabi,Active
2026-08-16,Vegetables,Baby Carrot (Packet),Carrots,Usa,,,10.0,,,,,,Active
2026-08-16,Vegetables,Carrot,Carrots,Australia,1kg,,7.0,,,7.0,,Rawabi,Active
2026-08-16,Vegetables,Carrot,Carrots,China,1kg,,4.5,,,4.5,,Rawabi,Active
2026-08-16,Vegetables,Carrot White Netherland,Carrots,,1kg,,32.0,,,32.0,,Rawabi,Active
2026-08-16,Vegetables,Chayote,Chayote,India,1kg,,16.5,,,16.5,,Rawabi,Active
2026-08-16,Vegetables,Chilli Kanthari,Chillies & Spicy,India,1kg,,48.0,,,48.0,,Rawabi,Active
2026-08-16,Vegetables,Chilly Green (Packet),Chillies & Spicy,Thailand,,,6.5,,,,,,Active
2026-08-16,Vegetables,Chilly Red,Chillies & Spicy,Holland,,,,23.75,,,,,Active
2026-08-16,Vegetables,Chilly Red (Packet),Chillies & Spicy,Thailand,,,7.0,,,,,,Active
2026-08-16,Vegetables,Ginger,Chillies & Spicy,China,1kg,,8.0,,,8.0,,Rawabi,Active
2026-08-16,Vegetables,Ginger,Chillies & Spicy,India,1kg,,21.0,,,21.0,,Rawabi,Active
2026-08-16,Vegetables,Ginger,Chillies & Spicy,Uganda,1kg,,24.5,,,24.5,,Rawabi,Active
2026-08-16,Vegetables,Hot Pepper Mix,Chillies & Spicy,Uganda,1kg,,38.0,,,38.0,,Rawabi,Active
2026-08-16,Vegetables,Jalapeno Green,Chillies & Spicy,Holland,1kg,,70.0,,,70.0,,Rawabi,Active
2026-08-16,Vegetables,Jalapeno Hot Red Pepper,Chillies & Spicy,Usa,,,,88.0,,,,,Active
2026-08-16,Vegetables,Jalapeno Peppers,Chillies & Spicy,,,,,23.5,,,,,Active
2026-08-16,Vegetables,Jalapeno Red,Chillies & Spicy,Holland,1kg,,65.0,,,65.0,,Rawabi,Active
2026-08-16,Vegetables,Long Chilly,Chillies & Spicy,Jordan,1kg,,7.75,,,7.75,,Rawabi,Active
2026-08-16,Vegetables,Long Chilly Green Big,Chillies & Spicy,Jordan,1kg,,12.0,,,12.0,,Rawabi,Active
2026-08-16,Vegetables,Red Long Chilli,Chillies & Spicy,Jordan,1kg,,22.0,,,22.0,,Rawabi,Active
2026-08-16,Vegetables,Fresh Fruit Basket,Combo Pack,,,,165.0,,,,,,Active
2026-08-16,Vegetables,Fresh Fruits Basket Small,Combo Pack,,,,130.0,,,,,,Active
2026-08-16,Vegetables,Mix Fruit Basket-Medium,Combo Pack,,,,250.0,,,,,,Active
2026-08-16,Vegetables,Mix Fruit Basket-Small,Combo Pack,,,,180.0,,,,,,Active
2026-08-16,Vegetables,Baby Corn (Packet),Corns & Baby Corn,Thailand,,,7.0,,,,,,Active
2026-08-16,Vegetables,Zucchini,Courgettes & Artichoke,Jordan,1kg,,5.0,,,5.0,,Rawabi,Active
2026-08-16,Vegetables,Cucumber Mazra Doha,Cucumber,,1kg,,6.5,,,6.5,,Rawabi,Active
2026-08-16,Vegetables,Yellow Cucumber,Cucumber,India,1kg,,14.5,,,14.5,,Rawabi,Active
2026-08-16,Vegetables,Garlic,Garlic,India,,,,12.25,,,,,Active
2026-08-16,Vegetables,Garlic,Garlic,China,1kg,,8.0,,,8.0,,Rawabi,Active
2026-08-16,Vegetables,Garlic,Garlic,India,1kg,,22.0,,,22.0,,Rawabi,Active
2026-08-16,Vegetables,Garlic Packet Big,Garlic,China,,,9.0,,,,,,Active
2026-08-16,Vegetables,Garlic Peeled,Garlic,,1kg,,24.0,,,24.0,,Rawabi,Active
2026-08-16,Vegetables,Garlic Small Pkt ( ),Garlic,China,,,4.5,,,,,,Active
2026-08-16,Vegetables,Ashgourd,Gourds,Oman,1kg,,4.5,,,4.5,,Rawabi,Active
2026-08-16,Vegetables,Bitter Gourd,Gourds,India,1kg,,17.5,,,17.5,,Rawabi,Active
2026-08-16,Vegetables,Bottlegourd,Gourds,India,1kg,,16.5,,,16.5,,Rawabi,Active
2026-08-16,Vegetables,Bottlegourd,Gourds,Oman,1kg,,5.75,,,5.75,,Rawabi,Active
2026-08-16,Vegetables,Ridge Gourd,Gourds,India,1kg,,18.5,,,18.5,,Rawabi,Active
2026-08-16,Vegetables,Snake Gourd,Gourds,India,1kg,,16.75,,,16.75,,Rawabi,Active
2026-08-16,Vegetables,Basil Leaves-Pc,Herbs,,,,12.0,,,,,,Active
2026-08-16,Vegetables,Celery Stick,Herbs,Spain,1kg,,38.0,,,38.0,,Rawabi,Active
2026-08-16,Vegetables,Coriander Leaves 1 Bunch,Herbs,Saudi,,,14.0,,,,,,Active
2026-08-16,Vegetables,Curry Leaves,Herbs,,,,3.0,,,,,,Active
2026-08-16,Vegetables,Curry Leaves,Herbs,Uganda,,,38.0,,,,,,Active
2026-08-16,Vegetables,Granadilla Fruit Colombia,Herbs,,1kg,,88.0,,,88.0,,Rawabi,Active
2026-08-16,Vegetables,Lemon Grass,Herbs,Thailand,1kg,,52.0,,,52.0,,Rawabi,Active
2026-08-16,Vegetables,Mint Leaves 1 Bunch,Herbs,Saudi,,,13.0,,,,,,Active
2026-08-16,Vegetables,Parsley Leaves 1 Bunch,Herbs,Saudi,,,10.0,,,,,,Active
2026-08-16,Vegetables,Rosemary,Herbs,Kenya,1.0pc,,10.0,,,10000.0,,Rawabi,Active
2026-08-16,Vegetables,Lady Finger,Lady Finger,India,1kg,,12.75,,,12.75,,Rawabi,Active
2026-08-16,Vegetables,Arugula (Jerjir)Leaves Doha 1 Bunch,Leafy Vegetables,,,,8.0,,,,,,Active
2026-08-16,Vegetables,Baby Rocket -Packet,Leafy Vegetables,Italy,,,11.5,,,,,,Active
2026-08-16,Vegetables,Baby Spinach Leaves -Packet,Leafy Vegetables,Italy,,,11.5,,,,,,Active
2026-08-16,Vegetables,Kale Leaves,Leafy Vegetables,Holland,1kg,,65.0,,,65.0,,Rawabi,Active
2026-08-16,Vegetables,Kangkong Doha,Leafy Vegetables,,1.0pc,,7.0,,,7000.0,,Rawabi,Active
2026-08-16,Vegetables,Lettuce,Leafy Vegetables,Jordan,1kg,,4.0,,,4.0,,Rawabi,Active
2026-08-16,Vegetables,Lettuce Gem Tray,Leafy Vegetables,Spain,,,,15.0,,,,,Active
2026-08-16,Vegetables,Lettuce Ice Berge,Leafy Vegetables,Spain,1kg,,38.0,,,38.0,,Rawabi,Active
2026-08-16,Vegetables,Molokhia Doha,Leafy Vegetables,,,,5.5,,,,,,Active
2026-08-16,Vegetables,Pechay Leaves Doha,Leafy Vegetables,,1.0pc,,8.5,,,8500.0,,Rawabi,Active
2026-08-16,Vegetables,Red Chard Mix,Leafy Vegetables,Italy,125g,,,10.0,,,80.0,Family,Active
2026-08-16,Vegetables,Red Spinach Doha 1 Bunch,Leafy Vegetables,,,,5.75,,,,,,Active
2026-08-16,Vegetables,Spinach Doha 1 Bunch,Leafy Vegetables,,,,5.5,,,,,,Active
2026-08-16,Vegetables,Leeks,Leeks/Spring Onions,Holland,1kg,,35.0,,,35.0,,Rawabi,Active
2026-08-16,Vegetables,Spring Onion Arabia,Leeks/Spring Onions,Saudi,1.0pc,,11.0,,,11000.0,,Rawabi,Active
2026-08-16,Vegetables,Agrico Mushroom White Doha Packet,Mushrooms,,,,7.0,,,,,,Active
2026-08-16,Vegetables,Mushroom Brown Doha-Packet,Mushrooms,,,,8.5,,,,,,Active
2026-08-16,Vegetables,Mushroom Mix Doha Packet,Mushrooms,,,,13.0,,,,,,Active
2026-08-16,Vegetables,Mushroom Oyster Netherland Pac,Mushrooms,,150g,,13.5,,,90.0,,Rawabi,Active
2026-08-16,Vegetables,Mushroom Slice,Mushrooms,Qatar,,,,8.5,,,,,Active
2026-08-16,Vegetables,Mushroom Slice Doha-Packet,Mushrooms,,,,8.5,,,,,,Active
2026-08-16,Vegetables,Mushroom White Doha-Packet,Mushrooms,,,,7.0,,,,,,Active
2026-08-16,Vegetables,Shimenji White Mushroom,Mushrooms,,150g,,,12.0,,,80.0,Family,Active
2026-08-16,Vegetables,Onion Medium Bag,Onion,India,,,18.0,,,,,,Active
2026-08-16,Vegetables,Onion Small,Onion,India,1kg,,17.25,,,17.25,,Rawabi,Active
2026-08-16,Vegetables,Onion Small Bag,Onion,India,,,10.5,,,,,,Active
2026-08-16,Vegetables,White Onion,Onion,Lebanon,1kg,,9.75,,,9.75,,Rawabi,Active
2026-08-16,Vegetables,Aloe Vera,Other Vegetables,,,,,30.0,,,,,Active
2026-08-16,Vegetables,Chinese Potato,Other Vegetables,,1kg,,13.5,,,13.5,,Rawabi,Active
2026-08-16,Vegetables,Drumstick,Other Vegetables,India,1kg,,13.75,,,13.75,,Rawabi,Active
2026-08-16,Vegetables,Drumstick Leaves,Other Vegetables,India,1.0pc,,6.0,,,6000.0,,Rawabi,Active
2026-08-16,Vegetables,Eggplant,Other Vegetables,Holland,,,,28.0,,,,,Active
2026-08-16,Vegetables,Eggplant Long Arabia,Other Vegetables,Saudi,1kg,,11.0,,,11.0,,Rawabi,Active
2026-08-16,Vegetables,Eggplant Premium,Other Vegetables,Oman,1kg,,6.75,,,6.75,,Rawabi,Active
2026-08-16,Vegetables,Govar,Other Vegetables,India,1kg,,16.75,,,16.75,,Rawabi,Active
2026-08-16,Vegetables,Guava,Other Vegetables,India,1kg,,20.5,,,20.5,,Rawabi,Active
2026-08-16,Vegetables,Guava -Packet,Other Vegetables,Thailand,,,32.0,,,,,,Active
2026-08-16,Vegetables,Guava Red,Other Vegetables,Thailand,1kg,,42.0,,,42.0,,Rawabi,Active
2026-08-16,Vegetables,Guava Red -Packet,Other Vegetables,Thailand,,,34.0,,,,,,Active
2026-08-16,Vegetables,Lollo Bioanda,Other Vegetables,Holland,1kg,,78.0,,,78.0,,Rawabi,Active
2026-08-16,Vegetables,Longan -Packet,Other Vegetables,Thailand,,,24.0,,,,,,Active
2026-08-16,Vegetables,Palak Leaves Doha,Other Vegetables,,1.0pc,,5.0,,,5000.0,,Rawabi,Active
2026-08-16,Vegetables,Rambutan -Packet,Other Vegetables,Thailand,,,22.0,,,,,,Active
2026-08-16,Vegetables,Redcurrent -Packet,Other Vegetables,Holland,,,22.0,,,,,,Active
2026-08-16,Vegetables,Squash ( )-,Other Vegetables,Lebanon,,,,32.0,,,,,Active
2026-08-16,Vegetables,Tamarind -Box,Other Vegetables,Thailand,,,23.0,,,,,,Active
2026-08-16,Vegetables,Beans,Peas & Beans,India,1kg,,19.75,,,19.75,,Rawabi,Active
2026-08-16,Vegetables,Beans Fine Bean & Snow Peas Ke,Peas & Beans,,250g,,14.0,,,56.0,,Rawabi,Active
2026-08-16,Vegetables,Indian Beans,Peas & Beans,India,,,,10.0,,,,,Active
2026-08-16,Vegetables,Long Beans,Peas & Beans,India,1kg,,24.0,,,24.0,,Rawabi,Active
2026-08-16,Vegetables,Aravi Big,Potatoes & Starchy Vegetables,India,,,,9.0,,,,,Active
2026-08-16,Vegetables,Lothi,Potatoes & Starchy Vegetables,,1kg,,16.0,,,16.0,,Rawabi,Active
2026-08-16,Vegetables,Potato,Potatoes & Starchy Vegetables,Bangladesh,1kg,,16.0,,,16.0,,Rawabi,Active
2026-08-16,Vegetables,Potato Bag,Potatoes & Starchy Vegetables,Saudi,1kg,,13.0,,,13.0,,Rawabi,Active
2026-08-16,Vegetables,Sweet Potato,Potatoes & Starchy Vegetables,Usa,,,,15.5,,,,,Active
2026-08-16,Vegetables,Sweet Potato,Potatoes & Starchy Vegetables,Australia,1kg,,38.0,,,38.0,,Rawabi,Active
2026-08-16,Vegetables,Sweet Potato,Potatoes & Starchy Vegetables,Egypt,1kg,,4.5,,,4.5,,Rawabi,Active
2026-08-16,Vegetables,Sweet Potato By Air,Potatoes & Starchy Vegetables,Uganda,1kg,,18.0,,,18.0,,Rawabi,Active
2026-08-16,Vegetables,Tapioca,Potatoes & Starchy Vegetables,Sri Lanka,,,,9.0,,,,,Active
2026-08-16,Vegetables,Tapioca,Potatoes & Starchy Vegetables,Sri Lanka,1kg,,11.5,,,11.5,,Rawabi,Active
2026-08-16,Vegetables,Yam,Potatoes & Starchy Vegetables,India,1kg,,9.75,,,9.75,,Rawabi,Active
2026-08-16,Vegetables,Butternut Pumpkin,Pumpkin,Oman,1kg,,7.75,,,7.75,,Rawabi,Active
2026-08-16,Vegetables,Disco Pumpkin,Pumpkin,India,1kg,,15.75,,,15.75,,Rawabi,Active
2026-08-16,Vegetables,Pumpkin,Pumpkin,Oman,1kg,,3.5,,,3.5,,Rawabi,Active
2026-08-16,Vegetables,Pumpkin Medium,Pumpkin,India,,,,8.75,,,,,Active
2026-08-16,Vegetables,Radish Red -Packet,Raddish,Holland,,,5.5,,,,,,Active
2026-08-16,Vegetables,Radish White,Raddish,China,1kg,,11.0,,,11.0,,Rawabi,Active
2026-08-16,Vegetables,Red Radish,Raddish,Holland,1kg,,33.5,,,33.5,,Rawabi,Active
2026-08-16,Vegetables,Bunch Tomato,Tomato,Turkey,1kg,,9.75,,,9.75,,Rawabi,Active
2026-08-16,Vegetables,Cherry Tomato Yellow Packet,Tomato,Holland,,,14.0,,,,,,Active
2026-08-16,Vegetables,Tomato Cherry Orange Netherland 250,Tomato,,,,14.75,,,,,,Active
2026-08-16,Vegetables,Tomato Cherry Plum Red,Tomato,Spain,500g,,26.0,,,52.0,,Rawabi,Active
2026-08-16,Vegetables,Tomato Green House,Tomato,Oman,1kg,,4.75,,,4.75,,Rawabi,Active
2026-08-16,Vegetables,Tomato Kumato,Tomato,Spain,1kg,,42.0,,,42.0,,Rawabi,Active
2026-08-16,Vegetables,Tomato Sweet Cherry Vine Netherland,Tomato,,,,48.0,,,,,,Active
2026-08-16,Vegetables,Turmeric,Turmeric,India,1kg,,18.0,,,18.0,,Rawabi,Active
2026-08-16,Vegetables,Turmeric -Packet,Turmeric,Thailand,,,6.5,,,,,,Active
2026-08-16,Fruits,Apple Gala,Apples,France,1kg,,,,,,,,Market Out
2026-08-16,Fruits,Apple Golden,Apples,Italy,1kg,,,,,,,,Market Out
2026-08-16,Fruits,Apple Green,Apples,Spain,1kg,,,,,,,,Market Out
2026-08-16,Fruits,Apple Ukraine,Apples,,1kg,,,,,,,,Market Out
2026-08-16,Fruits,Banana,Banana,Philippines,1kg,,,,,,,,Market Out
2026-08-16,Fruits,Banana,Banana,Ecuador,1kg,,,,,,,,Market Out
2026-08-16,Fruits,Banana Flower,Banana,,1kg,,,,,,,,Market Out
2026-08-16,Fruits,Banana Yellow,Banana,India,1kg,,,,,,,,Market Out
2026-08-16,Fruits,Kadali Banana By Air,Banana,India,1kg,,,,,,,,Market Out
2026-08-16,Fruits,Black Berry -Packet,Berries,Morocco,,,,,,,,,Market Out
2026-08-16,Fruits,Blueberry -Packet,Berries,Morocco,,,,,,,,,Market Out
2026-08-16,Fruits,Raspberry Africa Packet,Berries,,,,,,,,,,Market Out
2026-08-16,Fruits,Mandarine Nadarcott,Citrus Fruits,Egypt,1kg,,,,,,,,Market Out
2026-08-16,Fruits,Orange Navel Africa,Citrus Fruits,,1kg,,,,,,,,Market Out
2026-08-16,Fruits,Orange Valencia,Citrus Fruits,Egypt,1kg,,,,,,,,Market Out
2026-08-16,Fruits,Grape Black,Grapes,Egypt,1kg,,,,,,,,Market Out
2026-08-16,Fruits,Grapes Red -Packet,Grapes,India,,,,,,,,,Market Out
2026-08-16,Fruits,Kiwi Greece,Kiwi,,1kg,,,,,,,,Market Out
2026-08-16,Fruits,Mango Badami Air,Mangoes,India,1kg,,,,,,,,Market Out
2026-08-16,Fruits,Mango Galbetor Yeman,Mangoes,,1kg,,,,,,,,Market Out
2026-08-16,Fruits,Mango Yemen Cartoon,Mangoes,,,,,,,,,,Market Out
2026-08-16,Fruits,Sweet Melon,Melons,Jordan,1kg,,,,,,,,Market Out
2026-08-16,Vegetables,Cauliflower Mazra Doha,Cabbage & Broccoli,,1kg,,,,,,,,Market Out
2026-08-16,Vegetables,Capsicum Mix Pkt,Capsicum,Holland,4.0pcs,,,,,,,,Market Out
2026-08-16,Vegetables,Chilli,Chillies & Spicy,Uganda,1kg,,,,,,,,Market Out
2026-08-16,Vegetables,Chilli,Chillies & Spicy,Uganda,250g,,,,,,,,Market Out
2026-08-16,Vegetables,Green Chilli,Chillies & Spicy,Uganda,,,,,,,,,Market Out
2026-08-16,Vegetables,Green Chilly By Air,Chillies & Spicy,India,1kg,,,,,,,,Market Out
2026-08-16,Vegetables,Green Chilly By Air,Chillies & Spicy,India,250g,,,,,,,,Market Out
2026-08-16,Vegetables,Cucumber Premium Doha,Cucumber,,1kg,,,,,,,,Market Out
2026-08-16,Vegetables,Bottle Gourd Doha,Gourds,,1kg,,,,,,,,Market Out
2026-08-16,Vegetables,Ivy Gourd (Kovakka) Indian,Gourds,India,1kg,,,,,,,,Market Out
2026-08-16,Vegetables,Baby Fennel Africa-Packet,Herbs,,,,,,,,,,Market Out
2026-08-16,Vegetables,Fennel,Herbs,,,,,,,,,,Market Out
2026-08-16,Vegetables,Mint Leaves -Packet,Herbs,Jordan,,,,,,,,,Market Out
2026-08-16,Vegetables,Arugula (Jerjir)Leaves Doha,Leafy Vegetables,,500g,,,,,,,,Market Out
2026-08-16,Vegetables,Lettuce Iceberg,Leafy Vegetables,,,,,,,,,,Market Out
2026-08-16,Vegetables,Onion Big,Onion,India,1kg,,,,,,,,Market Out
2026-08-16,Vegetables,Onion White,Onion,Spain,1kg,,,,,,,,Market Out
2026-08-16,Vegetables,Bagal Leaves,Other Vegetables,,1.0pc,,,,,,,,Market Out
2026-08-16,Vegetables,Colacasia,Other Vegetables,India,1kg,,,,,,,,Market Out
2026-08-16,Vegetables,Green Spianch Doha 1 Bunch,Other Vegetables,,,,,,,,,,Market Out
2026-08-16,Vegetables,Palak Doha Pc,Other Vegetables,,,,,,,,,,Market Out
2026-08-16,Vegetables,Potato Syria,Potatoes & Starchy Vegetables,,1kg,,,,,,,,Market Out
2026-08-16,Vegetables,Butter Nut Pumpkin Africa,Pumpkin,,1kg,,,,,,,,Market Out
2026-08-16,Vegetables,Cherry Tomato -Packet,Tomato,Morocco,,,,,,,,,Market Out
2026-08-16,Vegetables,Tomato Green House Syria,Tomato,,1kg,,,,,,,,Market Out
2026-08-15,Fruits,Apple Africa,Apples,,1kg,,11.0,,,11.0,,Rawabi,Active
2026-08-15,Fruits,Apple Gala,Apples,France,1kg,,11.0,,,11.0,,Rawabi,Active
2026-08-15,Fruits,Apple Golden,Apples,Italy,1kg,,12.0,,,12.0,,Rawabi,Active
2026-08-15,Fruits,Apple Green,Apples,Spain,1kg,,11.0,,,11.0,,Rawabi,Active
2026-08-15,Fruits,Apple Red,Apples,Usa,1kg,,14.5,,,14.5,,Rawabi,Active
2026-08-15,Fruits,Apple Ukraine,Apples,,1kg,,10.0,,,10.0,,Rawabi,Active
2026-08-15,Fruits,Pineapple,Apples,India,1kg,,12.75,,,12.75,,Rawabi,Active
2026-08-15,Fruits,Pineapple Golden,Apples,Kenya,1kg,,13.5,,,13.5,,Rawabi,Active
2026-08-15,Fruits,Avocado,Avocado,Uganda,1kg,,18.0,,,18.0,,Rawabi,Active
2026-08-15,Fruits,Avocado Hass,Avocado,Uganda,1kg,,26.0,,,26.0,,Rawabi,Active
2026-08-15,Fruits,Banana,Banana,Philippines,1kg,,7.5,,,7.5,,Rawabi,Active
2026-08-15,Fruits,Banana,Banana,Ecuador,1kg,,7.5,,,7.5,,Rawabi,Active
2026-08-15,Fruits,Banana Flower,Banana,,1kg,,17.0,,,17.0,,Rawabi,Active
2026-08-15,Fruits,Banana Yellow,Banana,India,1kg,,12.75,,,12.75,,Rawabi,Active
2026-08-15,Fruits,Kadali Banana By Air,Banana,India,1kg,,17.5,,,17.5,,Rawabi,Active
2026-08-15,Fruits,Kadhali Banana,Banana,India,1kg,,16.0,,,16.0,,Rawabi,Active
2026-08-15,Fruits,Black Berry -Packet,Berries,Morocco,,,24.5,,,,,,Active
2026-08-15,Fruits,Blackberry -Packet,Berries,Usa,,,24.0,,,,,,Active
2026-08-15,Fruits,Blueberry -Packet,Berries,Morocco,,,13.0,,,,,,Active
2026-08-15,Fruits,Blueberry Africa Small-Packet,Berries,,,,10.0,,,,,,Active
2026-08-15,Fruits,Raspberry Africa Packet,Berries,,,,26.0,,,,,,Active
2026-08-15,Fruits,Strawberry Africa-Packet,Berries,,,,12.75,,,,,,Active
2026-08-15,Fruits,Lemon Africa,Citrus Fruits,,1kg,,6.75,,,6.75,,Rawabi,Active
2026-08-15,Fruits,Lemon Africa,Citrus Fruits,,250g,,2.25,,,9.0,,Rawabi,Active
2026-08-15,Fruits,Lime,Citrus Fruits,Vietnam,1kg,,8.5,,,8.5,,Rawabi,Active
2026-08-15,Fruits,Lime,Citrus Fruits,Vietnam,250g,,2.5,,,10.0,,Rawabi,Active
2026-08-15,Fruits,Mandarin,Citrus Fruits,China,1kg,,13.5,,,13.5,,Rawabi,Active
2026-08-15,Fruits,Mandarine Nadarcott,Citrus Fruits,Egypt,1kg,,8.5,,,8.5,,Rawabi,Active
2026-08-15,Fruits,Orange Navel Africa,Citrus Fruits,,1kg,,7.5,,,7.5,,Rawabi,Active
2026-08-15,Fruits,Orange Valencia,Citrus Fruits,Egypt,1kg,,5.75,,,5.75,,Rawabi,Active
2026-08-15,Fruits,Coconut,Coconut,India,1.0pc,,3.0,,,3000.0,,Rawabi,Active
2026-08-15,Fruits,Coconut Grated,Coconut,India,1.0pc,,3.5,,,3500.0,,Rawabi,Active
2026-08-15,Fruits,Coconut Young,Coconut,Vietnam,1.0pc,,8.5,,,8500.0,,Rawabi,Active
2026-08-15,Fruits,Coconut Young,Coconut,Sri Lanka,1.0pc,,9.75,,,9750.0,,Rawabi,Active
2026-08-15,Fruits,Grape Black,Grapes,Egypt,1kg,,16.0,,,16.0,,Rawabi,Active
2026-08-15,Fruits,Grape White Packet,Grapes,Egypt,1kg,,16.0,,,16.0,,Rawabi,Active
2026-08-15,Fruits,Grapefruit Africa,Grapes,,1kg,,6.5,,,6.5,,Rawabi,Active
2026-08-15,Fruits,Grapes Red -Packet,Grapes,India,,,9.0,,,,,,Active
2026-08-15,Fruits,Grapes White,Grapes,Australia,1kg,,50.0,,,50.0,,Rawabi,Active
2026-08-15,Fruits,Grapes White,Grapes,Australia,500g,,25.0,,,50.0,,Rawabi,Active
2026-08-15,Fruits,Ash Banana,Green Banana,Sri Lanka,,,,9.5,,,,,Active
2026-08-15,Fruits,Green Banana,Green Banana,Uganda,1kg,,17.75,,,17.75,,Rawabi,Active
2026-08-15,Fruits,Green Banana,Green Banana,India,1kg,,12.0,,,12.0,,Rawabi,Active
2026-08-15,Fruits,Kiwi Gold New Zealand,Kiwi,,1kg,,55.0,,,55.0,,Rawabi,Active
2026-08-15,Fruits,Kiwi Gold New Zealand,Kiwi,,250g,,15.0,,,60.0,,Rawabi,Active
2026-08-15,Fruits,Kiwi Greece,Kiwi,,1kg,,28.0,,,28.0,,Rawabi,Active
2026-08-15,Fruits,Mango Badami Air,Mangoes,India,1kg,,18.0,,,18.0,,Rawabi,Active
2026-08-15,Fruits,Mango Galbetor Yeman,Mangoes,,1kg,,13.5,,,13.5,,Rawabi,Active
2026-08-15,Fruits,Mango Yemen Cartoon,Mangoes,,,,35.0,,,,,,Active
2026-08-15,Fruits,Mangosteen Packet,Mangoes,Thailand,,,25.0,,,,,,Active
2026-08-15,Fruits,Sweet Melon,Melons,Jordan,1kg,,3.0,,,3.0,,Rawabi,Active
2026-08-15,Fruits,Water Melon,Melons,Jordan,1kg,,3.5,,,3.5,,Rawabi,Active
2026-08-15,Fruits,Papaya,Papaya,Sri Lanka,1kg,,17.5,,,17.5,,Rawabi,Active
2026-08-15,Fruits,Plums Red Africa,Plums,,1kg,,15.5,,,15.5,,Rawabi,Active
2026-08-15,Fruits,Pomegranate,Pomegranates,India,1kg,,11.75,,,11.75,,Rawabi,Active
2026-08-15,Fruits,Pomegranate,Pomegranates,India,500g,,10.5,,,21.0,,Rawabi,Active
2026-08-15,Fruits,Pomegranate,Pomegranates,Peru,1kg,,21.0,,,21.0,,Rawabi,Active
2026-08-15,Fruits,Pomegranate -Carton,Pomegranates,India,,,22.0,,,,,,Active
2026-08-15,Vegetables,Asparagus Jumbo,Asparagus,,,,,30.0,,,,,Active
2026-08-15,Vegetables,Beetroot,Beetroot,Oman,1kg,,6.5,,,6.5,,Rawabi,Active
2026-08-15,Vegetables,Broccoli,Cabbage & Broccoli,Spain,1kg,,20.0,,,20.0,,Rawabi,Active
2026-08-15,Vegetables,Broccoli,Cabbage & Broccoli,Spain,500g,,10.0,,,20.0,,Rawabi,Active
2026-08-15,Vegetables,Cabbage,Cabbage & Broccoli,Oman,1kg,,2.5,,,2.5,,Rawabi,Active
2026-08-15,Vegetables,Cauliflower Mazra Doha,Cabbage & Broccoli,,1kg,,7.0,,,7.0,,Rawabi,Active
2026-08-15,Vegetables,Capsicum,Capsicum,Holland,1kg,,18.0,,,18.0,,Rawabi,Active
2026-08-15,Vegetables,Capsicum,Capsicum,Holland,500g,,17.5,,,35.0,,Rawabi,Active
2026-08-15,Vegetables,Capsicum 4Color (Packet),Capsicum,Holland,,,22.0,,,,,,Active
2026-08-15,Vegetables,Capsicum Green,Capsicum,Jordan,1kg,,5.0,,,5.0,,Rawabi,Active
2026-08-15,Vegetables,Capsicum Green,Capsicum,Jordan,500g,,2.5,,,5.0,,Rawabi,Active
2026-08-15,Vegetables,Capsicum Mix Pkt,Capsicum,Holland,4.0pcs,,,20.0,,,5000.0,Family,Active
2026-08-15,Vegetables,Capsicum Red,Capsicum,Holland,,,,13.75,,,,,Active
2026-08-15,Vegetables,Capsicum Yellow,Capsicum,Holland,,,,13.75,,,,,Active
2026-08-15,Vegetables,Carrot,Carrots,Australia,1kg,,7.0,,,7.0,,Rawabi,Active
2026-08-15,Vegetables,Carrot,Carrots,Australia,500g,,3.5,,,7.0,,Rawabi,Active
2026-08-15,Vegetables,Chayote,Chayote,India,1kg,,16.0,,,16.0,,Rawabi,Active
2026-08-15,Vegetables,Chilli,Chillies & Spicy,Uganda,1kg,,19.5,,,19.5,,Rawabi,Active
2026-08-15,Vegetables,Chilli,Chillies & Spicy,Uganda,250g,,5.0,,,20.0,,Rawabi,Active
2026-08-15,Vegetables,Chilly Red,Chillies & Spicy,Holland,,,,23.75,,,,,Active
2026-08-15,Vegetables,Ginger,Chillies & Spicy,China,1kg,,8.0,,,8.0,,Rawabi,Active
2026-08-15,Vegetables,Ginger,Chillies & Spicy,Uganda,1kg,,19.0,,,19.0,,Rawabi,Active
2026-08-15,Vegetables,Ginger,Chillies & Spicy,China,250g,,2.0,,,8.0,,Rawabi,Active
2026-08-15,Vegetables,Ginger,Chillies & Spicy,Uganda,250g,,4.75,,,19.0,,Rawabi,Active
2026-08-15,Vegetables,Green Chilli,Chillies & Spicy,Uganda,,,,6.0,,,,,Active
2026-08-15,Vegetables,Green Chilly By Air,Chillies & Spicy,India,1kg,,16.5,,,16.5,,Rawabi,Active
2026-08-15,Vegetables,Green Chilly By Air,Chillies & Spicy,India,250g,,5.0,,,20.0,,Rawabi,Active
2026-08-15,Vegetables,Hot Pepper Mix,Chillies & Spicy,Uganda,1kg,,31.0,,,31.0,,Rawabi,Active
2026-08-15,Vegetables,Hot Pepper Mix,Chillies & Spicy,Uganda,250g,,8.25,,,33.0,,Rawabi,Active
2026-08-15,Vegetables,Jalapeno Peppers,Chillies & Spicy,,,,,23.5,,,,,Active
2026-08-15,Vegetables,Zucchini,Courgettes & Artichoke,Jordan,1kg,,5.0,,,5.0,,Rawabi,Active
2026-08-15,Vegetables,Cucumber Mazra Doha,Cucumber,,1kg,,7.5,,,7.5,,Rawabi,Active
2026-08-15,Vegetables,Cucumber Premium Doha,Cucumber,,1kg,,7.5,,,7.5,,Rawabi,Active
2026-08-15,Vegetables,Yellow Cucumber,Cucumber,India,1kg,,15.75,,,15.75,,Rawabi,Active
2026-08-15,Vegetables,Garlic,Garlic,India,,,,12.25,,,,,Active
2026-08-15,Vegetables,Garlic,Garlic,China,1kg,,8.0,,,8.0,,Rawabi,Active
2026-08-15,Vegetables,Garlic,Garlic,China,250g,,2.0,,,8.0,,Rawabi,Active
2026-08-15,Vegetables,Garlic Packet Big,Garlic,China,,,9.0,,,,,,Active
2026-08-15,Vegetables,Garlic Small Pkt ( ),Garlic,China,,,4.5,,,,,,Active
2026-08-15,Vegetables,Ashgourd,Gourds,Oman,1kg,,5.75,,,5.75,,Rawabi,Active
2026-08-15,Vegetables,Bitter Gourd,Gourds,India,1kg,,12.75,,,12.75,,Rawabi,Active
2026-08-15,Vegetables,Bottle Gourd Doha,Gourds,,1kg,,6.5,,,6.5,,Rawabi,Active
2026-08-15,Vegetables,Ivy Gourd (Kovakka) Indian,Gourds,India,1kg,,16.5,,,16.5,,Rawabi,Active
2026-08-15,Vegetables,Ridge Gourd,Gourds,India,1kg,,17.0,,,17.0,,Rawabi,Active
2026-08-15,Vegetables,Snake Gourd,Gourds,India,1kg,,17.0,,,17.0,,Rawabi,Active
2026-08-15,Vegetables,Baby Fennel Africa-Packet,Herbs,,,,22.5,,,,,,Active
2026-08-15,Vegetables,Celery Stick,Herbs,Spain,1kg,,35.0,,,35.0,,Rawabi,Active
2026-08-15,Vegetables,Celery Stick,Herbs,Spain,250g,,8.75,,,35.0,,Rawabi,Active
2026-08-15,Vegetables,Curry Leaves,Herbs,Uganda,,,35.0,,,,,,Active
2026-08-15,Vegetables,Fennel,Herbs,,,,,20.0,,,,,Active
2026-08-15,Vegetables,Mint Leaves -Packet,Herbs,Jordan,,,3.5,,,,,,Active
2026-08-15,Vegetables,Parsley Leaves 1 Bunch,Herbs,Saudi,,,2.0,,,,,,Active
2026-08-15,Vegetables,Rosemary,Herbs,Kenya,1.0pc,,12.0,,,12000.0,,Rawabi,Active
2026-08-15,Vegetables,Lady Finger,Lady Finger,India,1kg,,12.75,,,12.75,,Rawabi,Active
2026-08-15,Vegetables,Arugula (Jerjir)Leaves Doha,Leafy Vegetables,,500g,,3.75,,,7.5,,Rawabi,Active
2026-08-15,Vegetables,Arugula (Jerjir)Leaves Doha 1 Bunch,Leafy Vegetables,,,,7.5,,,,,,Active
2026-08-15,Vegetables,Kangkong Doha,Leafy Vegetables,,1.0pc,,4.0,,,4000.0,,Rawabi,Active
2026-08-15,Vegetables,Lettuce,Leafy Vegetables,Jordan,1kg,,4.0,,,4.0,,Rawabi,Active
2026-08-15,Vegetables,Lettuce,Leafy Vegetables,Jordan,500g,,2.0,,,4.0,,Rawabi,Active
2026-08-15,Vegetables,Lettuce Ice Berge,Leafy Vegetables,Spain,1kg,,38.0,,,38.0,,Rawabi,Active
2026-08-15,Vegetables,Lettuce Ice Berge,Leafy Vegetables,Spain,250g,,9.5,,,38.0,,Rawabi,Active
2026-08-15,Vegetables,Lettuce Iceberg,Leafy Vegetables,,,,,20.0,,,,,Active
2026-08-15,Vegetables,Molokhia Doha,Leafy Vegetables,,,,4.5,,,,,,Active
2026-08-15,Vegetables,Molokhia Doha,Leafy Vegetables,,250g,,1.25,,,5.0,,Rawabi,Active
2026-08-15,Vegetables,Red Spinach Doha 1 Bunch,Leafy Vegetables,,,,3.5,,,,,,Active
2026-08-15,Vegetables,Leeks,Leeks/Spring Onions,Holland,,,,9.0,,,,,Active
2026-08-15,Vegetables,Leeks,Leeks/Spring Onions,Holland,1kg,,34.0,,,34.0,,Rawabi,Active
2026-08-15,Vegetables,Leeks,Leeks/Spring Onions,Holland,250g,,8.5,,,34.0,,Rawabi,Active
2026-08-15,Vegetables,Mushroom Brown Doha-Packet,Mushrooms,,,,8.5,,,,,,Active
2026-08-15,Vegetables,Mushroom Slice Doha-Packet,Mushrooms,,,,8.5,,,,,,Active
2026-08-15,Vegetables,Mushroom White Doha-Packet,Mushrooms,,,,7.0,,,,,,Active
2026-08-15,Vegetables,Onion Big,Onion,India,1kg,,3.5,,,3.5,,Rawabi,Active
2026-08-15,Vegetables,Onion Medium Bag,Onion,India,,,17.0,,,,,,Active
2026-08-15,Vegetables,Onion Small,Onion,India,1kg,,18.5,,,18.5,,Rawabi,Active
2026-08-15,Vegetables,Onion Small Bag,Onion,India,,,11.0,,,,,,Active
2026-08-15,Vegetables,Onion White,Onion,Spain,1kg,,10.0,,,10.0,,Rawabi,Active
2026-08-15,Vegetables,Aloe Vera,Other Vegetables,,,,,30.0,,,,,Active
2026-08-15,Vegetables,Bagal Leaves,Other Vegetables,,1.0pc,,8.0,,,8000.0,,Rawabi,Active
2026-08-15,Vegetables,Colacasia,Other Vegetables,India,1kg,,17.0,,,17.0,,Rawabi,Active
2026-08-15,Vegetables,Drumstick,Other Vegetables,India,1kg,,13.75,,,13.75,,Rawabi,Active
2026-08-15,Vegetables,Eggplant,Other Vegetables,Holland,,,,28.0,,,,,Active
2026-08-15,Vegetables,Eggplant Premium,Other Vegetables,Oman,1kg,,7.75,,,7.75,,Rawabi,Active
2026-08-15,Vegetables,Green Spianch Doha 1 Bunch,Other Vegetables,,,,3.5,,,,,,Active
2026-08-15,Vegetables,Guava,Other Vegetables,India,1kg,,19.0,,,19.0,,Rawabi,Active
2026-08-15,Vegetables,Lollo Bioanda,Other Vegetables,Holland,1kg,,16.0,,,16.0,,Rawabi,Active
2026-08-15,Vegetables,Lollo Bioanda,Other Vegetables,Holland,250g,,4.0,,,16.0,,Rawabi,Active
2026-08-15,Vegetables,Longan -Packet,Other Vegetables,Thailand,,,24.0,,,,,,Active
2026-08-15,Vegetables,Palak Doha Pc,Other Vegetables,,,,3.0,,,,,,Active
2026-08-15,Vegetables,Rambutan -Packet,Other Vegetables,Thailand,,,25.0,,,,,,Active
2026-08-15,Vegetables,Squash ( )-,Other Vegetables,Lebanon,,,,32.0,,,,,Active
2026-08-15,Vegetables,Beans,Peas & Beans,India,1kg,,19.0,,,19.0,,Rawabi,Active
2026-08-15,Vegetables,Aravi Big,Potatoes & Starchy Vegetables,India,,,,9.0,,,,,Active
2026-08-15,Vegetables,Potato,Potatoes & Starchy Vegetables,Egypt,1kg,,3.5,,,3.5,,Rawabi,Active
2026-08-15,Vegetables,Potato Bag,Potatoes & Starchy Vegetables,Pakistan,,,7.5,,,,,,Active
2026-08-15,Vegetables,Potato Syria,Potatoes & Starchy Vegetables,,1kg,,3.0,,,3.0,,Rawabi,Active
2026-08-15,Vegetables,Sweet Potato,Potatoes & Starchy Vegetables,Usa,,,,15.5,,,,,Active
2026-08-15,Vegetables,Sweet Potato By Air,Potatoes & Starchy Vegetables,Uganda,1kg,,20.0,,,20.0,,Rawabi,Active
2026-08-15,Vegetables,Tapioca,Potatoes & Starchy Vegetables,Sri Lanka,,,,9.0,,,,,Active
2026-08-15,Vegetables,Yam,Potatoes & Starchy Vegetables,India,1kg,,12.75,,,12.75,,Rawabi,Active
2026-08-15,Vegetables,Butter Nut Pumpkin Africa,Pumpkin,,1kg,,8.5,,,8.5,,Rawabi,Active
2026-08-15,Vegetables,Disco Pumpkin,Pumpkin,India,1kg,,16.0,,,16.0,,Rawabi,Active
2026-08-15,Vegetables,Pumpkin,Pumpkin,Oman,1kg,,4.75,,,4.75,,Rawabi,Active
2026-08-15,Vegetables,Radish Red -Packet,Raddish,Holland,,,5.5,,,,,,Active
2026-08-15,Vegetables,Radish White,Raddish,China,1kg,,7.5,,,7.5,,Rawabi,Active
2026-08-15,Vegetables,Red Radish,Raddish,Holland,1kg,,30.0,45.0,,30.0,45.0,Rawabi,Active
2026-08-15,Vegetables,Cherry Tomato -Packet,Tomato,Morocco,,,12.0,,,,,,Active
2026-08-15,Vegetables,Tomato Green House,Tomato,Jordan,1kg,,5.75,,,5.75,,Rawabi,Active
2026-08-15,Vegetables,Tomato Green House Syria,Tomato,,1kg,,4.0,,,4.0,,Rawabi,Active
2026-08-15,Vegetables,Turmeric,Turmeric,India,1kg,,17.0,,,17.0,,Rawabi,Active
2026-08-15,Vegetables,Turmeric,Turmeric,India,250g,,4.25,,,17.0,,Rawabi,Active
2026-08-15,Fruits,Apple,Apples,China,1kg,,,,,,,,Market Out
2026-08-15,Fruits,Apple,Apples,Pakistan,1kg,,,,,,,,Market Out
2026-08-15,Fruits,Apple Gala Chili,Apples,,1kg,,,,,,,,Market Out
2026-08-15,Fruits,Apple Rocket New Zealand,Apples,,1kg,,,,,,,,Market Out
2026-08-15,Fruits,Apple Royal Gala Africa Premium,Apples,,1kg,,,,,,,,Market Out
2026-08-15,Fruits,Baby Apple Africa,Apples,,1kg,,,,,,,,Market Out
2026-08-15,Fruits,Colacasia Bangaladesh,Apples,,1kg,,,,,,,,Market Out
2026-08-15,Fruits,Galanga,Apples,Thailand,1kg,,,,,,,,Market Out
2026-08-15,Fruits,Pineapple Peeled,Apples,Thailand,1kg,,,,,,,,Market Out
2026-08-15,Fruits,Pineapple Slice,Apples,,1kg,,,,,,,,Market Out
2026-08-15,Fruits,Apricot Syria,Apricots,,450g,,,,,,,,Market Out
2026-08-15,Fruits,Avocado By Air,Avocado,Uganda,1kg,,,,,,,,Market Out
2026-08-15,Fruits,Banana Leaves,Banana,India,1.0pc,,,,,,,,Market Out
2026-08-15,Fruits,Cherry Syria Packet,Berries,,,,,,,,,,Market Out
2026-08-15,Fruits,Gold Berry Colombia Packet,Berries,,,,,,,,,,Market Out
2026-08-15,Fruits,Goosberry Indian,Berries,India,1kg,,,,,,,,Market Out
2026-08-15,Fruits,Physalis,Berries,,125g,,,,,,,,Market Out
2026-08-15,Fruits,Physalis Fruit Colombia-Packet,Berries,,,,,,,,,,Market Out
2026-08-15,Fruits,Raspberry -Packet,Berries,Usa,,,,,,,,,Market Out
2026-08-15,Fruits,Red Currant Netherland Packet,Berries,,,,,,,,,,Market Out
2026-08-15,Fruits,Strawberry Big -Packet,Berries,Usa,,,,,,,,,Market Out
2026-08-15,Fruits,Strawberry Netherland Packet,Berries,,250g,,,,,,,,Market Out
2026-08-15,Fruits,Strawberry Small -Packet,Berries,Usa,,,,,,,,,Market Out
2026-08-15,Fruits,Chillies Jalapeno Orange 1K,Citrus Fruits,Holland,,,,,,,,,Market Out
2026-08-15,Fruits,Mandarin Honey Murcott Africa,Citrus Fruits,,1kg,,,,,,,,Market Out
2026-08-15,Fruits,Mandarin Nadarcot Africa,Citrus Fruits,,1kg,,,,,,,,Market Out
2026-08-15,Fruits,Mandarine (Nadarcott),Citrus Fruits,Australia,1kg,,,,,,,,Market Out
2026-08-15,Fruits,Orange Africa,Citrus Fruits,,1kg,,,,,,,,Market Out
2026-08-15,Fruits,Orangevalencia -Box,Citrus Fruits,Lebanon,,,,,,,,,Market Out
2026-08-15,Fruits,Pomelo Africa,Citrus Fruits,,1kg,,,,,,,,Market Out
2026-08-15,Fruits,Slice Coconut,Coconut,,1kg,,,,,,,,Market Out
2026-08-15,Fruits,Dates Sukkari Round,Fresh Dates,,1kg,,,,,,,,Market Out
2026-08-15,Fruits,Grape Black Packet,Grapes,Egypt,,,,,,,,,Market Out
2026-08-15,Fruits,Grape Fruit Africa Premium,Grapes,,1kg,,,,,,,,Market Out
2026-08-15,Fruits,Grape Red,Grapes,Egypt,1kg,,,,,,,,Market Out
2026-08-15,Fruits,Grape Red Pkt,Grapes,Egypt,,,,,,,,,Market Out
2026-08-15,Fruits,Kiwi,Kiwi,China,1kg,,,,,,,,Market Out
2026-08-15,Fruits,Kiwi Chili,Kiwi,,1kg,,,,,,,,Market Out
2026-08-15,Fruits,Slice Kiwi,Kiwi,,1kg,,,,,,,,Market Out
2026-08-15,Fruits,Mango,Mangoes,Egypt,1kg,,,,,,,,Market Out
2026-08-15,Fruits,Mango Chonsa,Mangoes,Pakistan,1kg,,,,,,,,Market Out
2026-08-15,Fruits,Mango Colombia-Box,Mangoes,,,,,,,,,,Market Out
2026-08-15,Fruits,Mango Green,Mangoes,India,1kg,,,,,,,,Market Out
2026-08-15,Fruits,Mango Jasmine,Mangoes,Egypt,1kg,,,,,,,,Market Out
2026-08-15,Fruits,Mango Kett,Mangoes,Egypt,1kg,,,,,,,,Market Out
2026-08-15,Fruits,Mango Neelam,Mangoes,India,1kg,,,,,,,,Market Out
2026-08-15,Fruits,Rock Melon,Melons,Iran,1kg,,,,,,,,Market Out
2026-08-15,Fruits,Rock Melone,Melons,Jordan,1kg,,,,,,,,Market Out
2026-08-15,Fruits,Nectarine,Nectarine,Jordan,1kg,,,,,,,,Market Out
2026-08-15,Fruits,Nectarine Africa,Nectarine,,1kg,,,,,,,,Market Out
2026-08-15,Fruits,Dragon Fruit Red,Other Fruits,,1kg,,,,,,,,Market Out
2026-08-15,Fruits,Fruit Tray Medium,Other Fruits,,,,,,,,,,Market Out
2026-08-15,Fruits,Passionfruit Pte Packet,Other Fruits,Thailand,,,,,,,,,Market Out
2026-08-15,Fruits,Green Papaya,Papaya,India,1kg,,,,,,,,Market Out
2026-08-15,Fruits,Slice Papaya,Papaya,,1kg,,,,,,,,Market Out
2026-08-15,Fruits,Peach Round Packet,Peaches,Jordan,,,,,,,,,Market Out
2026-08-15,Fruits,Pear Africa,Pears,,1kg,,,,,,,,Market Out
2026-08-15,Fruits,Pear Rose Africa,Pears,,1kg,,,,,,,,Market Out
2026-08-15,Fruits,Plums Red,Plums,Spain,1kg,,,,,,,,Market Out
2026-08-15,Fruits,Plums Red,Plums,China,1kg,,,,,,,,Market Out
2026-08-15,Fruits,Pomegranate Yemen,Pomegranates,,1kg,,,,,,,,Market Out
2026-08-15,Vegetables,Beetroot Cooked -Packet,Beetroot,Holland,,,,,,,,,Market Out
2026-08-15,Vegetables,Cabbage Red,Cabbage & Broccoli,Oman,1kg,,,,,,,,Market Out
2026-08-15,Vegetables,Cauliflower,Cabbage & Broccoli,Oman,1kg,,,,,,,,Market Out
2026-08-15,Vegetables,Cauliflower Violet,Cabbage & Broccoli,Spain,1kg,,,,,,,,Market Out
2026-08-15,Vegetables,Capsicum Orange,Capsicum,Holland,1kg,,,,,,,,Market Out
2026-08-15,Vegetables,Capsicum Orange,Capsicum,Oman,1kg,,,,,,,,Market Out
2026-08-15,Vegetables,Baby Carrot (Packet),Carrots,Usa,,,,,,,,,Market Out
2026-08-15,Vegetables,Carrot White Netherland,Carrots,,1kg,,,,,,,,Market Out
2026-08-15,Vegetables,Chilli Kanthari,Chillies & Spicy,India,1kg,,,,,,,,Market Out
2026-08-15,Vegetables,Chilly Green (Packet),Chillies & Spicy,Thailand,,,,,,,,,Market Out
2026-08-15,Vegetables,Chilly Red (Packet),Chillies & Spicy,Thailand,,,,,,,,,Market Out
2026-08-15,Vegetables,Jalapeno Green,Chillies & Spicy,Holland,1kg,,,,,,,,Market Out
2026-08-15,Vegetables,Jalapeno Hot Red Pepper,Chillies & Spicy,Usa,,,,,,,,,Market Out
2026-08-15,Vegetables,Jalapeno Red,Chillies & Spicy,Holland,1kg,,,,,,,,Market Out
2026-08-15,Vegetables,Long Chilly,Chillies & Spicy,Jordan,1kg,,,,,,,,Market Out
2026-08-15,Vegetables,Long Chilly Green Big,Chillies & Spicy,Jordan,1kg,,,,,,,,Market Out
2026-08-15,Vegetables,Red Long Chilli,Chillies & Spicy,Jordan,1kg,,,,,,,,Market Out
2026-08-15,Vegetables,Fresh Fruit Basket,Combo Pack,,,,,,,,,,Market Out
2026-08-15,Vegetables,Fresh Fruits Basket Small,Combo Pack,,,,,,,,,,Market Out
2026-08-15,Vegetables,Mix Fruit Basket-Medium,Combo Pack,,,,,,,,,,Market Out
2026-08-15,Vegetables,Mix Fruit Basket-Small,Combo Pack,,,,,,,,,,Market Out
2026-08-15,Vegetables,Baby Corn (Packet),Corns & Baby Corn,Thailand,,,,,,,,,Market Out
2026-08-15,Vegetables,Garlic Peeled,Garlic,,1kg,,,,,,,,Market Out
2026-08-15,Vegetables,Peeled Garlic,Garlic,,250g,,,,,,,,Market Out
2026-08-15,Vegetables,Bottlegourd,Gourds,India,1kg,,,,,,,,Market Out
2026-08-15,Vegetables,Bottlegourd,Gourds,Iran,1kg,,,,,,,,Market Out
2026-08-15,Vegetables,Basil Leaves-Pc,Herbs,,,,,,,,,,Market Out
2026-08-15,Vegetables,Coriander Leaves 1 Bunch,Herbs,Saudi,,,,,,,,,Market Out
2026-08-15,Vegetables,Granadilla Fruit Colombia,Herbs,,1kg,,,,,,,,Market Out
2026-08-15,Vegetables,Lemon Grass,Herbs,Thailand,1kg,,,,,,,,Market Out
2026-08-15,Vegetables,Mint Leaves 1 Bunch,Herbs,Saudi,,,,,,,,,Market Out
2026-08-15,Vegetables,Baby Rocket -Packet,Leafy Vegetables,Italy,,,,,,,,,Market Out
2026-08-15,Vegetables,Baby Spinach Leaves -Packet,Leafy Vegetables,Italy,,,,,,,,,Market Out
2026-08-15,Vegetables,Kale Leaves,Leafy Vegetables,Holland,1kg,,,,,,,,Market Out
2026-08-15,Vegetables,Lettuce Gem Tray,Leafy Vegetables,Spain,,,,,,,,,Market Out
2026-08-15,Vegetables,Lettuce Iceberge,Leafy Vegetables,Holland,1kg,,,,,,,,Market Out
2026-08-15,Vegetables,Lettuce Lollo Rossa,Leafy Vegetables,,,,,,,,,,Market Out
2026-08-15,Vegetables,Pechay Leaves Doha,Leafy Vegetables,,1.0pc,,,,,,,,Market Out
2026-08-15,Vegetables,Spinach Doha 1 Bunch,Leafy Vegetables,,,,,,,,,,Market Out
2026-08-15,Vegetables,Spring Onion Arabia,Leeks/Spring Onions,Saudi,1.0pc,,,,,,,,Market Out
2026-08-15,Vegetables,Agrico Mushroom White Doha Packet,Mushrooms,,,,,,,,,,Market Out
2026-08-15,Vegetables,Mushroom Mix Doha Packet,Mushrooms,,,,,,,,,,Market Out
2026-08-15,Vegetables,Mushroom Oyster Netherland Pac,Mushrooms,,150g,,,,,,,,Market Out
2026-08-15,Vegetables,White Onion,Onion,Lebanon,1kg,,,,,,,,Market Out
2026-08-15,Vegetables,Chinese Potato,Other Vegetables,,1kg,,,,,,,,Market Out
2026-08-15,Vegetables,Drumstick Leaves,Other Vegetables,India,1.0pc,,,,,,,,Market Out
2026-08-15,Vegetables,Eggplant Long Arabia,Other Vegetables,Saudi,1kg,,,,,,,,Market Out
2026-08-15,Vegetables,Govar,Other Vegetables,India,1kg,,,,,,,,Market Out
2026-08-15,Vegetables,Guava -Packet,Other Vegetables,Thailand,,,,,,,,,Market Out
2026-08-15,Vegetables,Guava Red,Other Vegetables,Thailand,1kg,,,,,,,,Market Out
2026-08-15,Vegetables,Guava Red -Packet,Other Vegetables,Thailand,,,,,,,,,Market Out
2026-08-15,Vegetables,Palak Leaves Doha,Other Vegetables,,1.0pc,,,,,,,,Market Out
2026-08-15,Vegetables,Redcurrent -Packet,Other Vegetables,Holland,,,,,,,,,Market Out
2026-08-15,Vegetables,Tamarind -Box,Other Vegetables,Thailand,,,,,,,,,Market Out
2026-08-15,Vegetables,Beans Fine Bean & Snow Peas Ke,Peas & Beans,,250g,,,,,,,,Market Out
2026-08-15,Vegetables,Lothi,Potatoes & Starchy Vegetables,,1kg,,,,,,,,Market Out
2026-08-15,Vegetables,Butternut Pumpkin,Pumpkin,Oman,1kg,,,,,,,,Market Out
2026-08-15,Vegetables,Pumpkin Mathan Green,Pumpkin,India,,,,,,,,,Market Out
2026-08-15,Vegetables,Arigni Green Gram Sprouts,Sprouts,,200g,,,,,,,,Market Out
2026-08-15,Vegetables,Bunch Tomato,Tomato,Turkey,1kg,,,,,,,,Market Out
2026-08-15,Vegetables,Cherry Tomato Yellow Packet,Tomato,Holland,,,,,,,,,Market Out
2026-08-15,Vegetables,Tomato Cherry Orange Netherland 250,Tomato,,,,,,,,,,Market Out
2026-08-15,Vegetables,Tomato Cherry Plum Red,Tomato,Spain,500g,,,,,,,,Market Out
2026-08-15,Vegetables,Tomato Kumato,Tomato,Spain,1kg,,,,,,,,Market Out
2026-08-15,Vegetables,Tomato Sweet Cherry Vine Netherland,Tomato,,,,,,,,,,Market Out
2026-08-15,Vegetables,Turmeric -Packet,Turmeric,Thailand,,,,,,,,,Market Out
2026-08-14,Fruits,Apple,Apples,China,1kg,,8.5,,,8.5,,Rawabi,Active
2026-08-14,Fruits,Apple,Apples,Pakistan,1kg,,9.75,,,9.75,,Rawabi,Active
2026-08-14,Fruits,Apple Africa,Apples,,1kg,,10.5,,,10.5,,Rawabi,Active
2026-08-14,Fruits,Apple Gala Chili,Apples,,1kg,,10.5,,,10.5,,Rawabi,Active
2026-08-14,Fruits,Apple Red,Apples,Usa,1kg,,14.5,,,14.5,,Rawabi,Active
2026-08-14,Fruits,Apple Rocket New Zealand,Apples,,1kg,,42.0,,,42.0,,Rawabi,Active
2026-08-14,Fruits,Apple Royal Gala Africa Premium,Apples,,1kg,,11.5,,,11.5,,Rawabi,Active
2026-08-14,Fruits,Baby Apple Africa,Apples,,1kg,,10.5,,,10.5,,Rawabi,Active
2026-08-14,Fruits,Colacasia Bangaladesh,Apples,,1kg,,16.0,,,16.0,,Rawabi,Active
2026-08-14,Fruits,Galanga,Apples,Thailand,1kg,,48.0,,,48.0,,Rawabi,Active
2026-08-14,Fruits,Pineapple,Apples,India,1kg,,16.75,,,16.75,,Rawabi,Active
2026-08-14,Fruits,Pineapple Golden,Apples,Kenya,1kg,,11.75,,,11.75,,Rawabi,Active
2026-08-14,Fruits,Pineapple Peeled,Apples,Thailand,1kg,,44.0,,,44.0,,Rawabi,Active
2026-08-14,Fruits,Pineapple Slice,Apples,,1kg,,34.0,,,34.0,,Rawabi,Active
2026-08-14,Fruits,Apricot Syria,Apricots,,450g,,7.75,,,17.22,,Rawabi,Active
2026-08-14,Fruits,Avocado,Avocado,Uganda,1kg,,18.5,,,18.5,,Rawabi,Active
2026-08-14,Fruits,Avocado By Air,Avocado,Uganda,1kg,,18.0,,,18.0,,Rawabi,Active
2026-08-14,Fruits,Avocado Hass,Avocado,Uganda,1kg,,26.0,,,26.0,,Rawabi,Active
2026-08-14,Fruits,Banana Leaves,Banana,India,1.0pc,,1.5,,,1500.0,,Rawabi,Active
2026-08-14,Fruits,Kadhali Banana,Banana,India,1kg,,14.75,,,14.75,,Rawabi,Active
2026-08-14,Fruits,Blackberry -Packet,Berries,Usa,,,25.5,,,,,,Active
2026-08-14,Fruits,Cherry Syria Packet,Berries,,,,14.0,,,,,,Active
2026-08-14,Fruits,Gold Berry Colombia Packet,Berries,,,,14.0,,,,,,Active
2026-08-14,Fruits,Goosberry Indian,Berries,India,1kg,,21.0,,,21.0,,Rawabi,Active
2026-08-14,Fruits,Physalis,Berries,,125g,,,13.0,,,104.0,Family,Active
2026-08-14,Fruits,Physalis Fruit Colombia-Packet,Berries,,,,10.0,,,,,,Active
2026-08-14,Fruits,Raspberry -Packet,Berries,Usa,,,27.0,,,,,,Active
2026-08-14,Fruits,Red Currant Netherland Packet,Berries,,,,24.0,,,,,,Active
2026-08-14,Fruits,Strawberry Big -Packet,Berries,Usa,,,38.0,,,,,,Active
2026-08-14,Fruits,Strawberry Netherland Packet,Berries,,250g,,23.0,,,92.0,,Rawabi,Active
2026-08-14,Fruits,Strawberry Small -Packet,Berries,Usa,,,24.0,,,,,,Active
2026-08-14,Fruits,Chillies Jalapeno Orange 1K,Citrus Fruits,Holland,,,52.0,,,,,,Active
2026-08-14,Fruits,Lemon Africa,Citrus Fruits,,1kg,,6.75,,,6.75,,Rawabi,Active
2026-08-14,Fruits,Lime,Citrus Fruits,Vietnam,1kg,,7.25,,,7.25,,Rawabi,Active
2026-08-14,Fruits,Mandarin,Citrus Fruits,China,1kg,,15.5,,,15.5,,Rawabi,Active
2026-08-14,Fruits,Mandarin Honey Murcott Africa,Citrus Fruits,,1kg,,8.75,,,8.75,,Rawabi,Active
2026-08-14,Fruits,Mandarin Nadarcot Africa,Citrus Fruits,,1kg,,12.0,,,12.0,,Rawabi,Active
2026-08-14,Fruits,Mandarine (Nadarcott),Citrus Fruits,Australia,1kg,,24.0,,,24.0,,Rawabi,Active
2026-08-14,Fruits,Orange Africa,Citrus Fruits,,1kg,,7.0,,,7.0,,Rawabi,Active
2026-08-14,Fruits,Orange Navel Africa,Citrus Fruits,,1kg,,7.5,,,7.5,,Rawabi,Active
2026-08-14,Fruits,Orangevalencia -Box,Citrus Fruits,Lebanon,,,30.0,,,,,,Active
2026-08-14,Fruits,Pomelo Africa,Citrus Fruits,,1kg,,14.5,,,14.5,,Rawabi,Active
2026-08-14,Fruits,Coconut,Coconut,India,1.0pc,,3.0,,,3000.0,,Rawabi,Active
2026-08-14,Fruits,Coconut Grated,Coconut,India,1.0pc,,3.25,,,3250.0,,Rawabi,Active
2026-08-14,Fruits,Coconut Young,Coconut,Thailand,1.0pc,,13.5,,,13500.0,,Rawabi,Active
2026-08-14,Fruits,Coconut Young,Coconut,Sri Lanka,1.0pc,,10.5,,,10500.0,,Rawabi,Active
2026-08-14,Fruits,Slice Coconut,Coconut,,1kg,,20.0,,,20.0,,Rawabi,Active
2026-08-14,Fruits,Dates Sukkari Round,Fresh Dates,,1kg,,24.0,,,24.0,,Rawabi,Active
2026-08-14,Fruits,Grape Black Packet,Grapes,Egypt,,,6.5,,,,,,Active
2026-08-14,Fruits,Grape Fruit Africa Premium,Grapes,,1kg,,10.5,,,10.5,,Rawabi,Active
2026-08-14,Fruits,Grape Red,Grapes,Egypt,1kg,,13.5,,,13.5,,Rawabi,Active
2026-08-14,Fruits,Grape Red Pkt,Grapes,Egypt,,,5.5,,,,,,Active
2026-08-14,Fruits,Grape White Packet,Grapes,Egypt,,,7.0,,,,,,Active
2026-08-14,Fruits,Grapefruit Africa,Grapes,,1kg,,8.5,,,8.5,,Rawabi,Active
2026-08-14,Fruits,Grapes White,Grapes,Italy,1kg,,56.0,,,56.0,,Rawabi,Active
2026-08-14,Fruits,Grapes White,Grapes,Spain,1kg,,17.75,,,17.75,,Rawabi,Active
2026-08-14,Fruits,Grapes White,Grapes,Usa,1kg,,48.0,,,48.0,,Rawabi,Active
2026-08-14,Fruits,Ash Banana,Green Banana,Sri Lanka,,,,9.5,,,,,Active
2026-08-14,Fruits,Green Banana,Green Banana,India,1kg,,10.5,,,10.5,,Rawabi,Active
2026-08-14,Fruits,Kiwi,Kiwi,China,1kg,,14.75,,,14.75,,Rawabi,Active
2026-08-14,Fruits,Kiwi Chili,Kiwi,,1kg,,15.5,,,15.5,,Rawabi,Active
2026-08-14,Fruits,Kiwi Gold New Zealand,Kiwi,,1kg,,62.0,,,62.0,,Rawabi,Active
2026-08-14,Fruits,Slice Kiwi,Kiwi,,1kg,,20.0,,,20.0,,Rawabi,Active
2026-08-14,Fruits,Mango,Mangoes,Egypt,1kg,,16.0,,,16.0,,Rawabi,Active
2026-08-14,Fruits,Mango Chonsa,Mangoes,Pakistan,1kg,,12.0,,,12.0,,Rawabi,Active
2026-08-14,Fruits,Mango Colombia-Box,Mangoes,,,,128.0,,,,,,Active
2026-08-14,Fruits,Mango Green,Mangoes,India,1kg,,18.5,,,18.5,,Rawabi,Active
2026-08-14,Fruits,Mango Jasmine,Mangoes,Egypt,1kg,,13.75,,,13.75,,Rawabi,Active
2026-08-14,Fruits,Mango Kett,Mangoes,Egypt,1kg,,9.75,,,9.75,,Rawabi,Active
2026-08-14,Fruits,Mango Neelam,Mangoes,India,1kg,,22.0,,,22.0,,Rawabi,Active
2026-08-14,Fruits,Mangosteen Packet,Mangoes,Thailand,,,22.0,,,,,,Active
2026-08-14,Fruits,Rock Melon,Melons,Iran,1kg,,5.5,,,5.5,,Rawabi,Active
2026-08-14,Fruits,Rock Melone,Melons,Jordan,1kg,,4.75,,,4.75,,Rawabi,Active
2026-08-14,Fruits,Water Melon,Melons,Turkey,1kg,,6.5,,,6.5,,Rawabi,Active
2026-08-14,Fruits,Water Melon,Melons,Jordan,1kg,,3.5,,,3.5,,Rawabi,Active
2026-08-14,Fruits,Nectarine,Nectarine,Jordan,1kg,,18.0,,,18.0,,Rawabi,Active
2026-08-14,Fruits,Nectarine Africa,Nectarine,,1kg,,18.0,,,18.0,,Rawabi,Active
2026-08-14,Fruits,Dragon Fruit Red,Other Fruits,,1kg,,57.0,,,57.0,,Rawabi,Active
2026-08-14,Fruits,Fruit Tray Medium,Other Fruits,,,,150.0,,,,,,Active
2026-08-14,Fruits,Passionfruit Pte Packet,Other Fruits,Thailand,,,24.0,,,,,,Active
2026-08-14,Fruits,Green Papaya,Papaya,India,1kg,,15.5,,,15.5,,Rawabi,Active
2026-08-14,Fruits,Papaya,Papaya,Thailand,1kg,,49.0,,,49.0,,Rawabi,Active
2026-08-14,Fruits,Papaya,Papaya,India,1kg,,16.75,,,16.75,,Rawabi,Active
2026-08-14,Fruits,Slice Papaya,Papaya,,1kg,,20.0,,,20.0,,Rawabi,Active
2026-08-14,Fruits,Peach Round Packet,Peaches,Jordan,,,14.0,,,,,,Active
2026-08-14,Fruits,Pear Africa,Pears,,1kg,,10.5,,,10.5,,Rawabi,Active
2026-08-14,Fruits,Pear Rose Africa,Pears,,1kg,,10.5,,,10.5,,Rawabi,Active
2026-08-14,Fruits,Plums Red,Plums,Spain,1kg,,17.5,,,17.5,,Rawabi,Active
2026-08-14,Fruits,Plums Red,Plums,China,1kg,,17.5,,,17.5,,Rawabi,Active
2026-08-14,Fruits,Plums Red Africa,Plums,,1kg,,16.5,,,16.5,,Rawabi,Active
2026-08-14,Fruits,Pomegranate,Pomegranates,Egypt,1kg,,9.5,,,9.5,,Rawabi,Active
2026-08-14,Fruits,Pomegranate,Pomegranates,India,1kg,,14.0,,,14.0,,Rawabi,Active
2026-08-14,Fruits,Pomegranate,Pomegranates,Peru,1kg,,23.0,,,23.0,,Rawabi,Active
2026-08-14,Fruits,Pomegranate -Carton,Pomegranates,India,,,19.75,,,,,,Active
2026-08-14,Fruits,Pomegranate Yemen,Pomegranates,,1kg,,17.5,,,17.5,,Rawabi,Active
2026-08-14,Vegetables,Beetroot,Beetroot,India,1kg,,16.5,,,16.5,,Rawabi,Active
2026-08-14,Vegetables,Beetroot Cooked -Packet,Beetroot,Holland,,,15.75,,,,,,Active
2026-08-14,Vegetables,Broccoli,Cabbage & Broccoli,Holland,1kg,,55.0,,,55.0,,Rawabi,Active
2026-08-14,Vegetables,Cabbage,Cabbage & Broccoli,Jordan,1kg,,6.5,,,6.5,,Rawabi,Active
2026-08-14,Vegetables,Cabbage,Cabbage & Broccoli,Oman,1kg,,3.0,,,3.0,,Rawabi,Active
2026-08-14,Vegetables,Cabbage Red,Cabbage & Broccoli,Oman,1kg,,6.5,,,6.5,,Rawabi,Active
2026-08-14,Vegetables,Cauliflower,Cabbage & Broccoli,Oman,1kg,,8.75,,,8.75,,Rawabi,Active
2026-08-14,Vegetables,Cauliflower Violet,Cabbage & Broccoli,Spain,1kg,,44.0,,,44.0,,Rawabi,Active
2026-08-14,Vegetables,Capsicum,Capsicum,Holland,1kg,,41.0,,,41.0,,Rawabi,Active
2026-08-14,Vegetables,Capsicum 4Color (Packet),Capsicum,Holland,,,19.0,,,,,,Active
2026-08-14,Vegetables,Capsicum Green,Capsicum,Oman,1kg,,8.25,,,8.25,,Rawabi,Active
2026-08-14,Vegetables,Capsicum Mix Pkt,Capsicum,Holland,4.0pcs,,,20.0,,,5000.0,Family,Active
2026-08-14,Vegetables,Capsicum Orange,Capsicum,Holland,1kg,,44.0,,,44.0,,Rawabi,Active
2026-08-14,Vegetables,Capsicum Orange,Capsicum,Oman,1kg,,14.75,,,14.75,,Rawabi,Active
2026-08-14,Vegetables,Capsicum Red,Capsicum,Holland,1kg,,42.0,,,42.0,,Rawabi,Active
2026-08-14,Vegetables,Capsicum Red,Capsicum,Oman,1kg,,9.75,,,9.75,,Rawabi,Active
2026-08-14,Vegetables,Capsicum Yellow,Capsicum,Holland,1kg,,48.0,,,48.0,,Rawabi,Active
2026-08-14,Vegetables,Capsicum Yellow,Capsicum,Oman,1kg,,9.75,,,9.75,,Rawabi,Active
2026-08-14,Vegetables,Baby Carrot (Packet),Carrots,Usa,,,10.0,,,,,,Active
2026-08-14,Vegetables,Carrot,Carrots,Australia,1kg,,7.0,,,7.0,,Rawabi,Active
2026-08-14,Vegetables,Carrot,Carrots,China,1kg,,4.5,,,4.5,,Rawabi,Active
2026-08-14,Vegetables,Carrot White Netherland,Carrots,,1kg,,32.0,,,32.0,,Rawabi,Active
2026-08-14,Vegetables,Chayote,Chayote,India,1kg,,16.5,,,16.5,,Rawabi,Active
2026-08-14,Vegetables,Chilli Kanthari,Chillies & Spicy,India,1kg,,48.0,,,48.0,,Rawabi,Active
2026-08-14,Vegetables,Chilly Green (Packet),Chillies & Spicy,Thailand,,,6.5,,,,,,Active
2026-08-14,Vegetables,Chilly Red,Chillies & Spicy,Holland,,,,23.75,,,,,Active
2026-08-14,Vegetables,Chilly Red (Packet),Chillies & Spicy,Thailand,,,7.0,,,,,,Active
2026-08-14,Vegetables,Ginger,Chillies & Spicy,China,1kg,,8.0,,,8.0,,Rawabi,Active
2026-08-14,Vegetables,Ginger,Chillies & Spicy,India,1kg,,21.0,,,21.0,,Rawabi,Active
2026-08-14,Vegetables,Ginger,Chillies & Spicy,Uganda,1kg,,24.5,,,24.5,,Rawabi,Active
2026-08-14,Vegetables,Hot Pepper Mix,Chillies & Spicy,Uganda,1kg,,38.0,,,38.0,,Rawabi,Active
2026-08-14,Vegetables,Jalapeno Green,Chillies & Spicy,Holland,1kg,,70.0,,,70.0,,Rawabi,Active
2026-08-14,Vegetables,Jalapeno Hot Red Pepper,Chillies & Spicy,Usa,,,,88.0,,,,,Active
2026-08-14,Vegetables,Jalapeno Peppers,Chillies & Spicy,,,,,23.5,,,,,Active
2026-08-14,Vegetables,Jalapeno Red,Chillies & Spicy,Holland,1kg,,65.0,,,65.0,,Rawabi,Active
2026-08-14,Vegetables,Long Chilly,Chillies & Spicy,Jordan,1kg,,11.0,,,11.0,,Rawabi,Active
2026-08-14,Vegetables,Long Chilly Green Big,Chillies & Spicy,Jordan,1kg,,12.0,,,12.0,,Rawabi,Active
2026-08-14,Vegetables,Red Long Chilli,Chillies & Spicy,Jordan,1kg,,22.0,,,22.0,,Rawabi,Active
2026-08-14,Vegetables,Fresh Fruit Basket,Combo Pack,,,,165.0,,,,,,Active
2026-08-14,Vegetables,Fresh Fruits Basket Small,Combo Pack,,,,130.0,,,,,,Active
2026-08-14,Vegetables,Mix Fruit Basket-Medium,Combo Pack,,,,250.0,,,,,,Active
2026-08-14,Vegetables,Mix Fruit Basket-Small,Combo Pack,,,,180.0,,,,,,Active
2026-08-14,Vegetables,Baby Corn (Packet),Corns & Baby Corn,Thailand,,,7.0,,,,,,Active
2026-08-14,Vegetables,Zucchini,Courgettes & Artichoke,Jordan,1kg,,5.0,,,5.0,,Rawabi,Active
2026-08-14,Vegetables,Cucumber Mazra Doha,Cucumber,,1kg,,7.5,,,7.5,,Rawabi,Active
2026-08-14,Vegetables,Yellow Cucumber,Cucumber,India,1kg,,14.5,,,14.5,,Rawabi,Active
2026-08-14,Vegetables,Garlic,Garlic,China,1kg,,8.0,,,8.0,,Rawabi,Active
2026-08-14,Vegetables,Garlic,Garlic,India,1kg,,22.0,,,22.0,,Rawabi,Active
2026-08-14,Vegetables,Garlic Packet Big,Garlic,China,,,9.0,,,,,,Active
2026-08-14,Vegetables,Garlic Peeled,Garlic,,1kg,,24.0,,,24.0,,Rawabi,Active
2026-08-14,Vegetables,Garlic Small Pkt ( ),Garlic,China,,,4.5,,,,,,Active
2026-08-14,Vegetables,Peeled Garlic,Garlic,,250g,,,8.5,,,34.0,Family,Active
2026-08-14,Vegetables,Ashgourd,Gourds,Oman,1kg,,2.75,,,2.75,,Rawabi,Active
2026-08-14,Vegetables,Bitter Gourd,Gourds,India,1kg,,17.5,,,17.5,,Rawabi,Active
2026-08-14,Vegetables,Bottlegourd,Gourds,India,1kg,,16.5,,,16.5,,Rawabi,Active
2026-08-14,Vegetables,Bottlegourd,Gourds,Iran,1kg,,5.5,,,5.5,,Rawabi,Active
2026-08-14,Vegetables,Ridge Gourd,Gourds,India,1kg,,20.0,,,20.0,,Rawabi,Active
2026-08-14,Vegetables,Snake Gourd,Gourds,India,,,,7.38,,,,,Active
2026-08-14,Vegetables,Snake Gourd,Gourds,India,1kg,,16.75,,,16.75,,Rawabi,Active
2026-08-14,Vegetables,Basil Leaves-Pc,Herbs,,,,12.0,,,,,,Active
2026-08-14,Vegetables,Celery Stick,Herbs,Spain,1kg,,38.0,,,38.0,,Rawabi,Active
2026-08-14,Vegetables,Coriander Leaves 1 Bunch,Herbs,Saudi,,,14.0,,,,,,Active
2026-08-14,Vegetables,Curry Leaves,Herbs,,,,3.0,,,,,,Active
2026-08-14,Vegetables,Curry Leaves,Herbs,Uganda,,,38.0,,,,,,Active
2026-08-14,Vegetables,Fennel,Herbs,,,,,20.0,,,,,Active
2026-08-14,Vegetables,Granadilla Fruit Colombia,Herbs,,1kg,,88.0,,,88.0,,Rawabi,Active
2026-08-14,Vegetables,Lemon Grass,Herbs,Thailand,1kg,,52.0,,,52.0,,Rawabi,Active
2026-08-14,Vegetables,Mint Leaves 1 Bunch,Herbs,Saudi,,,13.0,,,,,,Active
2026-08-14,Vegetables,Parsley Leaves 1 Bunch,Herbs,Saudi,,,10.0,,,,,,Active
2026-08-14,Vegetables,Rosemary,Herbs,Kenya,1.0pc,,10.0,,,10000.0,,Rawabi,Active
2026-08-14,Vegetables,Lady Finger,Lady Finger,India,1kg,,17.25,,,17.25,,Rawabi,Active
2026-08-14,Vegetables,Arugula (Jerjir)Leaves Doha 1 Bunch,Leafy Vegetables,,,,7.0,,,,,,Active
2026-08-14,Vegetables,Baby Rocket -Packet,Leafy Vegetables,Italy,,,11.5,,,,,,Active
2026-08-14,Vegetables,Baby Spinach Leaves -Packet,Leafy Vegetables,Italy,,,11.5,,,,,,Active
2026-08-14,Vegetables,Kale Leaves,Leafy Vegetables,Holland,1kg,,65.0,,,65.0,,Rawabi,Active
2026-08-14,Vegetables,Kangkong Doha,Leafy Vegetables,,1.0pc,,7.0,,,7000.0,,Rawabi,Active
2026-08-14,Vegetables,Lettuce,Leafy Vegetables,Jordan,1kg,,4.0,,,4.0,,Rawabi,Active
2026-08-14,Vegetables,Lettuce Gem Tray,Leafy Vegetables,Spain,,,,15.0,,,,,Active
2026-08-14,Vegetables,Lettuce Ice Berge,Leafy Vegetables,Spain,1kg,,38.0,,,38.0,,Rawabi,Active
2026-08-14,Vegetables,Lettuce Iceberge,Leafy Vegetables,Holland,1kg,,11.0,,,11.0,,Rawabi,Active
2026-08-14,Vegetables,Lettuce Lollo Rossa,Leafy Vegetables,,,,,20.0,,,,,Active
2026-08-14,Vegetables,Molokhia Doha,Leafy Vegetables,,,,5.5,,,,,,Active
2026-08-14,Vegetables,Pechay Leaves Doha,Leafy Vegetables,,1.0pc,,8.5,,,8500.0,,Rawabi,Active
2026-08-14,Vegetables,Red Spinach Doha 1 Bunch,Leafy Vegetables,,,,5.75,,,,,,Active
2026-08-14,Vegetables,Spinach Doha 1 Bunch,Leafy Vegetables,,,,5.5,,,,,,Active
2026-08-14,Vegetables,Leeks,Leeks/Spring Onions,Holland,,,,9.0,,,,,Active
2026-08-14,Vegetables,Leeks,Leeks/Spring Onions,Holland,1kg,,35.0,,,35.0,,Rawabi,Active
2026-08-14,Vegetables,Spring Onion Arabia,Leeks/Spring Onions,Saudi,1.0pc,,11.0,,,11000.0,,Rawabi,Active
2026-08-14,Vegetables,Agrico Mushroom White Doha Packet,Mushrooms,,,,7.0,,,,,,Active
2026-08-14,Vegetables,Mushroom Brown Doha-Packet,Mushrooms,,,,8.5,,,,,,Active
2026-08-14,Vegetables,Mushroom Mix Doha Packet,Mushrooms,,,,13.0,,,,,,Active
2026-08-14,Vegetables,Mushroom Oyster Netherland Pac,Mushrooms,,150g,,13.5,,,90.0,,Rawabi,Active
2026-08-14,Vegetables,Mushroom Slice Doha-Packet,Mushrooms,,,,8.5,,,,,,Active
2026-08-14,Vegetables,Mushroom White Doha-Packet,Mushrooms,,,,7.0,,,,,,Active
2026-08-14,Vegetables,Onion Medium Bag,Onion,India,,,18.0,,,,,,Active
2026-08-14,Vegetables,Onion Small,Onion,India,1kg,,17.25,,,17.25,,Rawabi,Active
2026-08-14,Vegetables,Onion Small Bag,Onion,,,,,8.75,,,,,Active
2026-08-14,Vegetables,Onion Small Bag,Onion,India,,,10.5,,,,,,Active
2026-08-14,Vegetables,White Onion,Onion,Lebanon,1kg,,9.75,,,9.75,,Rawabi,Active
2026-08-14,Vegetables,Aloe Vera,Other Vegetables,,,,,30.0,,,,,Active
2026-08-14,Vegetables,Chinese Potato,Other Vegetables,,1kg,,13.5,,,13.5,,Rawabi,Active
2026-08-14,Vegetables,Drumstick,Other Vegetables,India,1kg,,18.5,,,18.5,,Rawabi,Active
2026-08-14,Vegetables,Drumstick Leaves,Other Vegetables,India,1.0pc,,6.0,,,6000.0,,Rawabi,Active
2026-08-14,Vegetables,Eggplant,Other Vegetables,Holland,,,,28.0,,,,,Active
2026-08-14,Vegetables,Eggplant Long Arabia,Other Vegetables,Saudi,1kg,,11.0,,,11.0,,Rawabi,Active
2026-08-14,Vegetables,Eggplant Premium,Other Vegetables,Oman,1kg,,6.75,,,6.75,,Rawabi,Active
2026-08-14,Vegetables,Govar,Other Vegetables,India,1kg,,16.75,,,16.75,,Rawabi,Active
2026-08-14,Vegetables,Guava,Other Vegetables,India,1kg,,20.5,,,20.5,,Rawabi,Active
2026-08-14,Vegetables,Guava -Packet,Other Vegetables,Thailand,,,32.0,,,,,,Active
2026-08-14,Vegetables,Guava Red,Other Vegetables,Thailand,1kg,,42.0,,,42.0,,Rawabi,Active
2026-08-14,Vegetables,Guava Red -Packet,Other Vegetables,Thailand,,,34.0,,,,,,Active
2026-08-14,Vegetables,Lollo Bioanda,Other Vegetables,Holland,1kg,,68.0,,,68.0,,Rawabi,Active
2026-08-14,Vegetables,Longan -Packet,Other Vegetables,Thailand,,,24.0,,,,,,Active
2026-08-14,Vegetables,Palak Leaves Doha,Other Vegetables,,1.0pc,,5.0,,,5000.0,,Rawabi,Active
2026-08-14,Vegetables,Rambutan -Packet,Other Vegetables,Thailand,,,22.0,,,,,,Active
2026-08-14,Vegetables,Redcurrent -Packet,Other Vegetables,Holland,,,22.0,,,,,,Active
2026-08-14,Vegetables,Squash ( )-,Other Vegetables,Lebanon,,,,32.0,,,,,Active
2026-08-14,Vegetables,Tamarind -Box,Other Vegetables,Thailand,,,23.0,,,,,,Active
2026-08-14,Vegetables,Beans,Peas & Beans,India,1kg,,19.75,,,19.75,,Rawabi,Active
2026-08-14,Vegetables,Beans Fine Bean & Snow Peas Ke,Peas & Beans,,250g,,14.0,,,56.0,,Rawabi,Active
2026-08-14,Vegetables,Lothi,Potatoes & Starchy Vegetables,,1kg,,16.0,,,16.0,,Rawabi,Active
2026-08-14,Vegetables,Potato,Potatoes & Starchy Vegetables,Bangladesh,1kg,,16.0,,,16.0,,Rawabi,Active
2026-08-14,Vegetables,Potato,Potatoes & Starchy Vegetables,Jordan,1kg,,3.5,,,3.5,,Rawabi,Active
2026-08-14,Vegetables,Potato Bag,Potatoes & Starchy Vegetables,Saudi,1kg,,13.0,,,13.0,,Rawabi,Active
2026-08-14,Vegetables,Sweet Potato,Potatoes & Starchy Vegetables,India,,,,10.0,,,,,Active
2026-08-14,Vegetables,Sweet Potato,Potatoes & Starchy Vegetables,Australia,1kg,,38.0,,,38.0,,Rawabi,Active
2026-08-14,Vegetables,Sweet Potato,Potatoes & Starchy Vegetables,Egypt,1kg,,3.5,,,3.5,,Rawabi,Active
2026-08-14,Vegetables,Sweet Potato By Air,Potatoes & Starchy Vegetables,Uganda,1kg,,18.0,,,18.0,,Rawabi,Active
2026-08-14,Vegetables,Tapioca,Potatoes & Starchy Vegetables,Sri Lanka,1kg,,11.5,,,11.5,,Rawabi,Active
2026-08-14,Vegetables,Yam,Potatoes & Starchy Vegetables,India,1kg,,9.75,,,9.75,,Rawabi,Active
2026-08-14,Vegetables,Butternut Pumpkin,Pumpkin,Oman,1kg,,7.75,,,7.75,,Rawabi,Active
2026-08-14,Vegetables,Disco Pumpkin,Pumpkin,India,1kg,,15.75,,,15.75,,Rawabi,Active
2026-08-14,Vegetables,Pumpkin,Pumpkin,Oman,1kg,,3.5,,,3.5,,Rawabi,Active
2026-08-14,Vegetables,Pumpkin Mathan Green,Pumpkin,India,,,,14.75,,,,,Active
2026-08-14,Vegetables,Radish Red -Packet,Raddish,Holland,,,5.5,,,,,,Active
2026-08-14,Vegetables,Radish White,Raddish,China,1kg,,11.0,,,11.0,,Rawabi,Active
2026-08-14,Vegetables,Red Radish,Raddish,Holland,1kg,,33.5,45.0,,33.5,45.0,Rawabi,Active
2026-08-14,Vegetables,Arigni Green Gram Sprouts,Sprouts,,200g,,,5.75,,,28.75,Family,Active
2026-08-14,Vegetables,Bunch Tomato,Tomato,Turkey,1kg,,9.75,,,9.75,,Rawabi,Active
2026-08-14,Vegetables,Cherry Tomato Yellow Packet,Tomato,Holland,,,14.0,,,,,,Active
2026-08-14,Vegetables,Tomato Cherry Orange Netherland 250,Tomato,,,,14.75,,,,,,Active
2026-08-14,Vegetables,Tomato Cherry Plum Red,Tomato,Spain,500g,,26.0,,,52.0,,Rawabi,Active
2026-08-14,Vegetables,Tomato Green House Syria,Tomato,,1kg,,4.0,,,4.0,,Rawabi,Active
2026-08-14,Vegetables,Tomato Kumato,Tomato,Spain,1kg,,42.0,,,42.0,,Rawabi,Active
2026-08-14,Vegetables,Tomato Sweet Cherry Vine Netherland,Tomato,,,,48.0,,,,,,Active
2026-08-14,Vegetables,Turmeric,Turmeric,India,1kg,,16.5,,,16.5,,Rawabi,Active
2026-08-14,Vegetables,Turmeric -Packet,Turmeric,Thailand,,,6.5,,,,,,Active
2026-08-14,Fruits,Apple Gala,Apples,France,1kg,,,,,,,,Market Out
2026-08-14,Fruits,Apple Golden,Apples,Italy,1kg,,,,,,,,Market Out
2026-08-14,Fruits,Apple Green,Apples,Spain,1kg,,,,,,,,Market Out
2026-08-14,Fruits,Apple Ukraine,Apples,,1kg,,,,,,,,Market Out
2026-08-14,Fruits,Banana,Banana,Philippines,1kg,,,,,,,,Market Out
2026-08-14,Fruits,Banana Flower,Banana,,1kg,,,,,,,,Market Out
2026-08-14,Fruits,Banana Yellow,Banana,India,1kg,,,,,,,,Market Out
2026-08-14,Fruits,Kadali Banana By Air,Banana,India,1kg,,,,,,,,Market Out
2026-08-14,Fruits,Black Berry -Packet,Berries,Morocco,,,,,,,,,Market Out
2026-08-14,Fruits,Blueberry -Packet,Berries,Morocco,,,,,,,,,Market Out
2026-08-14,Fruits,Raspberry Africa Packet,Berries,,,,,,,,,,Market Out
2026-08-14,Fruits,Mandarine Nadarcott,Citrus Fruits,Egypt,1kg,,,,,,,,Market Out
2026-08-14,Fruits,Orange Valencia,Citrus Fruits,Egypt,1kg,,,,,,,,Market Out
2026-08-14,Fruits,Grape Black,Grapes,Egypt,1kg,,,,,,,,Market Out
2026-08-14,Fruits,Grapes Red -Packet,Grapes,India,,,,,,,,,Market Out
2026-08-14,Fruits,Kiwi Greece,Kiwi,,1kg,,,,,,,,Market Out
2026-08-14,Fruits,Mango Badami Air,Mangoes,India,1kg,,,,,,,,Market Out
2026-08-14,Fruits,Mango Galbetor Yeman,Mangoes,,1kg,,,,,,,,Market Out
2026-08-14,Fruits,Mango Yemen Cartoon,Mangoes,,,,,,,,,,Market Out
2026-08-14,Vegetables,Asparagus Jumbo,Asparagus,,,,,,,,,,Market Out
2026-08-14,Vegetables,Beetroot Cooked,Beetroot,,500g,,,,,,,,Market Out
2026-08-14,Vegetables,Cauliflower Mazra Doha,Cabbage & Broccoli,,1kg,,,,,,,,Market Out
2026-08-14,Vegetables,Chilli,Chillies & Spicy,Uganda,1kg,,,,,,,,Market Out
2026-08-14,Vegetables,Chilli,Chillies & Spicy,Uganda,250g,,,,,,,,Market Out
2026-08-14,Vegetables,Green Chilly By Air,Chillies & Spicy,India,1kg,,,,,,,,Market Out
2026-08-14,Vegetables,Green Chilly By Air,Chillies & Spicy,India,250g,,,,,,,,Market Out
2026-08-14,Vegetables,Cucumber Premium Doha,Cucumber,,1kg,,,,,,,,Market Out
2026-08-14,Vegetables,Bottle Gourd Doha,Gourds,,1kg,,,,,,,,Market Out
2026-08-14,Vegetables,Ivy Gourd (Kovakka) Indian,Gourds,India,1kg,,,,,,,,Market Out
2026-08-14,Vegetables,Baby Fennel Africa-Packet,Herbs,,,,,,,,,,Market Out
2026-08-14,Vegetables,Mint Leaves -Packet,Herbs,Jordan,,,,,,,,,Market Out
2026-08-14,Vegetables,Arugula (Jerjir)Leaves Doha,Leafy Vegetables,,500g,,,,,,,,Market Out
2026-08-14,Vegetables,Mushroom Slice,Mushrooms,Qatar,,,,,,,,,Market Out
2026-08-14,Vegetables,Mushrooms Portobello,Mushrooms,,,,,,,,,,Market Out
2026-08-14,Vegetables,Onion White,Onion,Spain,1kg,,,,,,,,Market Out
2026-08-14,Vegetables,Bagal Leaves,Other Vegetables,,1.0pc,,,,,,,,Market Out
2026-08-14,Vegetables,Colacasia,Other Vegetables,India,1kg,,,,,,,,Market Out
2026-08-14,Vegetables,Green Spianch Doha 1 Bunch,Other Vegetables,,,,,,,,,,Market Out
2026-08-14,Vegetables,Palak Doha Pc,Other Vegetables,,,,,,,,,,Market Out
2026-08-14,Vegetables,Potato Syria,Potatoes & Starchy Vegetables,,1kg,,,,,,,,Market Out
2026-08-14,Vegetables,Butter Nut Pumpkin Africa,Pumpkin,,1kg,,,,,,,,Market Out
2026-08-14,Vegetables,Pumpkin Medium,Pumpkin,India,,,,,,,,,Market Out
2026-08-14,Vegetables,Cherry Tomato -Packet,Tomato,Morocco,,,,,,,,,Market Out
2026-08-14,Vegetables,Tomato Green House,Tomato,Jordan,1kg,,,,,,,,Market Out
2026-08-14,Vegetables,Tomato Tommys Pkt ( ),Tomato,Spain,500g,,,,,,,,Market Out
2026-08-13,Fruits,Apple Africa,Apples,,1kg,,11.0,,,11.0,,Rawabi,Active
2026-08-13,Fruits,Apple Gala,Apples,France,1kg,,11.0,,,11.0,,Rawabi,Active
2026-08-13,Fruits,Apple Golden,Apples,Italy,1kg,,12.0,,,12.0,,Rawabi,Active
2026-08-13,Fruits,Apple Green,Apples,Spain,1kg,,11.0,,,11.0,,Rawabi,Active
2026-08-13,Fruits,Apple Red,Apples,Usa,1kg,,14.5,,,14.5,,Rawabi,Active
2026-08-13,Fruits,Apple Ukraine,Apples,,1kg,,10.0,,,10.0,,Rawabi,Active
2026-08-13,Fruits,Pineapple,Apples,India,1kg,,17.0,,,17.0,,Rawabi,Active
2026-08-13,Fruits,Pineapple Golden,Apples,Kenya,1kg,,13.5,,,13.5,,Rawabi,Active
2026-08-13,Fruits,Avocado,Avocado,Uganda,1kg,,18.0,,,18.0,,Rawabi,Active
2026-08-13,Fruits,Avocado Hass,Avocado,Uganda,1kg,,26.0,,,26.0,,Rawabi,Active
2026-08-13,Fruits,Banana,Banana,Philippines,1kg,,7.5,,,7.5,,Rawabi,Active
2026-08-13,Fruits,Banana Flower,Banana,,1kg,,17.0,,,17.0,,Rawabi,Active
2026-08-13,Fruits,Banana Yellow,Banana,India,1kg,,12.75,,,12.75,,Rawabi,Active
2026-08-13,Fruits,Kadali Banana By Air,Banana,India,1kg,,17.5,,,17.5,,Rawabi,Active
2026-08-13,Fruits,Kadhali Banana,Banana,India,1kg,,16.0,,,16.0,,Rawabi,Active
2026-08-13,Fruits,Black Berry -Packet,Berries,Morocco,,,24.5,,,,,,Active
2026-08-13,Fruits,Blackberry -Packet,Berries,Usa,,,24.0,,,,,,Active
2026-08-13,Fruits,Blueberry -Packet,Berries,Morocco,,,13.0,,,,,,Active
2026-08-13,Fruits,Physalis,Berries,,125g,,,13.0,,,104.0,Family,Active
2026-08-13,Fruits,Raspberry Africa Packet,Berries,,,,26.0,,,,,,Active
2026-08-13,Fruits,Lemon Africa,Citrus Fruits,,1kg,,6.75,,,6.75,,Rawabi,Active
2026-08-13,Fruits,Lemon Africa,Citrus Fruits,,250g,,2.25,,,9.0,,Rawabi,Active
2026-08-13,Fruits,Lime,Citrus Fruits,Vietnam,1kg,,8.5,,,8.5,,Rawabi,Active
2026-08-13,Fruits,Lime,Citrus Fruits,Vietnam,250g,,2.5,,,10.0,,Rawabi,Active
2026-08-13,Fruits,Mandarin,Citrus Fruits,China,1kg,,13.5,,,13.5,,Rawabi,Active
2026-08-13,Fruits,Mandarine Nadarcott,Citrus Fruits,Egypt,1kg,,8.5,,,8.5,,Rawabi,Active
2026-08-13,Fruits,Orange Navel Africa,Citrus Fruits,,1kg,,7.5,,,7.5,,Rawabi,Active
2026-08-13,Fruits,Orange Valencia,Citrus Fruits,Egypt,1kg,,4.5,,,4.5,,Rawabi,Active
2026-08-13,Fruits,Coconut,Coconut,India,1.0pc,,3.0,,,3000.0,,Rawabi,Active
2026-08-13,Fruits,Coconut Grated,Coconut,India,1.0pc,,3.5,,,3500.0,,Rawabi,Active
2026-08-13,Fruits,Coconut Young,Coconut,Sri Lanka,1.0pc,,9.75,,,9750.0,,Rawabi,Active
2026-08-13,Fruits,Grape Black,Grapes,Egypt,1kg,,16.0,,,16.0,,Rawabi,Active
2026-08-13,Fruits,Grape White Packet,Grapes,Egypt,1kg,,16.0,,,16.0,,Rawabi,Active
2026-08-13,Fruits,Grapefruit Africa,Grapes,,1kg,,6.5,,,6.5,,Rawabi,Active
2026-08-13,Fruits,Grapes Red -Packet,Grapes,India,,,9.0,,,,,,Active
2026-08-13,Fruits,Grapes White,Grapes,Australia,1kg,,50.0,,,50.0,,Rawabi,Active
2026-08-13,Fruits,Grapes White,Grapes,Australia,500g,,25.0,,,50.0,,Rawabi,Active
2026-08-13,Fruits,Green Banana,Green Banana,Uganda,1kg,,17.75,,,17.75,,Rawabi,Active
2026-08-13,Fruits,Green Banana,Green Banana,India,1kg,,12.0,,,12.0,,Rawabi,Active
2026-08-13,Fruits,Kiwi Gold New Zealand,Kiwi,,1kg,,55.0,,,55.0,,Rawabi,Active
2026-08-13,Fruits,Kiwi Gold New Zealand,Kiwi,,250g,,15.0,,,60.0,,Rawabi,Active
2026-08-13,Fruits,Kiwi Greece,Kiwi,,1kg,,28.0,,,28.0,,Rawabi,Active
2026-08-13,Fruits,Mango Badami Air,Mangoes,India,1kg,,18.0,,,18.0,,Rawabi,Active
2026-08-13,Fruits,Mango Galbetor Yeman,Mangoes,,1kg,,13.5,,,13.5,,Rawabi,Active
2026-08-13,Fruits,Mango Yemen Cartoon,Mangoes,,,,35.0,,,,,,Active
2026-08-13,Fruits,Mangosteen Packet,Mangoes,Thailand,,,25.0,,,,,,Active
2026-08-13,Fruits,Water Melon,Melons,Jordan,1kg,,3.5,,,3.5,,Rawabi,Active
2026-08-13,Fruits,Papaya,Papaya,Sri Lanka,1kg,,17.5,,,17.5,,Rawabi,Active
2026-08-13,Fruits,Plums Red Africa,Plums,,1kg,,15.5,,,15.5,,Rawabi,Active
2026-08-13,Fruits,Pomegranate,Pomegranates,India,1kg,,21.0,,,21.0,,Rawabi,Active
2026-08-13,Fruits,Pomegranate,Pomegranates,India,500g,,10.5,,,21.0,,Rawabi,Active
2026-08-13,Fruits,Pomegranate,Pomegranates,Peru,1kg,,21.0,,,21.0,,Rawabi,Active
2026-08-13,Fruits,Pomegranate -Carton,Pomegranates,India,,,22.0,,,,,,Active
2026-08-13,Vegetables,Asparagus Jumbo,Asparagus,,,,,30.0,,,,,Active
2026-08-13,Vegetables,Beetroot,Beetroot,Oman,1kg,,6.5,,,6.5,,Rawabi,Active
2026-08-13,Vegetables,Beetroot Cooked,Beetroot,,500g,,,22.0,,,44.0,Family,Active
2026-08-13,Vegetables,Broccoli,Cabbage & Broccoli,Spain,1kg,,20.0,,,20.0,,Rawabi,Active
2026-08-13,Vegetables,Broccoli,Cabbage & Broccoli,Spain,500g,,10.0,,,20.0,,Rawabi,Active
2026-08-13,Vegetables,Cabbage,Cabbage & Broccoli,Oman,1kg,,2.5,,,2.5,,Rawabi,Active
2026-08-13,Vegetables,Cauliflower Mazra Doha,Cabbage & Broccoli,,1kg,,7.0,,,7.0,,Rawabi,Active
2026-08-13,Vegetables,Capsicum,Capsicum,Holland,1kg,,18.0,,,18.0,,Rawabi,Active
2026-08-13,Vegetables,Capsicum,Capsicum,Holland,500g,,17.5,,,35.0,,Rawabi,Active
2026-08-13,Vegetables,Capsicum 4Color (Packet),Capsicum,Holland,,,22.0,,,,,,Active
2026-08-13,Vegetables,Capsicum Green,Capsicum,Jordan,1kg,,5.0,,,5.0,,Rawabi,Active
2026-08-13,Vegetables,Capsicum Green,Capsicum,Jordan,500g,,2.5,,,5.0,,Rawabi,Active
2026-08-13,Vegetables,Capsicum Mix Pkt,Capsicum,Holland,4.0pcs,,,20.0,,,5000.0,Family,Active
2026-08-13,Vegetables,Capsicum Yellow,Capsicum,Holland,,,,13.75,,,,,Active
2026-08-13,Vegetables,Carrot,Carrots,Australia,1kg,,7.0,,,7.0,,Rawabi,Active
2026-08-13,Vegetables,Carrot,Carrots,Australia,500g,,3.5,,,7.0,,Rawabi,Active
2026-08-13,Vegetables,Chayote,Chayote,India,1kg,,16.0,,,16.0,,Rawabi,Active
2026-08-13,Vegetables,Chilli,Chillies & Spicy,Uganda,1kg,,19.5,,,19.5,,Rawabi,Active
2026-08-13,Vegetables,Chilli,Chillies & Spicy,Uganda,250g,,5.0,,,20.0,,Rawabi,Active
2026-08-13,Vegetables,Chilly Red,Chillies & Spicy,Holland,,,,23.75,,,,,Active
2026-08-13,Vegetables,Ginger,Chillies & Spicy,China,1kg,,8.0,,,8.0,,Rawabi,Active
2026-08-13,Vegetables,Ginger,Chillies & Spicy,Uganda,1kg,,19.0,,,19.0,,Rawabi,Active
2026-08-13,Vegetables,Ginger,Chillies & Spicy,China,250g,,2.0,,,8.0,,Rawabi,Active
2026-08-13,Vegetables,Ginger,Chillies & Spicy,Uganda,250g,,4.75,,,19.0,,Rawabi,Active
2026-08-13,Vegetables,Green Chilly By Air,Chillies & Spicy,India,1kg,,17.0,,,17.0,,Rawabi,Active
2026-08-13,Vegetables,Green Chilly By Air,Chillies & Spicy,India,250g,,5.0,,,20.0,,Rawabi,Active
2026-08-13,Vegetables,Hot Pepper Mix,Chillies & Spicy,Uganda,1kg,,32.5,,,32.5,,Rawabi,Active
2026-08-13,Vegetables,Hot Pepper Mix,Chillies & Spicy,Uganda,250g,,8.25,,,33.0,,Rawabi,Active
2026-08-13,Vegetables,Jalapeno Hot Red Pepper,Chillies & Spicy,Usa,,,,88.0,,,,,Active
2026-08-13,Vegetables,Jalapeno Peppers,Chillies & Spicy,,,,,23.5,,,,,Active
2026-08-13,Vegetables,Zucchini,Courgettes & Artichoke,Jordan,1kg,,5.0,,,5.0,,Rawabi,Active
2026-08-13,Vegetables,Cucumber Mazra Doha,Cucumber,,1kg,,7.5,,,7.5,,Rawabi,Active
2026-08-13,Vegetables,Cucumber Premium Doha,Cucumber,,1kg,,7.5,,,7.5,,Rawabi,Active
2026-08-13,Vegetables,Yellow Cucumber,Cucumber,India,1kg,,15.75,,,15.75,,Rawabi,Active
2026-08-13,Vegetables,Garlic,Garlic,India,,,,12.25,,,,,Active
2026-08-13,Vegetables,Garlic,Garlic,China,1kg,,8.0,,,8.0,,Rawabi,Active
2026-08-13,Vegetables,Garlic,Garlic,China,250g,,2.0,,,8.0,,Rawabi,Active
2026-08-13,Vegetables,Garlic Packet Big,Garlic,China,,,9.0,,,,,,Active
2026-08-13,Vegetables,Garlic Small Pkt ( ),Garlic,China,,,4.5,,,,,,Active
2026-08-13,Vegetables,Ashgourd,Gourds,Oman,1kg,,2.75,,,2.75,,Rawabi,Active
2026-08-13,Vegetables,Bitter Gourd,Gourds,India,1kg,,17.0,,,17.0,,Rawabi,Active
2026-08-13,Vegetables,Bottle Gourd Doha,Gourds,,1kg,,6.5,,,6.5,,Rawabi,Active
2026-08-13,Vegetables,Ivy Gourd (Kovakka) Indian,Gourds,India,1kg,,16.5,,,16.5,,Rawabi,Active
2026-08-13,Vegetables,Ridge Gourd,Gourds,India,1kg,,17.0,,,17.0,,Rawabi,Active
2026-08-13,Vegetables,Snake Gourd,Gourds,India,1kg,,17.0,,,17.0,,Rawabi,Active
2026-08-13,Vegetables,Baby Fennel Africa-Packet,Herbs,,,,22.5,,,,,,Active
2026-08-13,Vegetables,Celery Stick,Herbs,Spain,1kg,,35.0,,,35.0,,Rawabi,Active
2026-08-13,Vegetables,Celery Stick,Herbs,Spain,250g,,8.75,,,35.0,,Rawabi,Active
2026-08-13,Vegetables,Curry Leaves,Herbs,Uganda,,,35.0,,,,,,Active
2026-08-13,Vegetables,Fennel,Herbs,,,,,20.0,,,,,Active
2026-08-13,Vegetables,Mint Leaves -Packet,Herbs,Jordan,,,3.5,,,,,,Active
2026-08-13,Vegetables,Parsley Leaves 1 Bunch,Herbs,Saudi,,,2.0,,,,,,Active
2026-08-13,Vegetables,Rosemary,Herbs,Kenya,1.0pc,,12.0,,,12000.0,,Rawabi,Active
2026-08-13,Vegetables,Lady Finger,Lady Finger,India,1kg,,17.0,,,17.0,,Rawabi,Active
2026-08-13,Vegetables,Arugula (Jerjir)Leaves Doha,Leafy Vegetables,,500g,,3.75,,,7.5,,Rawabi,Active
2026-08-13,Vegetables,Arugula (Jerjir)Leaves Doha 1 Bunch,Leafy Vegetables,,,,7.5,,,,,,Active
2026-08-13,Vegetables,Kangkong Doha,Leafy Vegetables,,1.0pc,,4.0,,,4000.0,,Rawabi,Active
2026-08-13,Vegetables,Lettuce,Leafy Vegetables,Jordan,1kg,,4.0,,,4.0,,Rawabi,Active
2026-08-13,Vegetables,Lettuce,Leafy Vegetables,Jordan,500g,,1.75,,,3.5,,Rawabi,Active
2026-08-13,Vegetables,Lettuce Ice Berge,Leafy Vegetables,Spain,1kg,,38.0,,,38.0,,Rawabi,Active
2026-08-13,Vegetables,Lettuce Ice Berge,Leafy Vegetables,Spain,250g,,9.5,,,38.0,,Rawabi,Active
2026-08-13,Vegetables,Molokhia Doha,Leafy Vegetables,,,,4.5,,,,,,Active
2026-08-13,Vegetables,Molokhia Doha,Leafy Vegetables,,250g,,1.25,,,5.0,,Rawabi,Active
2026-08-13,Vegetables,Red Spinach Doha 1 Bunch,Leafy Vegetables,,,,3.5,,,,,,Active
2026-08-13,Vegetables,Leeks,Leeks/Spring Onions,Holland,1kg,,34.0,,,34.0,,Rawabi,Active
2026-08-13,Vegetables,Leeks,Leeks/Spring Onions,Holland,250g,,8.5,,,34.0,,Rawabi,Active
2026-08-13,Vegetables,Mushroom Brown Doha-Packet,Mushrooms,,,,8.5,,,,,,Active
2026-08-13,Vegetables,Mushroom Slice,Mushrooms,Qatar,,,,8.5,,,,,Active
2026-08-13,Vegetables,Mushroom Slice Doha-Packet,Mushrooms,,,,8.5,,,,,,Active
2026-08-13,Vegetables,Mushroom White Doha-Packet,Mushrooms,,,,7.0,,,,,,Active
2026-08-13,Vegetables,Mushrooms Portobello,Mushrooms,,,,,11.25,,,,,Active
2026-08-13,Vegetables,Onion Medium Bag,Onion,India,,,17.0,,,,,,Active
2026-08-13,Vegetables,Onion Small,Onion,India,1kg,,18.5,,,18.5,,Rawabi,Active
2026-08-13,Vegetables,Onion Small Bag,Onion,India,,,11.0,,,,,,Active
2026-08-13,Vegetables,Onion White,Onion,Spain,1kg,,10.0,,,10.0,,Rawabi,Active
2026-08-13,Vegetables,Aloe Vera,Other Vegetables,,,,,30.0,,,,,Active
2026-08-13,Vegetables,Bagal Leaves,Other Vegetables,,1.0pc,,8.0,,,8000.0,,Rawabi,Active
2026-08-13,Vegetables,Colacasia,Other Vegetables,India,1kg,,17.0,,,17.0,,Rawabi,Active
2026-08-13,Vegetables,Drumstick,Other Vegetables,India,1kg,,19.5,,,19.5,,Rawabi,Active
2026-08-13,Vegetables,Eggplant,Other Vegetables,Holland,,,,28.0,,,,,Active
2026-08-13,Vegetables,Eggplant Premium,Other Vegetables,Oman,1kg,,7.75,,,7.75,,Rawabi,Active
2026-08-13,Vegetables,Green Spianch Doha 1 Bunch,Other Vegetables,,,,3.5,,,,,,Active
2026-08-13,Vegetables,Lollo Bioanda,Other Vegetables,Holland,1kg,,16.0,,,16.0,,Rawabi,Active
2026-08-13,Vegetables,Lollo Bioanda,Other Vegetables,Holland,250g,,4.0,,,16.0,,Rawabi,Active
2026-08-13,Vegetables,Longan -Packet,Other Vegetables,Thailand,,,24.0,,,,,,Active
2026-08-13,Vegetables,Palak Doha Pc,Other Vegetables,,,,3.0,,,,,,Active
2026-08-13,Vegetables,Rambutan -Packet,Other Vegetables,Thailand,,,25.0,,,,,,Active
2026-08-13,Vegetables,Squash ( )-,Other Vegetables,Lebanon,,,,32.0,,,,,Active
2026-08-13,Vegetables,Beans,Peas & Beans,India,1kg,,19.0,,,19.0,,Rawabi,Active
2026-08-13,Vegetables,Potato,Potatoes & Starchy Vegetables,Egypt,1kg,,3.5,,,3.5,,Rawabi,Active
2026-08-13,Vegetables,Potato Bag,Potatoes & Starchy Vegetables,Pakistan,,,7.5,,,,,,Active
2026-08-13,Vegetables,Potato Syria,Potatoes & Starchy Vegetables,,1kg,,3.0,,,3.0,,Rawabi,Active
2026-08-13,Vegetables,Sweet Potato By Air,Potatoes & Starchy Vegetables,Uganda,1kg,,20.0,,,20.0,,Rawabi,Active
2026-08-13,Vegetables,Yam,Potatoes & Starchy Vegetables,India,1kg,,12.75,,,12.75,,Rawabi,Active
2026-08-13,Vegetables,Butter Nut Pumpkin Africa,Pumpkin,,1kg,,8.5,,,8.5,,Rawabi,Active
2026-08-13,Vegetables,Disco Pumpkin,Pumpkin,India,1kg,,16.0,,,16.0,,Rawabi,Active
2026-08-13,Vegetables,Pumpkin,Pumpkin,Oman,1kg,,4.75,,,4.75,,Rawabi,Active
2026-08-13,Vegetables,Pumpkin Medium,Pumpkin,India,,,,8.75,,,,,Active
2026-08-13,Vegetables,Radish Red -Packet,Raddish,Holland,,,5.5,,,,,,Active
2026-08-13,Vegetables,Red Radish,Raddish,Holland,1kg,,30.0,45.0,,30.0,45.0,Rawabi,Active
2026-08-13,Vegetables,Cherry Tomato -Packet,Tomato,Morocco,,,12.0,,,,,,Active
2026-08-13,Vegetables,Tomato Green House,Tomato,Jordan,1kg,,5.75,,,5.75,,Rawabi,Active
2026-08-13,Vegetables,Tomato Green House Syria,Tomato,,1kg,,4.0,,,4.0,,Rawabi,Active
2026-08-13,Vegetables,Tomato Tommys Pkt ( ),Tomato,Spain,500g,,,44.0,,,88.0,Family,Active
2026-08-13,Vegetables,Turmeric,Turmeric,India,,,,3.5,,,,,Active
2026-08-13,Vegetables,Turmeric,Turmeric,India,1kg,,17.0,,,17.0,,Rawabi,Active
2026-08-13,Vegetables,Turmeric,Turmeric,India,250g,,4.25,,,17.0,,Rawabi,Active
2026-08-13,Fruits,Ash Banana,Green Banana,Sri Lanka,,,,,,,,,Market Out
2026-08-13,Fruits,Sweet Melon,Melons,Jordan,1kg,,,,,,,,Market Out
2026-08-13,Vegetables,Kohila Ala,Cabbage & Broccoli,,,,,,,,,,Market Out
2026-08-13,Vegetables,Chilly Round Green,Chillies & Spicy,India,,,,,,,,,Market Out
2026-08-13,Vegetables,Pinakbet Mixed,Combo Pack,,1kg,,,,,,,,Market Out
2026-08-13,Vegetables,Peeled Garlic,Garlic,,250g,,,,,,,,Market Out
2026-08-13,Vegetables,Ash Gourd(Kumbalam),Gourds,India,,,,,,,,,Market Out
2026-08-13,Vegetables,Red Chard Mix,Leafy Vegetables,Italy,125g,,,,,,,,Market Out
2026-08-13,Vegetables,Shimenji White Mushroom,Mushrooms,,150g,,,,,,,,Market Out
2026-08-13,Vegetables,Onion Big,Onion,India,1kg,,,,,,,,Market Out
2026-08-13,Vegetables,Aravi Big,Potatoes & Starchy Vegetables,India,,,,,,,,,Market Out
2026-08-13,Vegetables,Sweet Potato,Potatoes & Starchy Vegetables,Usa,,,,,,,,,Market Out
2026-08-13,Vegetables,Tapioca,Potatoes & Starchy Vegetables,India,,,,,,,,,Market Out
2026-08-13,Vegetables,Pumpkin Mathan Green,Pumpkin,India,,,,,,,,,Market Out
2026-08-13,Vegetables,Arigni Green Gram Sprouts,Sprouts,,200g,,,,,,,,Market Out
2026-08-12,Fruits,Apple Africa,Apples,,1kg,,11.0,,,11.0,,Rawabi,Active
2026-08-12,Fruits,Apple Gala,Apples,France,1kg,,11.0,,,11.0,,Rawabi,Active
2026-08-12,Fruits,Apple Golden,Apples,Italy,1kg,,12.0,,,12.0,,Rawabi,Active
2026-08-12,Fruits,Apple Green,Apples,Spain,1kg,,11.0,,,11.0,,Rawabi,Active
2026-08-12,Fruits,Apple Red,Apples,Usa,1kg,,14.5,,,14.5,,Rawabi,Active
2026-08-12,Fruits,Apple Ukraine,Apples,,1kg,,10.0,,,10.0,,Rawabi,Active
2026-08-12,Fruits,Pineapple,Apples,India,1kg,,17.0,,,17.0,,Rawabi,Active
2026-08-12,Fruits,Pineapple Golden,Apples,Kenya,1kg,,13.5,,,13.5,,Rawabi,Active
2026-08-12,Fruits,Avocado,Avocado,Uganda,1kg,,18.0,,,18.0,,Rawabi,Active
2026-08-12,Fruits,Avocado Hass,Avocado,Uganda,1kg,,25.0,,,25.0,,Rawabi,Active
2026-08-12,Fruits,Banana,Banana,Philippines,1kg,,7.5,,,7.5,,Rawabi,Active
2026-08-12,Fruits,Banana,Banana,Ecuador,1kg,,7.5,,,7.5,,Rawabi,Active
2026-08-12,Fruits,Banana Flower,Banana,,1kg,,17.0,,,17.0,,Rawabi,Active
2026-08-12,Fruits,Banana Yellow,Banana,India,1kg,,12.75,,,12.75,,Rawabi,Active
2026-08-12,Fruits,Kadali Banana By Air,Banana,India,1kg,,17.5,,,17.5,,Rawabi,Active
2026-08-12,Fruits,Kadhali Banana,Banana,India,1kg,,16.0,,,16.0,,Rawabi,Active
2026-08-12,Fruits,Black Berry -Packet,Berries,Morocco,,,24.5,,,,,,Active
2026-08-12,Fruits,Blackberry -Packet,Berries,Usa,,,24.0,,,,,,Active
2026-08-12,Fruits,Blueberry -Packet,Berries,Morocco,,,13.0,,,,,,Active
2026-08-12,Fruits,Physalis,Berries,,125g,,,13.0,,,104.0,Family,Active
2026-08-12,Fruits,Raspberry Africa Packet,Berries,,,,26.0,,,,,,Active
2026-08-12,Fruits,Lemon Africa,Citrus Fruits,,1kg,,6.75,,,6.75,,Rawabi,Active
2026-08-12,Fruits,Lemon Africa,Citrus Fruits,,250g,,2.25,,,9.0,,Rawabi,Active
2026-08-12,Fruits,Lime,Citrus Fruits,Vietnam,1kg,,8.5,,,8.5,,Rawabi,Active
2026-08-12,Fruits,Lime,Citrus Fruits,Vietnam,250g,,2.5,,,10.0,,Rawabi,Active
2026-08-12,Fruits,Mandarin,Citrus Fruits,China,1kg,,13.5,,,13.5,,Rawabi,Active
2026-08-12,Fruits,Mandarine Nadarcott,Citrus Fruits,Egypt,1kg,,8.5,,,8.5,,Rawabi,Active
2026-08-12,Fruits,Orange Navel Africa,Citrus Fruits,,1kg,,7.5,,,7.5,,Rawabi,Active
2026-08-12,Fruits,Orange Valencia,Citrus Fruits,Egypt,1kg,,5.0,,,5.0,,Rawabi,Active
2026-08-12,Fruits,Coconut,Coconut,India,1.0pc,,3.0,,,3000.0,,Rawabi,Active
2026-08-12,Fruits,Coconut Grated,Coconut,India,1.0pc,,3.5,,,3500.0,,Rawabi,Active
2026-08-12,Fruits,Coconut Young,Coconut,Sri Lanka,1.0pc,,9.75,,,9750.0,,Rawabi,Active
2026-08-12,Fruits,Grape Black,Grapes,Egypt,1kg,,16.0,,,16.0,,Rawabi,Active
2026-08-12,Fruits,Grape White Packet,Grapes,Egypt,1kg,,16.0,,,16.0,,Rawabi,Active
2026-08-12,Fruits,Grapefruit Africa,Grapes,,1kg,,6.5,,,6.5,,Rawabi,Active
2026-08-12,Fruits,Grapes Red -Packet,Grapes,India,,,9.0,,,,,,Active
2026-08-12,Fruits,Grapes White,Grapes,Australia,1kg,,50.0,,,50.0,,Rawabi,Active
2026-08-12,Fruits,Grapes White,Grapes,Australia,500g,,25.0,,,50.0,,Rawabi,Active
2026-08-12,Fruits,Ash Banana,Green Banana,Sri Lanka,,,,9.5,,,,,Active
2026-08-12,Fruits,Green Banana,Green Banana,Uganda,1kg,,17.75,,,17.75,,Rawabi,Active
2026-08-12,Fruits,Green Banana,Green Banana,India,1kg,,12.0,,,12.0,,Rawabi,Active
2026-08-12,Fruits,Kiwi Gold New Zealand,Kiwi,,1kg,,55.0,,,55.0,,Rawabi,Active
2026-08-12,Fruits,Kiwi Gold New Zealand,Kiwi,,250g,,15.0,,,60.0,,Rawabi,Active
2026-08-12,Fruits,Kiwi Greece,Kiwi,,1kg,,28.0,,,28.0,,Rawabi,Active
2026-08-12,Fruits,Mango Badami Air,Mangoes,India,1kg,,18.0,,,18.0,,Rawabi,Active
2026-08-12,Fruits,Mango Galbetor Yeman,Mangoes,,1kg,,13.5,,,13.5,,Rawabi,Active
2026-08-12,Fruits,Mango Yemen Cartoon,Mangoes,,,,35.0,,,,,,Active
2026-08-12,Fruits,Mangosteen Packet,Mangoes,Thailand,,,25.0,,,,,,Active
2026-08-12,Fruits,Sweet Melon,Melons,Jordan,1kg,,3.5,,,3.5,,Rawabi,Active
2026-08-12,Fruits,Water Melon,Melons,Jordan,1kg,,3.5,,,3.5,,Rawabi,Active
2026-08-12,Fruits,Papaya,Papaya,Sri Lanka,1kg,,17.5,,,17.5,,Rawabi,Active
2026-08-12,Fruits,Plums Red Africa,Plums,,1kg,,15.5,,,15.5,,Rawabi,Active
2026-08-12,Fruits,Pomegranate,Pomegranates,India,1kg,,21.0,,,21.0,,Rawabi,Active
2026-08-12,Fruits,Pomegranate,Pomegranates,India,500g,,10.5,,,21.0,,Rawabi,Active
2026-08-12,Fruits,Pomegranate,Pomegranates,Peru,1kg,,21.0,,,21.0,,Rawabi,Active
2026-08-12,Fruits,Pomegranate -Carton,Pomegranates,India,,,22.0,,,,,,Active
2026-08-12,Vegetables,Asparagus Jumbo,Asparagus,,,,,30.0,,,,,Active
2026-08-12,Vegetables,Beetroot,Beetroot,Oman,1kg,,6.5,,,6.5,,Rawabi,Active
2026-08-12,Vegetables,Beetroot Cooked,Beetroot,,500g,,,22.0,,,44.0,Family,Active
2026-08-12,Vegetables,Broccoli,Cabbage & Broccoli,Spain,1kg,,20.0,,,20.0,,Rawabi,Active
2026-08-12,Vegetables,Broccoli,Cabbage & Broccoli,Spain,500g,,10.0,,,20.0,,Rawabi,Active
2026-08-12,Vegetables,Cabbage,Cabbage & Broccoli,Oman,1kg,,3.0,,,3.0,,Rawabi,Active
2026-08-12,Vegetables,Cauliflower Mazra Doha,Cabbage & Broccoli,,1kg,,7.0,,,7.0,,Rawabi,Active
2026-08-12,Vegetables,Kohila Ala,Cabbage & Broccoli,,,,,19.0,,,,,Active
2026-08-12,Vegetables,Capsicum,Capsicum,Holland,1kg,,22.0,,,22.0,,Rawabi,Active
2026-08-12,Vegetables,Capsicum,Capsicum,Holland,500g,,17.5,,,35.0,,Rawabi,Active
2026-08-12,Vegetables,Capsicum 4Color (Packet),Capsicum,Holland,,,22.0,,,,,,Active
2026-08-12,Vegetables,Capsicum Green,Capsicum,Jordan,1kg,,5.0,,,5.0,,Rawabi,Active
2026-08-12,Vegetables,Capsicum Green,Capsicum,Jordan,500g,,2.5,,,5.0,,Rawabi,Active
2026-08-12,Vegetables,Carrot,Carrots,Australia,1kg,,7.0,,,7.0,,Rawabi,Active
2026-08-12,Vegetables,Carrot,Carrots,Australia,500g,,3.5,,,7.0,,Rawabi,Active
2026-08-12,Vegetables,Chayote,Chayote,India,1kg,,16.0,,,16.0,,Rawabi,Active
2026-08-12,Vegetables,Chilli,Chillies & Spicy,Uganda,1kg,,19.5,,,19.5,,Rawabi,Active
2026-08-12,Vegetables,Chilli,Chillies & Spicy,Uganda,250g,,5.0,,,20.0,,Rawabi,Active
2026-08-12,Vegetables,Chilly Round Green,Chillies & Spicy,India,,,,9.5,,,,,Active
2026-08-12,Vegetables,Ginger,Chillies & Spicy,China,1kg,,8.0,,,8.0,,Rawabi,Active
2026-08-12,Vegetables,Ginger,Chillies & Spicy,Uganda,1kg,,19.0,,,19.0,,Rawabi,Active
2026-08-12,Vegetables,Ginger,Chillies & Spicy,China,250g,,2.0,,,8.0,,Rawabi,Active
2026-08-12,Vegetables,Ginger,Chillies & Spicy,Uganda,250g,,4.75,,,19.0,,Rawabi,Active
2026-08-12,Vegetables,Green Chilly By Air,Chillies & Spicy,India,1kg,,17.0,,,17.0,,Rawabi,Active
2026-08-12,Vegetables,Green Chilly By Air,Chillies & Spicy,India,250g,,5.0,,,20.0,,Rawabi,Active
2026-08-12,Vegetables,Hot Pepper Mix,Chillies & Spicy,Uganda,1kg,,32.5,,,32.5,,Rawabi,Active
2026-08-12,Vegetables,Hot Pepper Mix,Chillies & Spicy,Uganda,250g,,8.25,,,33.0,,Rawabi,Active
2026-08-12,Vegetables,Pinakbet Mixed,Combo Pack,,1kg,,,25.0,,,25.0,Family,Active
2026-08-12,Vegetables,Zucchini,Courgettes & Artichoke,Jordan,1kg,,5.0,,,5.0,,Rawabi,Active
2026-08-12,Vegetables,Cucumber Mazra Doha,Cucumber,,1kg,,7.5,,,7.5,,Rawabi,Active
2026-08-12,Vegetables,Cucumber Premium Doha,Cucumber,,1kg,,7.5,,,7.5,,Rawabi,Active
2026-08-12,Vegetables,Yellow Cucumber,Cucumber,India,1kg,,15.75,,,15.75,,Rawabi,Active
2026-08-12,Vegetables,Garlic,Garlic,China,1kg,,8.0,,,8.0,,Rawabi,Active
2026-08-12,Vegetables,Garlic,Garlic,China,250g,,2.0,,,8.0,,Rawabi,Active
2026-08-12,Vegetables,Garlic Packet Big,Garlic,China,,,9.0,,,,,,Active
2026-08-12,Vegetables,Garlic Small Pkt ( ),Garlic,China,,,4.5,,,,,,Active
2026-08-12,Vegetables,Peeled Garlic,Garlic,,250g,,,8.5,,,34.0,Family,Active
2026-08-12,Vegetables,Ash Gourd(Kumbalam),Gourds,India,,,,17.5,,,,,Active
2026-08-12,Vegetables,Ashgourd,Gourds,Oman,1kg,,5.75,,,5.75,,Rawabi,Active
2026-08-12,Vegetables,Bitter Gourd,Gourds,India,1kg,,17.0,,,17.0,,Rawabi,Active
2026-08-12,Vegetables,Bottle Gourd Doha,Gourds,,1kg,,6.5,,,6.5,,Rawabi,Active
2026-08-12,Vegetables,Ivy Gourd (Kovakka) Indian,Gourds,India,1kg,,16.5,,,16.5,,Rawabi,Active
2026-08-12,Vegetables,Ridge Gourd,Gourds,India,1kg,,17.0,,,17.0,,Rawabi,Active
2026-08-12,Vegetables,Snake Gourd,Gourds,India,1kg,,17.0,,,17.0,,Rawabi,Active
2026-08-12,Vegetables,Baby Fennel Africa-Packet,Herbs,,,,22.5,,,,,,Active
2026-08-12,Vegetables,Celery Stick,Herbs,Spain,1kg,,35.0,,,35.0,,Rawabi,Active
2026-08-12,Vegetables,Celery Stick,Herbs,Spain,250g,,8.75,,,35.0,,Rawabi,Active
2026-08-12,Vegetables,Curry Leaves,Herbs,Uganda,,,35.0,,,,,,Active
2026-08-12,Vegetables,Mint Leaves -Packet,Herbs,Jordan,,,3.5,,,,,,Active
2026-08-12,Vegetables,Parsley Leaves 1 Bunch,Herbs,Saudi,,,2.0,,,,,,Active
2026-08-12,Vegetables,Rosemary,Herbs,Kenya,1.0pc,,12.0,,,12000.0,,Rawabi,Active
2026-08-12,Vegetables,Lady Finger,Lady Finger,India,1kg,,17.0,,,17.0,,Rawabi,Active
2026-08-12,Vegetables,Arugula (Jerjir)Leaves Doha,Leafy Vegetables,,500g,,3.75,,,7.5,,Rawabi,Active
2026-08-12,Vegetables,Arugula (Jerjir)Leaves Doha 1 Bunch,Leafy Vegetables,,,,7.5,,,,,,Active
2026-08-12,Vegetables,Kangkong Doha,Leafy Vegetables,,1.0pc,,4.0,,,4000.0,,Rawabi,Active
2026-08-12,Vegetables,Lettuce,Leafy Vegetables,Jordan,1kg,,4.0,,,4.0,,Rawabi,Active
2026-08-12,Vegetables,Lettuce,Leafy Vegetables,Jordan,500g,,1.75,,,3.5,,Rawabi,Active
2026-08-12,Vegetables,Lettuce Ice Berge,Leafy Vegetables,Spain,1kg,,38.0,,,38.0,,Rawabi,Active
2026-08-12,Vegetables,Lettuce Ice Berge,Leafy Vegetables,Spain,250g,,9.5,,,38.0,,Rawabi,Active
2026-08-12,Vegetables,Molokhia Doha,Leafy Vegetables,,,,4.5,,,,,,Active
2026-08-12,Vegetables,Molokhia Doha,Leafy Vegetables,,250g,,1.25,,,5.0,,Rawabi,Active
2026-08-12,Vegetables,Red Chard Mix,Leafy Vegetables,Italy,125g,,,10.0,,,80.0,Family,Active
2026-08-12,Vegetables,Red Spinach Doha 1 Bunch,Leafy Vegetables,,,,3.5,,,,,,Active
2026-08-12,Vegetables,Leeks,Leeks/Spring Onions,Holland,,,,9.0,,,,,Active
2026-08-12,Vegetables,Leeks,Leeks/Spring Onions,Holland,1kg,,34.0,,,34.0,,Rawabi,Active
2026-08-12,Vegetables,Leeks,Leeks/Spring Onions,Holland,250g,,8.5,,,34.0,,Rawabi,Active
2026-08-12,Vegetables,Mushroom Brown Doha-Packet,Mushrooms,,,,8.5,,,,,,Active
2026-08-12,Vegetables,Mushroom Slice Doha-Packet,Mushrooms,,,,8.5,,,,,,Active
2026-08-12,Vegetables,Mushroom White Doha-Packet,Mushrooms,,,,7.0,,,,,,Active
2026-08-12,Vegetables,Shimenji White Mushroom,Mushrooms,,150g,,,12.0,,,80.0,Family,Active
2026-08-12,Vegetables,Onion Big,Onion,India,1kg,,4.0,,,4.0,,Rawabi,Active
2026-08-12,Vegetables,Onion Medium Bag,Onion,India,,,17.0,,,,,,Active
2026-08-12,Vegetables,Onion Small,Onion,India,1kg,,18.5,,,18.5,,Rawabi,Active
2026-08-12,Vegetables,Onion Small Bag,Onion,India,,,11.0,,,,,,Active
2026-08-12,Vegetables,Onion White,Onion,Spain,1kg,,10.0,,,10.0,,Rawabi,Active
2026-08-12,Vegetables,Bagal Leaves,Other Vegetables,,1.0pc,,8.0,,,8000.0,,Rawabi,Active
2026-08-12,Vegetables,Colacasia,Other Vegetables,India,1kg,,17.0,,,17.0,,Rawabi,Active
2026-08-12,Vegetables,Drumstick,Other Vegetables,India,1kg,,19.5,,,19.5,,Rawabi,Active
2026-08-12,Vegetables,Eggplant,Other Vegetables,Holland,,,,28.0,,,,,Active
2026-08-12,Vegetables,Eggplant Premium,Other Vegetables,Oman,1kg,,7.75,,,7.75,,Rawabi,Active
2026-08-12,Vegetables,Green Spianch Doha 1 Bunch,Other Vegetables,,,,3.5,,,,,,Active
2026-08-12,Vegetables,Lollo Bioanda,Other Vegetables,Holland,1kg,,16.0,,,16.0,,Rawabi,Active
2026-08-12,Vegetables,Lollo Bioanda,Other Vegetables,Holland,250g,,4.0,,,16.0,,Rawabi,Active
2026-08-12,Vegetables,Longan -Packet,Other Vegetables,Thailand,,,24.0,,,,,,Active
2026-08-12,Vegetables,Palak Doha Pc,Other Vegetables,,,,3.0,,,,,,Active
2026-08-12,Vegetables,Rambutan -Packet,Other Vegetables,Thailand,,,25.0,,,,,,Active
2026-08-12,Vegetables,Beans,Peas & Beans,India,1kg,,19.0,,,19.0,,Rawabi,Active
2026-08-12,Vegetables,Aravi Big,Potatoes & Starchy Vegetables,India,,,,9.0,,,,,Active
2026-08-12,Vegetables,Potato,Potatoes & Starchy Vegetables,Egypt,1kg,,3.5,,,3.5,,Rawabi,Active
2026-08-12,Vegetables,Potato Bag,Potatoes & Starchy Vegetables,Pakistan,,,8.0,,,,,,Active
2026-08-12,Vegetables,Potato Syria,Potatoes & Starchy Vegetables,,1kg,,3.0,,,3.0,,Rawabi,Active
2026-08-12,Vegetables,Sweet Potato,Potatoes & Starchy Vegetables,Usa,,,,15.5,,,,,Active
2026-08-12,Vegetables,Sweet Potato By Air,Potatoes & Starchy Vegetables,Uganda,1kg,,20.0,,,20.0,,Rawabi,Active
2026-08-12,Vegetables,Tapioca,Potatoes & Starchy Vegetables,India,,,,18.0,,,,,Active
2026-08-12,Vegetables,Yam,Potatoes & Starchy Vegetables,India,1kg,,12.75,,,12.75,,Rawabi,Active
2026-08-12,Vegetables,Butter Nut Pumpkin Africa,Pumpkin,,1kg,,8.5,,,8.5,,Rawabi,Active
2026-08-12,Vegetables,Disco Pumpkin,Pumpkin,India,1kg,,16.0,,,16.0,,Rawabi,Active
2026-08-12,Vegetables,Pumpkin,Pumpkin,Oman,1kg,,4.75,,,4.75,,Rawabi,Active
2026-08-12,Vegetables,Pumpkin Mathan Green,Pumpkin,India,,,,18.0,,,,,Active
2026-08-12,Vegetables,Radish Red -Packet,Raddish,Holland,,,5.5,,,,,,Active
2026-08-12,Vegetables,Red Radish,Raddish,Holland,1kg,,30.0,,,30.0,,Rawabi,Active
2026-08-12,Vegetables,Arigni Green Gram Sprouts,Sprouts,,200g,,,5.75,,,28.75,Family,Active
2026-08-12,Vegetables,Cherry Tomato -Packet,Tomato,Morocco,,,12.0,,,,,,Active
2026-08-12,Vegetables,Tomato Green House,Tomato,Jordan,1kg,,5.75,,,5.75,,Rawabi,Active
2026-08-12,Vegetables,Tomato Green House Syria,Tomato,,1kg,,3.75,,,3.75,,Rawabi,Active
2026-08-12,Vegetables,Tomato Tommys Pkt ( ),Tomato,Spain,500g,,,44.0,,,88.0,Family,Active
2026-08-12,Vegetables,Turmeric,Turmeric,India,1kg,,17.0,,,17.0,,Rawabi,Active
2026-08-12,Vegetables,Turmeric,Turmeric,India,250g,,4.25,,,17.0,,Rawabi,Active
2026-08-12,Vegetables,Cabbage Sliced,Cabbage & Broccoli,,1kg,,,,,,,,Market Out
2026-08-12,Vegetables,Capsicum Mix Pkt,Capsicum,Holland,4.0pcs,,,,,,,,Market Out
2026-08-12,Vegetables,Capsicum Red,Capsicum,Holland,,,,,,,,,Market Out
2026-08-12,Vegetables,Capsicum Yellow,Capsicum,Holland,,,,,,,,,Market Out
2026-08-12,Vegetables,Chilly Red,Chillies & Spicy,Holland,,,,,,,,,Market Out
2026-08-12,Vegetables,Jalapeno Hot Red Pepper,Chillies & Spicy,Usa,,,,,,,,,Market Out
2026-08-12,Vegetables,Mixed Chilli Red & Green Pkt,Chillies & Spicy,,,,,,,,,,Market Out
2026-08-12,Vegetables,Lettuce Gem Tray,Leafy Vegetables,Spain,,,,,,,,,Market Out
2026-08-12,Vegetables,Squash ( )-,Other Vegetables,Lebanon,,,,,,,,,Market Out
2026-08-12,Vegetables,Yam Indian,Potatoes & Starchy Vegetables,India,,,,,,,,,Market Out
2026-08-12,Vegetables,Tomato Cherry Red Vine,Tomato,,,,,,,,,,Market Out
2026-08-12,Vegetables,Tomatoes Cherry Plum,Tomato,,250g,,,,,,,,Market Out
2026-08-11,Fruits,Apple Africa,Apples,,1kg,,11.0,,,11.0,,Rawabi,Active
2026-08-11,Fruits,Apple Gala,Apples,France,1kg,,11.0,,,11.0,,Rawabi,Active
2026-08-11,Fruits,Apple Golden,Apples,Italy,1kg,,12.0,,,12.0,,Rawabi,Active
2026-08-11,Fruits,Apple Green,Apples,Spain,1kg,,11.0,,,11.0,,Rawabi,Active
2026-08-11,Fruits,Apple Red,Apples,Usa,1kg,,14.5,,,14.5,,Rawabi,Active
2026-08-11,Fruits,Apple Ukraine,Apples,,1kg,,10.0,,,10.0,,Rawabi,Active
2026-08-11,Fruits,Pineapple,Apples,India,1kg,,17.0,,,17.0,,Rawabi,Active
2026-08-11,Fruits,Pineapple Golden,Apples,Kenya,1kg,,13.5,,,13.5,,Rawabi,Active
2026-08-11,Fruits,Avocado,Avocado,Uganda,1kg,,18.0,,,18.0,,Rawabi,Active
2026-08-11,Fruits,Avocado Hass,Avocado,Uganda,1kg,,25.0,,,25.0,,Rawabi,Active
2026-08-11,Fruits,Banana,Banana,Philippines,1kg,,7.5,,,7.5,,Rawabi,Active
2026-08-11,Fruits,Banana,Banana,Ecuador,1kg,,7.5,,,7.5,,Rawabi,Active
2026-08-11,Fruits,Banana Flower,Banana,,1kg,,17.0,,,17.0,,Rawabi,Active
2026-08-11,Fruits,Banana Yellow,Banana,India,1kg,,12.75,,,12.75,,Rawabi,Active
2026-08-11,Fruits,Kadali Banana By Air,Banana,India,1kg,,17.5,,,17.5,,Rawabi,Active
2026-08-11,Fruits,Kadhali Banana,Banana,India,1kg,,16.0,,,16.0,,Rawabi,Active
2026-08-11,Fruits,Black Berry -Packet,Berries,Morocco,,,24.5,,,,,,Active
2026-08-11,Fruits,Blackberry -Packet,Berries,Usa,,,24.0,,,,,,Active
2026-08-11,Fruits,Blueberry -Packet,Berries,Morocco,,,13.0,,,,,,Active
2026-08-11,Fruits,Raspberry Africa Packet,Berries,,,,26.0,,,,,,Active
2026-08-11,Fruits,Lemon Africa,Citrus Fruits,,1kg,,6.75,,,6.75,,Rawabi,Active
2026-08-11,Fruits,Lemon Africa,Citrus Fruits,,250g,,2.25,,,9.0,,Rawabi,Active
2026-08-11,Fruits,Lime,Citrus Fruits,Vietnam,1kg,,8.5,,,8.5,,Rawabi,Active
2026-08-11,Fruits,Lime,Citrus Fruits,Vietnam,250g,,2.5,,,10.0,,Rawabi,Active
2026-08-11,Fruits,Mandarin,Citrus Fruits,China,1kg,,13.5,,,13.5,,Rawabi,Active
2026-08-11,Fruits,Mandarine Nadarcott,Citrus Fruits,Egypt,1kg,,8.5,,,8.5,,Rawabi,Active
2026-08-11,Fruits,Orange Navel Africa,Citrus Fruits,,1kg,,7.5,,,7.5,,Rawabi,Active
2026-08-11,Fruits,Coconut,Coconut,India,1.0pc,,3.0,,,3000.0,,Rawabi,Active
2026-08-11,Fruits,Coconut Grated,Coconut,India,1.0pc,,3.5,,,3500.0,,Rawabi,Active
2026-08-11,Fruits,Coconut Young,Coconut,Sri Lanka,1.0pc,,9.75,,,9750.0,,Rawabi,Active
2026-08-11,Fruits,Grape Black,Grapes,Egypt,1kg,,16.0,,,16.0,,Rawabi,Active
2026-08-11,Fruits,Grape White Packet,Grapes,Egypt,1kg,,16.0,,,16.0,,Rawabi,Active
2026-08-11,Fruits,Grapefruit Africa,Grapes,,1kg,,7.5,,,7.5,,Rawabi,Active
2026-08-11,Fruits,Grapes Red -Packet,Grapes,India,,,9.0,,,,,,Active
2026-08-11,Fruits,Grapes White,Grapes,Australia,1kg,,50.0,,,50.0,,Rawabi,Active
2026-08-11,Fruits,Grapes White,Grapes,Australia,500g,,25.0,,,50.0,,Rawabi,Active
2026-08-11,Fruits,Green Banana,Green Banana,Uganda,1kg,,17.75,,,17.75,,Rawabi,Active
2026-08-11,Fruits,Green Banana,Green Banana,India,1kg,,12.0,,,12.0,,Rawabi,Active
2026-08-11,Fruits,Kiwi Gold New Zealand,Kiwi,,1kg,,55.0,,,55.0,,Rawabi,Active
2026-08-11,Fruits,Kiwi Gold New Zealand,Kiwi,,250g,,15.0,,,60.0,,Rawabi,Active
2026-08-11,Fruits,Kiwi Greece,Kiwi,,1kg,,28.0,,,28.0,,Rawabi,Active
2026-08-11,Fruits,Mango Badami Air,Mangoes,India,1kg,,18.0,,,18.0,,Rawabi,Active
2026-08-11,Fruits,Mango Galbetor Yeman,Mangoes,,1kg,,13.5,,,13.5,,Rawabi,Active
2026-08-11,Fruits,Mango Yemen Cartoon,Mangoes,,,,35.0,,,,,,Active
2026-08-11,Fruits,Mangosteen Packet,Mangoes,Thailand,,,25.0,,,,,,Active
2026-08-11,Fruits,Sweet Melon,Melons,Jordan,1kg,,3.5,,,3.5,,Rawabi,Active
2026-08-11,Fruits,Water Melon,Melons,Jordan,1kg,,3.5,,,3.5,,Rawabi,Active
2026-08-11,Fruits,Papaya,Papaya,Sri Lanka,1kg,,17.5,,,17.5,,Rawabi,Active
2026-08-11,Fruits,Plums Red Africa,Plums,,1kg,,15.5,,,15.5,,Rawabi,Active
2026-08-11,Fruits,Pomegranate,Pomegranates,India,1kg,,21.0,,,21.0,,Rawabi,Active
2026-08-11,Fruits,Pomegranate,Pomegranates,India,500g,,10.5,,,21.0,,Rawabi,Active
2026-08-11,Fruits,Pomegranate,Pomegranates,Peru,1kg,,21.0,,,21.0,,Rawabi,Active
2026-08-11,Vegetables,Asparagus Jumbo,Asparagus,,,,,30.0,,,,,Active
2026-08-11,Vegetables,Beetroot,Beetroot,Oman,1kg,,6.5,,,6.5,,Rawabi,Active
2026-08-11,Vegetables,Beetroot Cooked,Beetroot,,500g,,,22.0,,,44.0,Family,Active
2026-08-11,Vegetables,Broccoli,Cabbage & Broccoli,Spain,1kg,,20.0,,,20.0,,Rawabi,Active
2026-08-11,Vegetables,Broccoli,Cabbage & Broccoli,Spain,500g,,10.0,,,20.0,,Rawabi,Active
2026-08-11,Vegetables,Cabbage,Cabbage & Broccoli,Oman,1kg,,3.0,,,3.0,,Rawabi,Active
2026-08-11,Vegetables,Cabbage Sliced,Cabbage & Broccoli,,1kg,,,10.0,,,10.0,Family,Active
2026-08-11,Vegetables,Cauliflower Mazra Doha,Cabbage & Broccoli,,1kg,,7.0,,,7.0,,Rawabi,Active
2026-08-11,Vegetables,Capsicum,Capsicum,Holland,1kg,,22.0,,,22.0,,Rawabi,Active
2026-08-11,Vegetables,Capsicum,Capsicum,Holland,500g,,17.5,,,35.0,,Rawabi,Active
2026-08-11,Vegetables,Capsicum 4Color (Packet),Capsicum,Holland,,,22.0,,,,,,Active
2026-08-11,Vegetables,Capsicum Green,Capsicum,Jordan,1kg,,5.0,,,5.0,,Rawabi,Active
2026-08-11,Vegetables,Capsicum Green,Capsicum,Jordan,500g,,2.5,,,5.0,,Rawabi,Active
2026-08-11,Vegetables,Capsicum Mix Pkt,Capsicum,Holland,4.0pcs,,,20.0,,,5000.0,Family,Active
2026-08-11,Vegetables,Capsicum Red,Capsicum,Holland,,,,13.75,,,,,Active
2026-08-11,Vegetables,Capsicum Yellow,Capsicum,Holland,,,,12.5,,,,,Active
2026-08-11,Vegetables,Carrot,Carrots,Australia,1kg,,7.0,,,7.0,,Rawabi,Active
2026-08-11,Vegetables,Carrot,Carrots,Australia,500g,,3.5,,,7.0,,Rawabi,Active
2026-08-11,Vegetables,Chayote,Chayote,India,1kg,,16.0,,,16.0,,Rawabi,Active
2026-08-11,Vegetables,Chilli,Chillies & Spicy,Uganda,1kg,,19.5,,,19.5,,Rawabi,Active
2026-08-11,Vegetables,Chilli,Chillies & Spicy,Uganda,250g,,5.0,,,20.0,,Rawabi,Active
2026-08-11,Vegetables,Chilly Red,Chillies & Spicy,Holland,,,,15.0,,,,,Active
2026-08-11,Vegetables,Ginger,Chillies & Spicy,China,1kg,,8.0,,,8.0,,Rawabi,Active
2026-08-11,Vegetables,Ginger,Chillies & Spicy,Uganda,1kg,,19.0,,,19.0,,Rawabi,Active
2026-08-11,Vegetables,Ginger,Chillies & Spicy,China,250g,,2.0,,,8.0,,Rawabi,Active
2026-08-11,Vegetables,Ginger,Chillies & Spicy,Uganda,250g,,4.75,,,19.0,,Rawabi,Active
2026-08-11,Vegetables,Green Chilly By Air,Chillies & Spicy,India,1kg,,17.0,,,17.0,,Rawabi,Active
2026-08-11,Vegetables,Green Chilly By Air,Chillies & Spicy,India,250g,,5.0,,,20.0,,Rawabi,Active
2026-08-11,Vegetables,Hot Pepper Mix,Chillies & Spicy,Uganda,1kg,,32.5,,,32.5,,Rawabi,Active
2026-08-11,Vegetables,Hot Pepper Mix,Chillies & Spicy,Uganda,250g,,8.25,,,33.0,,Rawabi,Active
2026-08-11,Vegetables,Jalapeno Hot Red Pepper,Chillies & Spicy,Usa,,,,65.0,,,,,Active
2026-08-11,Vegetables,Mixed Chilli Red & Green Pkt,Chillies & Spicy,,,,,8.0,,,,,Active
2026-08-11,Vegetables,Zucchini,Courgettes & Artichoke,Jordan,1kg,,6.0,,,6.0,,Rawabi,Active
2026-08-11,Vegetables,Cucumber Mazra Doha,Cucumber,,1kg,,7.5,,,7.5,,Rawabi,Active
2026-08-11,Vegetables,Cucumber Premium Doha,Cucumber,,1kg,,7.5,,,7.5,,Rawabi,Active
2026-08-11,Vegetables,Yellow Cucumber,Cucumber,India,1kg,,15.75,,,15.75,,Rawabi,Active
2026-08-11,Vegetables,Garlic,Garlic,China,1kg,,8.0,,,8.0,,Rawabi,Active
2026-08-11,Vegetables,Garlic,Garlic,China,250g,,2.0,,,8.0,,Rawabi,Active
2026-08-11,Vegetables,Garlic Packet Big,Garlic,China,,,9.0,,,,,,Active
2026-08-11,Vegetables,Garlic Small Pkt ( ),Garlic,China,,,4.5,,,,,,Active
2026-08-11,Vegetables,Ash Gourd(Kumbalam),Gourds,India,,,,17.5,,,,,Active
2026-08-11,Vegetables,Ashgourd,Gourds,Oman,1kg,,5.75,,,5.75,,Rawabi,Active
2026-08-11,Vegetables,Bitter Gourd,Gourds,India,1kg,,17.0,,,17.0,,Rawabi,Active
2026-08-11,Vegetables,Bottle Gourd Doha,Gourds,,1kg,,6.5,,,6.5,,Rawabi,Active
2026-08-11,Vegetables,Ivy Gourd (Kovakka) Indian,Gourds,India,1kg,,16.5,,,16.5,,Rawabi,Active
2026-08-11,Vegetables,Ridge Gourd,Gourds,India,1kg,,17.0,,,17.0,,Rawabi,Active
2026-08-11,Vegetables,Snake Gourd,Gourds,India,,,,9.25,,,,,Active
2026-08-11,Vegetables,Snake Gourd,Gourds,India,1kg,,17.0,,,17.0,,Rawabi,Active
2026-08-11,Vegetables,Baby Fennel Africa-Packet,Herbs,,,,22.5,,,,,,Active
2026-08-11,Vegetables,Celery Stick,Herbs,Spain,1kg,,35.0,,,35.0,,Rawabi,Active
2026-08-11,Vegetables,Celery Stick,Herbs,Spain,250g,,8.75,,,35.0,,Rawabi,Active
2026-08-11,Vegetables,Curry Leaves,Herbs,Uganda,,,35.0,,,,,,Active
2026-08-11,Vegetables,Mint Leaves -Packet,Herbs,Jordan,,,3.5,,,,,,Active
2026-08-11,Vegetables,Parsley Leaves 1 Bunch,Herbs,Saudi,,,2.0,,,,,,Active
2026-08-11,Vegetables,Rosemary,Herbs,Kenya,1.0pc,,12.0,,,12000.0,,Rawabi,Active
2026-08-11,Vegetables,Lady Finger,Lady Finger,India,1kg,,17.0,,,17.0,,Rawabi,Active
2026-08-11,Vegetables,Arugula (Jerjir)Leaves Doha,Leafy Vegetables,,500g,,3.75,,,7.5,,Rawabi,Active
2026-08-11,Vegetables,Arugula (Jerjir)Leaves Doha 1 Bunch,Leafy Vegetables,,,,7.5,,,,,,Active
2026-08-11,Vegetables,Kangkong Doha,Leafy Vegetables,,1.0pc,,4.0,,,4000.0,,Rawabi,Active
2026-08-11,Vegetables,Lettuce,Leafy Vegetables,Jordan,1kg,,4.5,,,4.5,,Rawabi,Active
2026-08-11,Vegetables,Lettuce,Leafy Vegetables,Jordan,500g,,1.75,,,3.5,,Rawabi,Active
2026-08-11,Vegetables,Lettuce Gem Tray,Leafy Vegetables,Spain,,,,15.0,,,,,Active
2026-08-11,Vegetables,Lettuce Ice Berge,Leafy Vegetables,Spain,1kg,,38.0,,,38.0,,Rawabi,Active
2026-08-11,Vegetables,Lettuce Ice Berge,Leafy Vegetables,Spain,250g,,9.5,,,38.0,,Rawabi,Active
2026-08-11,Vegetables,Molokhia Doha,Leafy Vegetables,,,,4.5,,,,,,Active
2026-08-11,Vegetables,Molokhia Doha,Leafy Vegetables,,250g,,1.25,,,5.0,,Rawabi,Active
2026-08-11,Vegetables,Red Spinach Doha 1 Bunch,Leafy Vegetables,,,,3.5,,,,,,Active
2026-08-11,Vegetables,Leeks,Leeks/Spring Onions,Holland,1kg,,34.0,,,34.0,,Rawabi,Active
2026-08-11,Vegetables,Leeks,Leeks/Spring Onions,Holland,250g,,8.5,,,34.0,,Rawabi,Active
2026-08-11,Vegetables,Mushroom Brown Doha-Packet,Mushrooms,,,,8.5,,,,,,Active
2026-08-11,Vegetables,Mushroom Slice Doha-Packet,Mushrooms,,,,8.5,,,,,,Active
2026-08-11,Vegetables,Mushroom White Doha-Packet,Mushrooms,,,,7.0,,,,,,Active
2026-08-11,Vegetables,Onion Big,Onion,India,1kg,,4.0,,,4.0,,Rawabi,Active
2026-08-11,Vegetables,Onion Medium Bag,Onion,India,,,17.0,,,,,,Active
2026-08-11,Vegetables,Onion Small,Onion,India,1kg,,18.5,,,18.5,,Rawabi,Active
2026-08-11,Vegetables,Onion Small Bag,Onion,India,,,11.0,,,,,,Active
2026-08-11,Vegetables,Onion White,Onion,Spain,1kg,,10.0,,,10.0,,Rawabi,Active
2026-08-11,Vegetables,Bagal Leaves,Other Vegetables,,1.0pc,,8.0,,,8000.0,,Rawabi,Active
2026-08-11,Vegetables,Colacasia,Other Vegetables,India,1kg,,17.0,,,17.0,,Rawabi,Active
2026-08-11,Vegetables,Drumstick,Other Vegetables,India,1kg,,19.5,,,19.5,,Rawabi,Active
2026-08-11,Vegetables,Eggplant,Other Vegetables,Holland,,,,28.0,,,,,Active
2026-08-11,Vegetables,Eggplant Premium,Other Vegetables,Oman,1kg,,7.75,,,7.75,,Rawabi,Active
2026-08-11,Vegetables,Green Spianch Doha 1 Bunch,Other Vegetables,,,,3.5,,,,,,Active
2026-08-11,Vegetables,Lollo Bioanda,Other Vegetables,Holland,1kg,,16.0,,,16.0,,Rawabi,Active
2026-08-11,Vegetables,Lollo Bioanda,Other Vegetables,Holland,250g,,4.0,,,16.0,,Rawabi,Active
2026-08-11,Vegetables,Longan -Packet,Other Vegetables,Thailand,,,24.0,,,,,,Active
2026-08-11,Vegetables,Palak Doha Pc,Other Vegetables,,,,3.0,,,,,,Active
2026-08-11,Vegetables,Rambutan -Packet,Other Vegetables,Thailand,,,25.0,,,,,,Active
2026-08-11,Vegetables,Squash ( )-,Other Vegetables,Lebanon,,,,32.0,,,,,Active
2026-08-11,Vegetables,Beans,Peas & Beans,India,1kg,,19.0,,,19.0,,Rawabi,Active
2026-08-11,Vegetables,Aravi Big,Potatoes & Starchy Vegetables,India,,,,9.0,,,,,Active
2026-08-11,Vegetables,Potato,Potatoes & Starchy Vegetables,Egypt,1kg,,3.5,,,3.5,,Rawabi,Active
2026-08-11,Vegetables,Potato Bag,Potatoes & Starchy Vegetables,Pakistan,,,8.0,,,,,,Active
2026-08-11,Vegetables,Potato Syria,Potatoes & Starchy Vegetables,,1kg,,3.0,,,3.0,,Rawabi,Active
2026-08-11,Vegetables,Sweet Potato,Potatoes & Starchy Vegetables,Usa,,,,15.5,,,,,Active
2026-08-11,Vegetables,Sweet Potato By Air,Potatoes & Starchy Vegetables,Uganda,1kg,,20.0,,,20.0,,Rawabi,Active
2026-08-11,Vegetables,Yam,Potatoes & Starchy Vegetables,India,1kg,,12.75,,,12.75,,Rawabi,Active
2026-08-11,Vegetables,Yam Indian,Potatoes & Starchy Vegetables,India,,,,8.75,,,,,Active
2026-08-11,Vegetables,Butter Nut Pumpkin Africa,Pumpkin,,1kg,,8.5,,,8.5,,Rawabi,Active
2026-08-11,Vegetables,Disco Pumpkin,Pumpkin,India,1kg,,16.0,,,16.0,,Rawabi,Active
2026-08-11,Vegetables,Pumpkin,Pumpkin,Oman,1kg,,4.75,,,4.75,,Rawabi,Active
2026-08-11,Vegetables,Radish Red -Packet,Raddish,Holland,,,5.5,,,,,,Active
2026-08-11,Vegetables,Red Radish,Raddish,Holland,1kg,,30.0,,,30.0,,Rawabi,Active
2026-08-11,Vegetables,Cherry Tomato -Packet,Tomato,Morocco,,,12.0,,,,,,Active
2026-08-11,Vegetables,Tomato Cherry Red Vine,Tomato,,,,,16.25,,,,,Active
2026-08-11,Vegetables,Tomato Green House,Tomato,Jordan,1kg,,5.75,,,5.75,,Rawabi,Active
2026-08-11,Vegetables,Tomato Green House Syria,Tomato,,1kg,,3.75,,,3.75,,Rawabi,Active
2026-08-11,Vegetables,Tomatoes Cherry Plum,Tomato,,250g,,,20.0,,,80.0,Family,Active
2026-08-11,Vegetables,Turmeric,Turmeric,India,1kg,,17.0,,,17.0,,Rawabi,Active
2026-08-11,Vegetables,Turmeric,Turmeric,India,250g,,4.25,,,17.0,,Rawabi,Active
2026-08-11,Vegetables,Chilly Round Green,Chillies & Spicy,India,,,,,,,,,Market Out
2026-08-11,Vegetables,Jalapeno Peppers,Chillies & Spicy,,,,,,,,,,Market Out
2026-08-11,Vegetables,Vellary Indian,Cucumber,India,1kg,,,,,,,,Market Out
2026-08-11,Vegetables,Peeled Garlic,Garlic,,250g,,,,,,,,Market Out
2026-08-11,Vegetables,Green Basil ( ),Herbs,Kenya,,,,,,,,,Market Out
2026-08-11,Vegetables,Lemon Grass,Herbs,,,,,,,,,,Market Out
2026-08-11,Vegetables,Pumpkin Mathan Green,Pumpkin,India,,,,,,,,,Market Out
2026-08-10,Fruits,Apple Africa,Apples,,1kg,,11.0,,,11.0,,Rawabi,Active
2026-08-10,Fruits,Apple Gala,Apples,France,1kg,,11.0,,,11.0,,Rawabi,Active
2026-08-10,Fruits,Apple Golden,Apples,Italy,1kg,,12.0,,,12.0,,Rawabi,Active
2026-08-10,Fruits,Apple Green,Apples,Spain,1kg,,11.0,,,11.0,,Rawabi,Active
2026-08-10,Fruits,Apple Red,Apples,Usa,1kg,,14.5,,,14.5,,Rawabi,Active
2026-08-10,Fruits,Apple Ukraine,Apples,,1kg,,10.0,,,10.0,,Rawabi,Active
2026-08-10,Fruits,Pineapple,Apples,India,1kg,,17.0,,,17.0,,Rawabi,Active
2026-08-10,Fruits,Pineapple Golden,Apples,Kenya,1kg,,13.5,,,13.5,,Rawabi,Active
2026-08-10,Fruits,Avocado,Avocado,Uganda,1kg,,18.0,,,18.0,,Rawabi,Active
2026-08-10,Fruits,Avocado Hass,Avocado,Uganda,1kg,,25.0,,,25.0,,Rawabi,Active
2026-08-10,Fruits,Banana,Banana,Philippines,1kg,,7.5,,,7.5,,Rawabi,Active
2026-08-10,Fruits,Banana,Banana,Ecuador,1kg,,7.5,,,7.5,,Rawabi,Active
2026-08-10,Fruits,Banana Flower,Banana,,1kg,,17.0,,,17.0,,Rawabi,Active
2026-08-10,Fruits,Banana Yellow,Banana,India,1kg,,12.75,,,12.75,,Rawabi,Active
2026-08-10,Fruits,Kadali Banana By Air,Banana,India,1kg,,17.5,,,17.5,,Rawabi,Active
2026-08-10,Fruits,Kadhali Banana,Banana,India,1kg,,16.0,,,16.0,,Rawabi,Active
2026-08-10,Fruits,Black Berry -Packet,Berries,Morocco,,,24.5,,,,,,Active
2026-08-10,Fruits,Blackberry -Packet,Berries,Usa,,,24.0,,,,,,Active
2026-08-10,Fruits,Blueberry -Packet,Berries,Morocco,,,13.0,,,,,,Active
2026-08-10,Fruits,Raspberry Africa Packet,Berries,,,,26.0,,,,,,Active
2026-08-10,Fruits,Lemon Africa,Citrus Fruits,,1kg,,8.5,,,8.5,,Rawabi,Active
2026-08-10,Fruits,Lemon Africa,Citrus Fruits,,250g,,2.25,,,9.0,,Rawabi,Active
2026-08-10,Fruits,Lime,Citrus Fruits,Vietnam,1kg,,8.5,,,8.5,,Rawabi,Active
2026-08-10,Fruits,Lime,Citrus Fruits,Vietnam,250g,,2.5,,,10.0,,Rawabi,Active
2026-08-10,Fruits,Mandarin,Citrus Fruits,China,1kg,,13.5,,,13.5,,Rawabi,Active
2026-08-10,Fruits,Mandarine Nadarcott,Citrus Fruits,Egypt,1kg,,8.5,,,8.5,,Rawabi,Active
2026-08-10,Fruits,Orange Navel Africa,Citrus Fruits,,1kg,,7.5,,,7.5,,Rawabi,Active
2026-08-10,Fruits,Coconut,Coconut,India,1.0pc,,3.0,,,3000.0,,Rawabi,Active
2026-08-10,Fruits,Coconut Grated,Coconut,India,1.0pc,,3.5,,,3500.0,,Rawabi,Active
2026-08-10,Fruits,Coconut Young,Coconut,Sri Lanka,1.0pc,,9.75,,,9750.0,,Rawabi,Active
2026-08-10,Fruits,Grape White Packet,Grapes,Egypt,1kg,,16.0,,,16.0,,Rawabi,Active
2026-08-10,Fruits,Grapefruit Africa,Grapes,,1kg,,7.5,,,7.5,,Rawabi,Active
2026-08-10,Fruits,Grapes Red -Packet,Grapes,India,,,9.0,,,,,,Active
2026-08-10,Fruits,Grapes White,Grapes,Australia,1kg,,50.0,,,50.0,,Rawabi,Active
2026-08-10,Fruits,Grapes White,Grapes,Australia,500g,,25.0,,,50.0,,Rawabi,Active
2026-08-10,Fruits,Green Banana,Green Banana,Uganda,1kg,,17.75,,,17.75,,Rawabi,Active
2026-08-10,Fruits,Green Banana,Green Banana,India,1kg,,12.0,,,12.0,,Rawabi,Active
2026-08-10,Fruits,Kiwi Gold New Zealand,Kiwi,,1kg,,55.0,,,55.0,,Rawabi,Active
2026-08-10,Fruits,Kiwi Gold New Zealand,Kiwi,,250g,,15.0,,,60.0,,Rawabi,Active
2026-08-10,Fruits,Kiwi Greece,Kiwi,,1kg,,28.0,,,28.0,,Rawabi,Active
2026-08-10,Fruits,Mango Badami Air,Mangoes,India,1kg,,18.0,,,18.0,,Rawabi,Active
2026-08-10,Fruits,Mango Galbetor Yeman,Mangoes,,1kg,,13.5,,,13.5,,Rawabi,Active
2026-08-10,Fruits,Mango Yemen Cartoon,Mangoes,,,,35.0,,,,,,Active
2026-08-10,Fruits,Mangosteen Packet,Mangoes,Thailand,,,25.0,,,,,,Active
2026-08-10,Fruits,Sweet Melon,Melons,Jordan,1kg,,3.5,,,3.5,,Rawabi,Active
2026-08-10,Fruits,Water Melon,Melons,Jordan,1kg,,3.5,,,3.5,,Rawabi,Active
2026-08-10,Fruits,Papaya,Papaya,Sri Lanka,1kg,,17.5,,,17.5,,Rawabi,Active
2026-08-10,Fruits,Plums Red Africa,Plums,,1kg,,15.5,,,15.5,,Rawabi,Active
2026-08-10,Fruits,Pomegranate,Pomegranates,India,1kg,,21.0,,,21.0,,Rawabi,Active
2026-08-10,Fruits,Pomegranate,Pomegranates,India,500g,,10.5,,,21.0,,Rawabi,Active
2026-08-10,Fruits,Pomegranate,Pomegranates,Peru,1kg,,21.0,,,21.0,,Rawabi,Active
2026-08-10,Vegetables,Asparagus Jumbo,Asparagus,,,,,30.0,,,,,Active
2026-08-10,Vegetables,Beetroot,Beetroot,Oman,1kg,,6.5,,,6.5,,Rawabi,Active
2026-08-10,Vegetables,Beetroot Cooked,Beetroot,,500g,,,22.0,,,44.0,Family,Active
2026-08-10,Vegetables,Broccoli,Cabbage & Broccoli,Spain,1kg,,20.0,,,20.0,,Rawabi,Active
2026-08-10,Vegetables,Broccoli,Cabbage & Broccoli,Spain,500g,,10.0,,,20.0,,Rawabi,Active
2026-08-10,Vegetables,Cabbage,Cabbage & Broccoli,Oman,1kg,,3.0,,,3.0,,Rawabi,Active
2026-08-10,Vegetables,Cauliflower Mazra Doha,Cabbage & Broccoli,,1kg,,7.0,,,7.0,,Rawabi,Active
2026-08-10,Vegetables,Capsicum,Capsicum,Holland,1kg,,22.0,,,22.0,,Rawabi,Active
2026-08-10,Vegetables,Capsicum,Capsicum,Holland,500g,,17.5,,,35.0,,Rawabi,Active
2026-08-10,Vegetables,Capsicum 4Color (Packet),Capsicum,Holland,,,22.0,,,,,,Active
2026-08-10,Vegetables,Capsicum Green,Capsicum,Jordan,1kg,,5.0,,,5.0,,Rawabi,Active
2026-08-10,Vegetables,Capsicum Green,Capsicum,Jordan,500g,,2.5,,,5.0,,Rawabi,Active
2026-08-10,Vegetables,Capsicum Mix Pkt,Capsicum,Holland,4.0pcs,,,20.0,,,5000.0,Family,Active
2026-08-10,Vegetables,Capsicum Yellow,Capsicum,Holland,,,,12.5,,,,,Active
2026-08-10,Vegetables,Carrot,Carrots,Australia,1kg,,7.0,,,7.0,,Rawabi,Active
2026-08-10,Vegetables,Carrot,Carrots,Australia,500g,,3.5,,,7.0,,Rawabi,Active
2026-08-10,Vegetables,Chayote,Chayote,India,1kg,,16.0,,,16.0,,Rawabi,Active
2026-08-10,Vegetables,Chilli,Chillies & Spicy,Uganda,1kg,,19.5,,,19.5,,Rawabi,Active
2026-08-10,Vegetables,Chilli,Chillies & Spicy,Uganda,250g,,5.0,,,20.0,,Rawabi,Active
2026-08-10,Vegetables,Chilly Red,Chillies & Spicy,Holland,,,,15.0,,,,,Active
2026-08-10,Vegetables,Chilly Round Green,Chillies & Spicy,India,,,,9.5,,,,,Active
2026-08-10,Vegetables,Ginger,Chillies & Spicy,China,1kg,,8.0,,,8.0,,Rawabi,Active
2026-08-10,Vegetables,Ginger,Chillies & Spicy,Uganda,1kg,,19.0,,,19.0,,Rawabi,Active
2026-08-10,Vegetables,Ginger,Chillies & Spicy,China,250g,,2.0,,,8.0,,Rawabi,Active
2026-08-10,Vegetables,Ginger,Chillies & Spicy,Uganda,250g,,4.75,,,19.0,,Rawabi,Active
2026-08-10,Vegetables,Green Chilly By Air,Chillies & Spicy,India,1kg,,17.0,,,17.0,,Rawabi,Active
2026-08-10,Vegetables,Green Chilly By Air,Chillies & Spicy,India,250g,,5.0,,,20.0,,Rawabi,Active
2026-08-10,Vegetables,Hot Pepper Mix,Chillies & Spicy,Uganda,1kg,,32.5,,,32.5,,Rawabi,Active
2026-08-10,Vegetables,Hot Pepper Mix,Chillies & Spicy,Uganda,250g,,8.25,,,33.0,,Rawabi,Active
2026-08-10,Vegetables,Jalapeno Hot Red Pepper,Chillies & Spicy,Usa,,,,65.0,,,,,Active
2026-08-10,Vegetables,Jalapeno Peppers,Chillies & Spicy,,,,,16.25,,,,,Active
2026-08-10,Vegetables,Zucchini,Courgettes & Artichoke,Jordan,1kg,,6.0,,,6.0,,Rawabi,Active
2026-08-10,Vegetables,Cucumber Mazra Doha,Cucumber,,1kg,,7.5,,,7.5,,Rawabi,Active
2026-08-10,Vegetables,Cucumber Premium Doha,Cucumber,,1kg,,7.5,,,7.5,,Rawabi,Active
2026-08-10,Vegetables,Vellary Indian,Cucumber,India,1kg,,,17.5,,,17.5,Family,Active
2026-08-10,Vegetables,Yellow Cucumber,Cucumber,India,1kg,,15.75,,,15.75,,Rawabi,Active
2026-08-10,Vegetables,Garlic,Garlic,China,1kg,,8.0,,,8.0,,Rawabi,Active
2026-08-10,Vegetables,Garlic,Garlic,China,250g,,2.0,,,8.0,,Rawabi,Active
2026-08-10,Vegetables,Garlic Packet Big,Garlic,China,,,9.0,,,,,,Active
2026-08-10,Vegetables,Garlic Small Pkt ( ),Garlic,China,,,4.5,,,,,,Active
2026-08-10,Vegetables,Peeled Garlic,Garlic,,250g,,,8.5,,,34.0,Family,Active
2026-08-10,Vegetables,Ashgourd,Gourds,Oman,1kg,,5.75,,,5.75,,Rawabi,Active
2026-08-10,Vegetables,Bitter Gourd,Gourds,India,1kg,,17.0,,,17.0,,Rawabi,Active
2026-08-10,Vegetables,Bottle Gourd Doha,Gourds,,1kg,,6.5,,,6.5,,Rawabi,Active
2026-08-10,Vegetables,Ivy Gourd (Kovakka) Indian,Gourds,India,1kg,,16.5,,,16.5,,Rawabi,Active
2026-08-10,Vegetables,Ridge Gourd,Gourds,India,1kg,,17.0,,,17.0,,Rawabi,Active
2026-08-10,Vegetables,Snake Gourd,Gourds,India,,,,9.25,,,,,Active
2026-08-10,Vegetables,Snake Gourd,Gourds,India,1kg,,17.0,,,17.0,,Rawabi,Active
2026-08-10,Vegetables,Baby Fennel Africa-Packet,Herbs,,,,22.5,,,,,,Active
2026-08-10,Vegetables,Celery Stick,Herbs,Spain,1kg,,35.0,,,35.0,,Rawabi,Active
2026-08-10,Vegetables,Celery Stick,Herbs,Spain,250g,,8.75,,,35.0,,Rawabi,Active
2026-08-10,Vegetables,Curry Leaves,Herbs,Uganda,,,35.0,,,,,,Active
2026-08-10,Vegetables,Green Basil ( ),Herbs,Kenya,,,,16.0,,,,,Active
2026-08-10,Vegetables,Lemon Grass,Herbs,,,,,4.5,,,,,Active
2026-08-10,Vegetables,Mint Leaves -Packet,Herbs,Jordan,,,3.5,,,,,,Active
2026-08-10,Vegetables,Parsley Leaves 1 Bunch,Herbs,Saudi,,,2.0,,,,,,Active
2026-08-10,Vegetables,Rosemary,Herbs,Kenya,1.0pc,,12.0,,,12000.0,,Rawabi,Active
2026-08-10,Vegetables,Lady Finger,Lady Finger,India,1kg,,17.0,,,17.0,,Rawabi,Active
2026-08-10,Vegetables,Arugula (Jerjir)Leaves Doha,Leafy Vegetables,,500g,,3.75,,,7.5,,Rawabi,Active
2026-08-10,Vegetables,Arugula (Jerjir)Leaves Doha 1 Bunch,Leafy Vegetables,,,,7.5,,,,,,Active
2026-08-10,Vegetables,Kangkong Doha,Leafy Vegetables,,1.0pc,,4.0,,,4000.0,,Rawabi,Active
2026-08-10,Vegetables,Lettuce,Leafy Vegetables,Jordan,1kg,,4.0,,,4.0,,Rawabi,Active
2026-08-10,Vegetables,Lettuce,Leafy Vegetables,Jordan,500g,,1.75,,,3.5,,Rawabi,Active
2026-08-10,Vegetables,Lettuce Gem Tray,Leafy Vegetables,Spain,,,,15.0,,,,,Active
2026-08-10,Vegetables,Lettuce Ice Berge,Leafy Vegetables,Spain,1kg,,38.0,,,38.0,,Rawabi,Active
2026-08-10,Vegetables,Lettuce Ice Berge,Leafy Vegetables,Spain,250g,,9.5,,,38.0,,Rawabi,Active
2026-08-10,Vegetables,Molokhia Doha,Leafy Vegetables,,,,4.5,,,,,,Active
2026-08-10,Vegetables,Molokhia Doha,Leafy Vegetables,,250g,,1.25,,,5.0,,Rawabi,Active
2026-08-10,Vegetables,Red Spinach Doha 1 Bunch,Leafy Vegetables,,,,3.5,,,,,,Active
2026-08-10,Vegetables,Leeks,Leeks/Spring Onions,Holland,1kg,,34.0,,,34.0,,Rawabi,Active
2026-08-10,Vegetables,Leeks,Leeks/Spring Onions,Holland,250g,,8.5,,,34.0,,Rawabi,Active
2026-08-10,Vegetables,Mushroom Brown Doha-Packet,Mushrooms,,,,8.5,,,,,,Active
2026-08-10,Vegetables,Mushroom Slice Doha-Packet,Mushrooms,,,,8.5,,,,,,Active
2026-08-10,Vegetables,Mushroom White Doha-Packet,Mushrooms,,,,7.0,,,,,,Active
2026-08-10,Vegetables,Onion Big,Onion,India,1kg,,4.0,,,4.0,,Rawabi,Active
2026-08-10,Vegetables,Onion Medium Bag,Onion,India,,,16.0,,,,,,Active
2026-08-10,Vegetables,Onion Small,Onion,India,1kg,,18.5,,,18.5,,Rawabi,Active
2026-08-10,Vegetables,Onion Small Bag,Onion,India,,,11.0,,,,,,Active
2026-08-10,Vegetables,Onion White,Onion,Spain,1kg,,10.0,,,10.0,,Rawabi,Active
2026-08-10,Vegetables,Bagal Leaves,Other Vegetables,,1.0pc,,8.0,,,8000.0,,Rawabi,Active
2026-08-10,Vegetables,Colacasia,Other Vegetables,India,1kg,,17.0,,,17.0,,Rawabi,Active
2026-08-10,Vegetables,Drumstick,Other Vegetables,India,1kg,,19.5,,,19.5,,Rawabi,Active
2026-08-10,Vegetables,Eggplant,Other Vegetables,Holland,,,,28.0,,,,,Active
2026-08-10,Vegetables,Eggplant Premium,Other Vegetables,Oman,1kg,,7.75,,,7.75,,Rawabi,Active
2026-08-10,Vegetables,Green Spianch Doha 1 Bunch,Other Vegetables,,,,3.5,,,,,,Active
2026-08-10,Vegetables,Lollo Bioanda,Other Vegetables,Holland,1kg,,16.0,,,16.0,,Rawabi,Active
2026-08-10,Vegetables,Lollo Bioanda,Other Vegetables,Holland,250g,,4.0,,,16.0,,Rawabi,Active
2026-08-10,Vegetables,Longan -Packet,Other Vegetables,Thailand,,,24.0,,,,,,Active
2026-08-10,Vegetables,Palak Doha Pc,Other Vegetables,,,,3.0,,,,,,Active
2026-08-10,Vegetables,Rambutan -Packet,Other Vegetables,Thailand,,,25.0,,,,,,Active
2026-08-10,Vegetables,Beans,Peas & Beans,India,1kg,,19.0,,,19.0,,Rawabi,Active
2026-08-10,Vegetables,Aravi Big,Potatoes & Starchy Vegetables,India,,,,9.0,,,,,Active
2026-08-10,Vegetables,Potato,Potatoes & Starchy Vegetables,Egypt,1kg,,3.5,,,3.5,,Rawabi,Active
2026-08-10,Vegetables,Potato Bag,Potatoes & Starchy Vegetables,Pakistan,,,8.0,,,,,,Active
2026-08-10,Vegetables,Potato Syria,Potatoes & Starchy Vegetables,,1kg,,3.0,,,3.0,,Rawabi,Active
2026-08-10,Vegetables,Sweet Potato,Potatoes & Starchy Vegetables,Usa,,,,15.5,,,,,Active
2026-08-10,Vegetables,Sweet Potato By Air,Potatoes & Starchy Vegetables,Uganda,1kg,,20.0,,,20.0,,Rawabi,Active
2026-08-10,Vegetables,Yam,Potatoes & Starchy Vegetables,India,1kg,,12.75,,,12.75,,Rawabi,Active
2026-08-10,Vegetables,Butter Nut Pumpkin Africa,Pumpkin,,1kg,,8.5,,,8.5,,Rawabi,Active
2026-08-10,Vegetables,Disco Pumpkin,Pumpkin,India,1kg,,16.0,,,16.0,,Rawabi,Active
2026-08-10,Vegetables,Pumpkin,Pumpkin,Oman,1kg,,4.75,,,4.75,,Rawabi,Active
2026-08-10,Vegetables,Pumpkin Mathan Green,Pumpkin,India,,,,18.0,,,,,Active
2026-08-10,Vegetables,Radish Red -Packet,Raddish,Holland,,,5.5,,,,,,Active
2026-08-10,Vegetables,Red Radish,Raddish,Holland,1kg,,30.0,32.0,,30.0,32.0,Rawabi,Active
2026-08-10,Vegetables,Cherry Tomato -Packet,Tomato,Morocco,,,12.0,,,,,,Active
2026-08-10,Vegetables,Tomato Green House,Tomato,Jordan,1kg,,5.75,,,5.75,,Rawabi,Active
2026-08-10,Vegetables,Tomato Green House Syria,Tomato,,1kg,,3.75,,,3.75,,Rawabi,Active
2026-08-10,Vegetables,Turmeric,Turmeric,India,,,,3.5,,,,,Active
2026-08-10,Vegetables,Turmeric,Turmeric,India,1kg,,17.0,,,17.0,,Rawabi,Active
2026-08-10,Vegetables,Turmeric,Turmeric,India,250g,,4.25,,,17.0,,Rawabi,Active
2026-08-10,Fruits,Physalis,Berries,,125g,,,,,,,,Market Out
2026-08-10,Fruits,Orange Valencia,Citrus Fruits,Egypt,1kg,,,,,,,,Market Out
2026-08-10,Fruits,Pomegranate -Carton,Pomegranates,India,,,,,,,,,Market Out
2026-08-10,Vegetables,Lettuce Iceberg,Leafy Vegetables,,,,,,,,,,Market Out
2026-08-10,Vegetables,Red Chard Mix,Leafy Vegetables,Italy,125g,,,,,,,,Market Out
2026-08-10,Vegetables,Rocket Leaves,Leafy Vegetables,Italy,125g,,,,,,,,Market Out
2026-08-10,Vegetables,Tapioca,Potatoes & Starchy Vegetables,Sri Lanka,,,,,,,,,Market Out
2026-08-10,Vegetables,White Pumpkin,Pumpkin,Qatar,,,,,,,,,Market Out
2026-08-10,Vegetables,Arigni Green Gram Sprouts,Sprouts,,200g,,,,,,,,Market Out
2026-08-10,Vegetables,Tomato Tommys Pkt ( ),Tomato,Spain,500g,,,,,,,,Market Out
2026-08-10,Vegetables,Tomatoes Cherry Plum,Tomato,,250g,,,,,,,,Market Out
2026-08-09,Fruits,Apple Africa,Apples,,1kg,,11.0,,,11.0,,Rawabi,Active
2026-08-09,Fruits,Apple Gala,Apples,France,1kg,,11.0,,,11.0,,Rawabi,Active
2026-08-09,Fruits,Apple Golden,Apples,Italy,1kg,,12.0,,,12.0,,Rawabi,Active
2026-08-09,Fruits,Apple Green,Apples,Spain,1kg,,11.0,,,11.0,,Rawabi,Active
2026-08-09,Fruits,Apple Red,Apples,Usa,1kg,,14.5,,,14.5,,Rawabi,Active
2026-08-09,Fruits,Apple Ukraine,Apples,,1kg,,10.0,,,10.0,,Rawabi,Active
2026-08-09,Fruits,Pineapple,Apples,India,1kg,,17.0,,,17.0,,Rawabi,Active
2026-08-09,Fruits,Pineapple Golden,Apples,Kenya,1kg,,13.5,,,13.5,,Rawabi,Active
2026-08-09,Fruits,Avocado,Avocado,Uganda,1kg,,18.0,,,18.0,,Rawabi,Active
2026-08-09,Fruits,Avocado Hass,Avocado,Uganda,1kg,,25.0,,,25.0,,Rawabi,Active
2026-08-09,Fruits,Banana,Banana,Philippines,1kg,,7.5,,,7.5,,Rawabi,Active
2026-08-09,Fruits,Banana,Banana,Ecuador,1kg,,7.5,,,7.5,,Rawabi,Active
2026-08-09,Fruits,Banana Flower,Banana,,1kg,,17.0,,,17.0,,Rawabi,Active
2026-08-09,Fruits,Banana Yellow,Banana,India,1kg,,12.75,,,12.75,,Rawabi,Active
2026-08-09,Fruits,Kadali Banana By Air,Banana,India,1kg,,17.5,,,17.5,,Rawabi,Active
2026-08-09,Fruits,Kadhali Banana,Banana,India,1kg,,16.0,,,16.0,,Rawabi,Active
2026-08-09,Fruits,Black Berry -Packet,Berries,Morocco,,,24.5,,,,,,Active
2026-08-09,Fruits,Blackberry -Packet,Berries,Usa,,,24.0,,,,,,Active
2026-08-09,Fruits,Blueberry -Packet,Berries,Morocco,,,13.0,,,,,,Active
2026-08-09,Fruits,Physalis,Berries,,125g,,,13.0,,,104.0,Family,Active
2026-08-09,Fruits,Raspberry Africa Packet,Berries,,,,26.0,,,,,,Active
2026-08-09,Fruits,Lemon Africa,Citrus Fruits,,1kg,,8.5,,,8.5,,Rawabi,Active
2026-08-09,Fruits,Lemon Africa,Citrus Fruits,,250g,,2.25,,,9.0,,Rawabi,Active
2026-08-09,Fruits,Lime,Citrus Fruits,Vietnam,1kg,,8.5,,,8.5,,Rawabi,Active
2026-08-09,Fruits,Lime,Citrus Fruits,Vietnam,250g,,2.5,,,10.0,,Rawabi,Active
2026-08-09,Fruits,Mandarin,Citrus Fruits,China,1kg,,13.5,,,13.5,,Rawabi,Active
2026-08-09,Fruits,Mandarine Nadarcott,Citrus Fruits,Egypt,1kg,,8.5,,,8.5,,Rawabi,Active
2026-08-09,Fruits,Orange Navel Africa,Citrus Fruits,,1kg,,7.5,,,7.5,,Rawabi,Active
2026-08-09,Fruits,Orange Valencia,Citrus Fruits,Egypt,1kg,,4.75,,,4.75,,Rawabi,Active
2026-08-09,Fruits,Coconut,Coconut,India,1.0pc,,3.0,,,3000.0,,Rawabi,Active
2026-08-09,Fruits,Coconut Grated,Coconut,India,1.0pc,,3.5,,,3500.0,,Rawabi,Active
2026-08-09,Fruits,Coconut Young,Coconut,Sri Lanka,1.0pc,,9.75,,,9750.0,,Rawabi,Active
2026-08-09,Fruits,Grapefruit Africa,Grapes,,1kg,,7.5,,,7.5,,Rawabi,Active
2026-08-09,Fruits,Grapes Red -Packet,Grapes,India,,,9.0,,,,,,Active
2026-08-09,Fruits,Grapes White,Grapes,Australia,1kg,,50.0,,,50.0,,Rawabi,Active
2026-08-09,Fruits,Grapes White,Grapes,Australia,500g,,25.0,,,50.0,,Rawabi,Active
2026-08-09,Fruits,Green Banana,Green Banana,Uganda,1kg,,17.75,,,17.75,,Rawabi,Active
2026-08-09,Fruits,Green Banana,Green Banana,India,1kg,,12.0,,,12.0,,Rawabi,Active
2026-08-09,Fruits,Kiwi Gold New Zealand,Kiwi,,1kg,,55.0,,,55.0,,Rawabi,Active
2026-08-09,Fruits,Kiwi Gold New Zealand,Kiwi,,250g,,15.0,,,60.0,,Rawabi,Active
2026-08-09,Fruits,Kiwi Greece,Kiwi,,1kg,,28.0,,,28.0,,Rawabi,Active
2026-08-09,Fruits,Mango Badami Air,Mangoes,India,1kg,,18.0,,,18.0,,Rawabi,Active
2026-08-09,Fruits,Mango Galbetor Yeman,Mangoes,,1kg,,13.5,,,13.5,,Rawabi,Active
2026-08-09,Fruits,Mango Yemen Cartoon,Mangoes,,,,35.0,,,,,,Active
2026-08-09,Fruits,Mangosteen Packet,Mangoes,Thailand,,,25.0,,,,,,Active
2026-08-09,Fruits,Water Melon,Melons,Jordan,1kg,,3.0,,,3.0,,Rawabi,Active
2026-08-09,Fruits,Papaya,Papaya,Sri Lanka,1kg,,17.5,,,17.5,,Rawabi,Active
2026-08-09,Fruits,Plums Red Africa,Plums,,1kg,,15.5,,,15.5,,Rawabi,Active
2026-08-09,Fruits,Pomegranate,Pomegranates,India,1kg,,21.0,,,21.0,,Rawabi,Active
2026-08-09,Fruits,Pomegranate,Pomegranates,India,500g,,10.5,,,21.0,,Rawabi,Active
2026-08-09,Fruits,Pomegranate,Pomegranates,Peru,1kg,,21.0,,,21.0,,Rawabi,Active
2026-08-09,Fruits,Pomegranate -Carton,Pomegranates,India,,,24.0,,,,,,Active
2026-08-09,Vegetables,Asparagus Jumbo,Asparagus,,,,,30.0,,,,,Active
2026-08-09,Vegetables,Beetroot,Beetroot,Oman,1kg,,6.5,,,6.5,,Rawabi,Active
2026-08-09,Vegetables,Beetroot Cooked,Beetroot,,500g,,,22.0,,,44.0,Family,Active
2026-08-09,Vegetables,Broccoli,Cabbage & Broccoli,Spain,1kg,,20.0,,,20.0,,Rawabi,Active
2026-08-09,Vegetables,Broccoli,Cabbage & Broccoli,Spain,500g,,10.0,,,20.0,,Rawabi,Active
2026-08-09,Vegetables,Cabbage,Cabbage & Broccoli,Oman,1kg,,3.0,,,3.0,,Rawabi,Active
2026-08-09,Vegetables,Cauliflower Mazra Doha,Cabbage & Broccoli,,1kg,,7.0,,,7.0,,Rawabi,Active
2026-08-09,Vegetables,Capsicum,Capsicum,Holland,1kg,,22.0,,,22.0,,Rawabi,Active
2026-08-09,Vegetables,Capsicum,Capsicum,Holland,500g,,17.5,,,35.0,,Rawabi,Active
2026-08-09,Vegetables,Capsicum 4Color (Packet),Capsicum,Holland,,,22.0,,,,,,Active
2026-08-09,Vegetables,Capsicum Green,Capsicum,Jordan,1kg,,5.0,,,5.0,,Rawabi,Active
2026-08-09,Vegetables,Capsicum Green,Capsicum,Jordan,500g,,2.5,,,5.0,,Rawabi,Active
2026-08-09,Vegetables,Capsicum Mix Pkt,Capsicum,Holland,4.0pcs,,,20.0,,,5000.0,Family,Active
2026-08-09,Vegetables,Carrot,Carrots,Australia,1kg,,7.0,,,7.0,,Rawabi,Active
2026-08-09,Vegetables,Carrot,Carrots,Australia,500g,,3.5,,,7.0,,Rawabi,Active
2026-08-09,Vegetables,Chayote,Chayote,India,1kg,,16.0,,,16.0,,Rawabi,Active
2026-08-09,Vegetables,Chilli,Chillies & Spicy,Uganda,1kg,,19.5,,,19.5,,Rawabi,Active
2026-08-09,Vegetables,Chilli,Chillies & Spicy,Uganda,250g,,5.0,,,20.0,,Rawabi,Active
2026-08-09,Vegetables,Chilly Red,Chillies & Spicy,Holland,,,,15.0,,,,,Active
2026-08-09,Vegetables,Chilly Round Green,Chillies & Spicy,India,,,,9.5,,,,,Active
2026-08-09,Vegetables,Ginger,Chillies & Spicy,China,1kg,,8.0,,,8.0,,Rawabi,Active
2026-08-09,Vegetables,Ginger,Chillies & Spicy,Uganda,1kg,,19.0,,,19.0,,Rawabi,Active
2026-08-09,Vegetables,Ginger,Chillies & Spicy,China,250g,,2.0,,,8.0,,Rawabi,Active
2026-08-09,Vegetables,Ginger,Chillies & Spicy,Uganda,250g,,4.75,,,19.0,,Rawabi,Active
2026-08-09,Vegetables,Green Chilly By Air,Chillies & Spicy,India,1kg,,17.0,,,17.0,,Rawabi,Active
2026-08-09,Vegetables,Green Chilly By Air,Chillies & Spicy,India,250g,,5.0,,,20.0,,Rawabi,Active
2026-08-09,Vegetables,Hot Pepper Mix,Chillies & Spicy,Uganda,1kg,,32.5,,,32.5,,Rawabi,Active
2026-08-09,Vegetables,Hot Pepper Mix,Chillies & Spicy,Uganda,250g,,8.25,,,33.0,,Rawabi,Active
2026-08-09,Vegetables,Jalapeno Peppers,Chillies & Spicy,,,,,16.25,,,,,Active
2026-08-09,Vegetables,Zucchini,Courgettes & Artichoke,Jordan,1kg,,6.0,,,6.0,,Rawabi,Active
2026-08-09,Vegetables,Cucumber Mazra Doha,Cucumber,,1kg,,7.5,,,7.5,,Rawabi,Active
2026-08-09,Vegetables,Cucumber Premium Doha,Cucumber,,1kg,,7.5,,,7.5,,Rawabi,Active
2026-08-09,Vegetables,Yellow Cucumber,Cucumber,India,1kg,,15.75,,,15.75,,Rawabi,Active
2026-08-09,Vegetables,Garlic,Garlic,China,1kg,,8.0,,,8.0,,Rawabi,Active
2026-08-09,Vegetables,Garlic,Garlic,China,250g,,2.0,,,8.0,,Rawabi,Active
2026-08-09,Vegetables,Garlic Packet Big,Garlic,China,,,9.0,,,,,,Active
2026-08-09,Vegetables,Garlic Small Pkt ( ),Garlic,China,,,4.5,,,,,,Active
2026-08-09,Vegetables,Ashgourd,Gourds,Oman,1kg,,5.75,,,5.75,,Rawabi,Active
2026-08-09,Vegetables,Bitter Gourd,Gourds,India,1kg,,17.0,,,17.0,,Rawabi,Active
2026-08-09,Vegetables,Bottle Gourd Doha,Gourds,,1kg,,6.5,,,6.5,,Rawabi,Active
2026-08-09,Vegetables,Ridge Gourd,Gourds,India,1kg,,17.0,,,17.0,,Rawabi,Active
2026-08-09,Vegetables,Snake Gourd,Gourds,India,1kg,,17.0,,,17.0,,Rawabi,Active
2026-08-09,Vegetables,Baby Fennel Africa-Packet,Herbs,,,,22.5,,,,,,Active
2026-08-09,Vegetables,Celery Stick,Herbs,Spain,1kg,,35.0,,,35.0,,Rawabi,Active
2026-08-09,Vegetables,Celery Stick,Herbs,Spain,250g,,8.75,,,35.0,,Rawabi,Active
2026-08-09,Vegetables,Curry Leaves,Herbs,Uganda,,,35.0,,,,,,Active
2026-08-09,Vegetables,Green Basil ( ),Herbs,Kenya,,,,16.0,,,,,Active
2026-08-09,Vegetables,Mint Leaves -Packet,Herbs,Jordan,,,3.5,,,,,,Active
2026-08-09,Vegetables,Parsley Leaves 1 Bunch,Herbs,Saudi,,,2.0,,,,,,Active
2026-08-09,Vegetables,Rosemary,Herbs,Kenya,1.0pc,,12.0,,,12000.0,,Rawabi,Active
2026-08-09,Vegetables,Lady Finger,Lady Finger,India,1kg,,17.0,,,17.0,,Rawabi,Active
2026-08-09,Vegetables,Arugula (Jerjir)Leaves Doha,Leafy Vegetables,,500g,,3.75,,,7.5,,Rawabi,Active
2026-08-09,Vegetables,Arugula (Jerjir)Leaves Doha 1 Bunch,Leafy Vegetables,,,,7.5,,,,,,Active
2026-08-09,Vegetables,Kangkong Doha,Leafy Vegetables,,1.0pc,,4.0,,,4000.0,,Rawabi,Active
2026-08-09,Vegetables,Lettuce,Leafy Vegetables,Jordan,1kg,,4.5,,,4.5,,Rawabi,Active
2026-08-09,Vegetables,Lettuce,Leafy Vegetables,Jordan,500g,,1.75,,,3.5,,Rawabi,Active
2026-08-09,Vegetables,Lettuce Gem Tray,Leafy Vegetables,Spain,,,,15.0,,,,,Active
2026-08-09,Vegetables,Lettuce Ice Berge,Leafy Vegetables,Spain,1kg,,38.0,,,38.0,,Rawabi,Active
2026-08-09,Vegetables,Lettuce Ice Berge,Leafy Vegetables,Spain,250g,,9.5,,,38.0,,Rawabi,Active
2026-08-09,Vegetables,Lettuce Iceberg,Leafy Vegetables,,,,,25.0,,,,,Active
2026-08-09,Vegetables,Molokhia Doha,Leafy Vegetables,,,,4.5,,,,,,Active
2026-08-09,Vegetables,Molokhia Doha,Leafy Vegetables,,250g,,1.25,,,5.0,,Rawabi,Active
2026-08-09,Vegetables,Red Chard Mix,Leafy Vegetables,Italy,125g,,,10.0,,,80.0,Family,Active
2026-08-09,Vegetables,Red Spinach Doha 1 Bunch,Leafy Vegetables,,,,3.5,,,,,,Active
2026-08-09,Vegetables,Rocket Leaves,Leafy Vegetables,Italy,125g,,,15.0,,,120.0,Family,Active
2026-08-09,Vegetables,Leeks,Leeks/Spring Onions,Holland,1kg,,34.0,,,34.0,,Rawabi,Active
2026-08-09,Vegetables,Leeks,Leeks/Spring Onions,Holland,250g,,8.5,,,34.0,,Rawabi,Active
2026-08-09,Vegetables,Mushroom Brown Doha-Packet,Mushrooms,,,,8.5,,,,,,Active
2026-08-09,Vegetables,Mushroom Slice Doha-Packet,Mushrooms,,,,8.5,,,,,,Active
2026-08-09,Vegetables,Mushroom White Doha-Packet,Mushrooms,,,,7.0,,,,,,Active
2026-08-09,Vegetables,Onion Big,Onion,India,1kg,,4.0,,,4.0,,Rawabi,Active
2026-08-09,Vegetables,Onion Medium Bag,Onion,India,,,16.0,,,,,,Active
2026-08-09,Vegetables,Onion Small,Onion,India,1kg,,18.5,,,18.5,,Rawabi,Active
2026-08-09,Vegetables,Onion Small Bag,Onion,,,,,8.75,,,,,Active
2026-08-09,Vegetables,Onion Small Bag,Onion,India,,,11.0,,,,,,Active
2026-08-09,Vegetables,Onion White,Onion,Spain,1kg,,10.0,,,10.0,,Rawabi,Active
2026-08-09,Vegetables,Bagal Leaves,Other Vegetables,,1.0pc,,8.0,,,8000.0,,Rawabi,Active
2026-08-09,Vegetables,Colacasia,Other Vegetables,India,1kg,,17.0,,,17.0,,Rawabi,Active
2026-08-09,Vegetables,Drumstick,Other Vegetables,India,1kg,,19.5,,,19.5,,Rawabi,Active
2026-08-09,Vegetables,Eggplant,Other Vegetables,Holland,,,,28.0,,,,,Active
2026-08-09,Vegetables,Eggplant Premium,Other Vegetables,Oman,1kg,,7.75,,,7.75,,Rawabi,Active
2026-08-09,Vegetables,Green Spianch Doha 1 Bunch,Other Vegetables,,,,3.5,,,,,,Active
2026-08-09,Vegetables,Lollo Bioanda,Other Vegetables,Holland,1kg,,16.0,,,16.0,,Rawabi,Active
2026-08-09,Vegetables,Lollo Bioanda,Other Vegetables,Holland,250g,,4.0,,,16.0,,Rawabi,Active
2026-08-09,Vegetables,Longan -Packet,Other Vegetables,Thailand,,,24.0,,,,,,Active
2026-08-09,Vegetables,Palak Doha Pc,Other Vegetables,,,,3.0,,,,,,Active
2026-08-09,Vegetables,Rambutan -Packet,Other Vegetables,Thailand,,,25.0,,,,,,Active
2026-08-09,Vegetables,Beans,Peas & Beans,India,1kg,,19.0,,,19.0,,Rawabi,Active
2026-08-09,Vegetables,Aravi Big,Potatoes & Starchy Vegetables,India,,,,9.0,,,,,Active
2026-08-09,Vegetables,Potato,Potatoes & Starchy Vegetables,Egypt,1kg,,3.5,,,3.5,,Rawabi,Active
2026-08-09,Vegetables,Potato Bag,Potatoes & Starchy Vegetables,Pakistan,,,8.0,,,,,,Active
2026-08-09,Vegetables,Potato Syria,Potatoes & Starchy Vegetables,,1kg,,3.0,,,3.0,,Rawabi,Active
2026-08-09,Vegetables,Sweet Potato By Air,Potatoes & Starchy Vegetables,Uganda,1kg,,20.0,,,20.0,,Rawabi,Active
2026-08-09,Vegetables,Tapioca,Potatoes & Starchy Vegetables,Sri Lanka,,,,9.0,,,,,Active
2026-08-09,Vegetables,Yam,Potatoes & Starchy Vegetables,India,1kg,,12.75,,,12.75,,Rawabi,Active
2026-08-09,Vegetables,Butter Nut Pumpkin Africa,Pumpkin,,1kg,,8.5,,,8.5,,Rawabi,Active
2026-08-09,Vegetables,Disco Pumpkin,Pumpkin,India,1kg,,16.0,,,16.0,,Rawabi,Active
2026-08-09,Vegetables,Pumpkin,Pumpkin,Oman,1kg,,4.75,,,4.75,,Rawabi,Active
2026-08-09,Vegetables,White Pumpkin,Pumpkin,Qatar,,,,7.0,,,,,Active
2026-08-09,Vegetables,Radish Red -Packet,Raddish,Holland,,,5.5,,,,,,Active
2026-08-09,Vegetables,Red Radish,Raddish,Holland,1kg,,30.0,,,30.0,,Rawabi,Active
2026-08-09,Vegetables,Arigni Green Gram Sprouts,Sprouts,,200g,,,5.75,,,28.75,Family,Active
2026-08-09,Vegetables,Cherry Tomato -Packet,Tomato,Morocco,,,12.0,,,,,,Active
2026-08-09,Vegetables,Tomato Green House,Tomato,Jordan,1kg,,5.75,,,5.75,,Rawabi,Active
2026-08-09,Vegetables,Tomato Green House Syria,Tomato,,1kg,,3.75,,,3.75,,Rawabi,Active
2026-08-09,Vegetables,Tomato Tommys Pkt ( ),Tomato,Spain,500g,,,44.0,,,88.0,Family,Active
2026-08-09,Vegetables,Tomatoes Cherry Plum,Tomato,,250g,,,20.0,,,80.0,Family,Active
2026-08-09,Vegetables,Turmeric,Turmeric,India,1kg,,17.0,,,17.0,,Rawabi,Active
2026-08-09,Vegetables,Turmeric,Turmeric,India,250g,,4.25,,,17.0,,Rawabi,Active
2026-08-09,Fruits,Grape White Packet,Grapes,Egypt,1kg,,,,,,,,Market Out
2026-08-09,Fruits,Sweet Melon,Melons,Jordan,1kg,,,,,,,,Market Out
2026-08-09,Fruits,Papaya Green,Papaya,India,,,,,,,,,Market Out
2026-08-09,Vegetables,Cabbage Sliced,Cabbage & Broccoli,,1kg,,,,,,,,Market Out
2026-08-09,Vegetables,Capsicum Orange,Capsicum,Holland,,,,,,,,,Market Out
2026-08-09,Vegetables,Capsicum Red,Capsicum,Holland,,,,,,,,,Market Out
2026-08-09,Vegetables,Pinakbet Mixed,Combo Pack,,1kg,,,,,,,,Market Out
2026-08-09,Vegetables,Ivy Gourd (Kovakka) Indian,Gourds,India,1kg,,,,,,,,Market Out
2026-08-09,Vegetables,Celery,Herbs,Spain,,,,,,,,,Market Out
2026-08-09,Vegetables,Mushroom Slice,Mushrooms,Qatar,,,,,,,,,Market Out
2026-08-09,Vegetables,Sweet Potato,Potatoes & Starchy Vegetables,Uganda,,,,,,,,,Market Out
2026-08-09,Vegetables,Sweet Potato,Potatoes & Starchy Vegetables,Usa,,,,,,,,,Market Out
2026-08-09,Vegetables,Tomato Cherry Red Vine,Tomato,,,,,,,,,,Market Out
2026-08-08,Fruits,Apple Africa,Apples,,1kg,,11.0,,,11.0,,Rawabi,Active
2026-08-08,Fruits,Apple Gala,Apples,France,1kg,,11.0,,,11.0,,Rawabi,Active
2026-08-08,Fruits,Apple Golden,Apples,Italy,1kg,,12.0,,,12.0,,Rawabi,Active
2026-08-08,Fruits,Apple Green,Apples,Spain,1kg,,11.0,,,11.0,,Rawabi,Active
2026-08-08,Fruits,Apple Red,Apples,Usa,1kg,,14.5,,,14.5,,Rawabi,Active
2026-08-08,Fruits,Apple Ukraine,Apples,,1kg,,10.0,,,10.0,,Rawabi,Active
2026-08-08,Fruits,Pineapple,Apples,India,1kg,,17.0,,,17.0,,Rawabi,Active
2026-08-08,Fruits,Pineapple Golden,Apples,Kenya,1kg,,13.5,,,13.5,,Rawabi,Active
2026-08-08,Fruits,Avocado,Avocado,Uganda,1kg,,18.0,,,18.0,,Rawabi,Active
2026-08-08,Fruits,Avocado Hass,Avocado,Uganda,1kg,,25.0,,,25.0,,Rawabi,Active
2026-08-08,Fruits,Banana,Banana,Philippines,1kg,,7.5,,,7.5,,Rawabi,Active
2026-08-08,Fruits,Banana,Banana,Ecuador,1kg,,7.5,,,7.5,,Rawabi,Active
2026-08-08,Fruits,Banana Flower,Banana,,1kg,,17.0,,,17.0,,Rawabi,Active
2026-08-08,Fruits,Banana Yellow,Banana,India,1kg,,12.75,,,12.75,,Rawabi,Active
2026-08-08,Fruits,Kadali Banana By Air,Banana,India,1kg,,17.5,,,17.5,,Rawabi,Active
2026-08-08,Fruits,Kadhali Banana,Banana,India,1kg,,16.0,,,16.0,,Rawabi,Active
2026-08-08,Fruits,Black Berry -Packet,Berries,Morocco,,,24.5,,,,,,Active
2026-08-08,Fruits,Blackberry -Packet,Berries,Usa,,,24.0,,,,,,Active
2026-08-08,Fruits,Blueberry -Packet,Berries,Morocco,,,13.0,,,,,,Active
2026-08-08,Fruits,Physalis,Berries,,125g,,,13.0,,,104.0,Family,Active
2026-08-08,Fruits,Raspberry Africa Packet,Berries,,,,26.0,,,,,,Active
2026-08-08,Fruits,Lemon Africa,Citrus Fruits,,1kg,,8.5,,,8.5,,Rawabi,Active
2026-08-08,Fruits,Lemon Africa,Citrus Fruits,,250g,,2.25,,,9.0,,Rawabi,Active
2026-08-08,Fruits,Lime,Citrus Fruits,Vietnam,1kg,,8.5,,,8.5,,Rawabi,Active
2026-08-08,Fruits,Lime,Citrus Fruits,Vietnam,250g,,2.5,,,10.0,,Rawabi,Active
2026-08-08,Fruits,Mandarin,Citrus Fruits,China,1kg,,13.5,,,13.5,,Rawabi,Active
2026-08-08,Fruits,Mandarine Nadarcott,Citrus Fruits,Egypt,1kg,,8.5,,,8.5,,Rawabi,Active
2026-08-08,Fruits,Orange Navel Africa,Citrus Fruits,,1kg,,7.5,,,7.5,,Rawabi,Active
2026-08-08,Fruits,Orange Valencia,Citrus Fruits,Egypt,1kg,,4.75,,,4.75,,Rawabi,Active
2026-08-08,Fruits,Coconut,Coconut,India,1.0pc,,3.0,,,3000.0,,Rawabi,Active
2026-08-08,Fruits,Coconut Grated,Coconut,India,1.0pc,,3.5,,,3500.0,,Rawabi,Active
2026-08-08,Fruits,Coconut Young,Coconut,Sri Lanka,1.0pc,,9.75,,,9750.0,,Rawabi,Active
2026-08-08,Fruits,Grape White Packet,Grapes,Egypt,1kg,,16.0,,,16.0,,Rawabi,Active
2026-08-08,Fruits,Grapefruit Africa,Grapes,,1kg,,7.5,,,7.5,,Rawabi,Active
2026-08-08,Fruits,Grapes Red -Packet,Grapes,India,,,9.0,,,,,,Active
2026-08-08,Fruits,Grapes White,Grapes,Australia,1kg,,50.0,,,50.0,,Rawabi,Active
2026-08-08,Fruits,Grapes White,Grapes,Australia,500g,,25.0,,,50.0,,Rawabi,Active
2026-08-08,Fruits,Green Banana,Green Banana,Uganda,1kg,,17.75,,,17.75,,Rawabi,Active
2026-08-08,Fruits,Green Banana,Green Banana,India,1kg,,12.0,,,12.0,,Rawabi,Active
2026-08-08,Fruits,Kiwi Gold New Zealand,Kiwi,,1kg,,55.0,,,55.0,,Rawabi,Active
2026-08-08,Fruits,Kiwi Gold New Zealand,Kiwi,,250g,,15.0,,,60.0,,Rawabi,Active
2026-08-08,Fruits,Kiwi Greece,Kiwi,,1kg,,28.0,,,28.0,,Rawabi,Active
2026-08-08,Fruits,Mango Badami Air,Mangoes,India,1kg,,18.0,,,18.0,,Rawabi,Active
2026-08-08,Fruits,Mango Galbetor Yeman,Mangoes,,1kg,,13.5,,,13.5,,Rawabi,Active
2026-08-08,Fruits,Mango Yemen Cartoon,Mangoes,,,,35.0,,,,,,Active
2026-08-08,Fruits,Mangosteen Packet,Mangoes,Thailand,,,25.0,,,,,,Active
2026-08-08,Fruits,Sweet Melon,Melons,Jordan,1kg,,3.5,,,3.5,,Rawabi,Active
2026-08-08,Fruits,Water Melon,Melons,Jordan,1kg,,3.5,,,3.5,,Rawabi,Active
2026-08-08,Fruits,Papaya,Papaya,Sri Lanka,1kg,,17.5,,,17.5,,Rawabi,Active
2026-08-08,Fruits,Papaya Green,Papaya,India,,,,17.5,,,,,Active
2026-08-08,Fruits,Plums Red Africa,Plums,,1kg,,15.5,,,15.5,,Rawabi,Active
2026-08-08,Fruits,Pomegranate,Pomegranates,India,1kg,,21.0,,,21.0,,Rawabi,Active
2026-08-08,Fruits,Pomegranate,Pomegranates,India,500g,,10.5,,,21.0,,Rawabi,Active
2026-08-08,Fruits,Pomegranate,Pomegranates,Peru,1kg,,21.0,,,21.0,,Rawabi,Active
2026-08-08,Fruits,Pomegranate -Carton,Pomegranates,India,,,24.0,,,,,,Active
2026-08-08,Vegetables,Beetroot,Beetroot,Oman,1kg,,6.5,,,6.5,,Rawabi,Active
2026-08-08,Vegetables,Beetroot Cooked,Beetroot,,500g,,,22.0,,,44.0,Family,Active
2026-08-08,Vegetables,Broccoli,Cabbage & Broccoli,Spain,1kg,,20.0,,,20.0,,Rawabi,Active
2026-08-08,Vegetables,Broccoli,Cabbage & Broccoli,Spain,500g,,10.0,,,20.0,,Rawabi,Active
2026-08-08,Vegetables,Cabbage,Cabbage & Broccoli,Oman,1kg,,4.5,,,4.5,,Rawabi,Active
2026-08-08,Vegetables,Cabbage Sliced,Cabbage & Broccoli,,1kg,,,10.0,,,10.0,Family,Active
2026-08-08,Vegetables,Cauliflower Mazra Doha,Cabbage & Broccoli,,1kg,,7.0,,,7.0,,Rawabi,Active
2026-08-08,Vegetables,Capsicum,Capsicum,Holland,1kg,,22.0,,,22.0,,Rawabi,Active
2026-08-08,Vegetables,Capsicum,Capsicum,Holland,500g,,17.5,,,35.0,,Rawabi,Active
2026-08-08,Vegetables,Capsicum 4Color (Packet),Capsicum,Holland,,,22.0,,,,,,Active
2026-08-08,Vegetables,Capsicum Green,Capsicum,Jordan,1kg,,5.0,,,5.0,,Rawabi,Active
2026-08-08,Vegetables,Capsicum Green,Capsicum,Jordan,500g,,2.5,,,5.0,,Rawabi,Active
2026-08-08,Vegetables,Capsicum Orange,Capsicum,Holland,,,,12.25,,,,,Active
2026-08-08,Vegetables,Capsicum Red,Capsicum,Holland,,,,13.75,,,,,Active
2026-08-08,Vegetables,Carrot,Carrots,Australia,1kg,,7.0,,,7.0,,Rawabi,Active
2026-08-08,Vegetables,Carrot,Carrots,Australia,500g,,3.5,,,7.0,,Rawabi,Active
2026-08-08,Vegetables,Chayote,Chayote,India,1kg,,16.0,,,16.0,,Rawabi,Active
2026-08-08,Vegetables,Chilli,Chillies & Spicy,Uganda,1kg,,19.5,,,19.5,,Rawabi,Active
2026-08-08,Vegetables,Chilli,Chillies & Spicy,Uganda,250g,,5.0,,,20.0,,Rawabi,Active
2026-08-08,Vegetables,Chilly Round Green,Chillies & Spicy,India,,,,9.5,,,,,Active
2026-08-08,Vegetables,Ginger,Chillies & Spicy,China,1kg,,8.0,,,8.0,,Rawabi,Active
2026-08-08,Vegetables,Ginger,Chillies & Spicy,Uganda,1kg,,19.0,,,19.0,,Rawabi,Active
2026-08-08,Vegetables,Ginger,Chillies & Spicy,China,250g,,2.0,,,8.0,,Rawabi,Active
2026-08-08,Vegetables,Ginger,Chillies & Spicy,Uganda,250g,,4.75,,,19.0,,Rawabi,Active
2026-08-08,Vegetables,Green Chilly By Air,Chillies & Spicy,India,1kg,,17.0,,,17.0,,Rawabi,Active
2026-08-08,Vegetables,Green Chilly By Air,Chillies & Spicy,India,250g,,5.0,,,20.0,,Rawabi,Active
2026-08-08,Vegetables,Hot Pepper Mix,Chillies & Spicy,Uganda,1kg,,32.5,,,32.5,,Rawabi,Active
2026-08-08,Vegetables,Hot Pepper Mix,Chillies & Spicy,Uganda,250g,,8.25,,,33.0,,Rawabi,Active
2026-08-08,Vegetables,Jalapeno Peppers,Chillies & Spicy,,,,,16.25,,,,,Active
2026-08-08,Vegetables,Pinakbet Mixed,Combo Pack,,1kg,,,25.0,,,25.0,Family,Active
2026-08-08,Vegetables,Zucchini,Courgettes & Artichoke,Jordan,1kg,,6.0,,,6.0,,Rawabi,Active
2026-08-08,Vegetables,Cucumber Mazra Doha,Cucumber,,1kg,,7.5,,,7.5,,Rawabi,Active
2026-08-08,Vegetables,Cucumber Premium Doha,Cucumber,,1kg,,7.5,,,7.5,,Rawabi,Active
2026-08-08,Vegetables,Yellow Cucumber,Cucumber,India,1kg,,15.75,,,15.75,,Rawabi,Active
2026-08-08,Vegetables,Garlic,Garlic,China,1kg,,8.0,,,8.0,,Rawabi,Active
2026-08-08,Vegetables,Garlic,Garlic,China,250g,,2.0,,,8.0,,Rawabi,Active
2026-08-08,Vegetables,Garlic Packet Big,Garlic,China,,,9.0,,,,,,Active
2026-08-08,Vegetables,Garlic Small Pkt ( ),Garlic,China,,,4.5,,,,,,Active
2026-08-08,Vegetables,Ashgourd,Gourds,Oman,1kg,,5.75,,,5.75,,Rawabi,Active
2026-08-08,Vegetables,Bitter Gourd,Gourds,India,1kg,,17.0,,,17.0,,Rawabi,Active
2026-08-08,Vegetables,Bottle Gourd Doha,Gourds,,1kg,,6.5,,,6.5,,Rawabi,Active
2026-08-08,Vegetables,Ivy Gourd (Kovakka) Indian,Gourds,India,1kg,,16.5,,,16.5,,Rawabi,Active
2026-08-08,Vegetables,Ridge Gourd,Gourds,India,1kg,,17.0,,,17.0,,Rawabi,Active
2026-08-08,Vegetables,Snake Gourd,Gourds,India,1kg,,17.0,,,17.0,,Rawabi,Active
2026-08-08,Vegetables,Baby Fennel Africa-Packet,Herbs,,,,22.5,,,,,,Active
2026-08-08,Vegetables,Celery,Herbs,Spain,,,,20.0,,,,,Active
2026-08-08,Vegetables,Celery Stick,Herbs,Spain,1kg,,35.0,,,35.0,,Rawabi,Active
2026-08-08,Vegetables,Celery Stick,Herbs,Spain,250g,,8.75,,,35.0,,Rawabi,Active
2026-08-08,Vegetables,Curry Leaves,Herbs,Uganda,,,35.0,,,,,,Active
2026-08-08,Vegetables,Green Basil ( ),Herbs,Kenya,,,,16.0,,,,,Active
2026-08-08,Vegetables,Mint Leaves -Packet,Herbs,Jordan,,,3.5,,,,,,Active
2026-08-08,Vegetables,Parsley Leaves 1 Bunch,Herbs,Saudi,,,2.0,,,,,,Active
2026-08-08,Vegetables,Rosemary,Herbs,Kenya,1.0pc,,12.0,,,12000.0,,Rawabi,Active
2026-08-08,Vegetables,Lady Finger,Lady Finger,India,1kg,,17.0,,,17.0,,Rawabi,Active
2026-08-08,Vegetables,Arugula (Jerjir)Leaves Doha,Leafy Vegetables,,500g,,3.75,,,7.5,,Rawabi,Active
2026-08-08,Vegetables,Arugula (Jerjir)Leaves Doha 1 Bunch,Leafy Vegetables,,,,7.5,,,,,,Active
2026-08-08,Vegetables,Kangkong Doha,Leafy Vegetables,,1.0pc,,4.0,,,4000.0,,Rawabi,Active
2026-08-08,Vegetables,Lettuce,Leafy Vegetables,Jordan,1kg,,5.0,,,5.0,,Rawabi,Active
2026-08-08,Vegetables,Lettuce,Leafy Vegetables,Jordan,500g,,1.75,,,3.5,,Rawabi,Active
2026-08-08,Vegetables,Lettuce Ice Berge,Leafy Vegetables,Spain,1kg,,38.0,,,38.0,,Rawabi,Active
2026-08-08,Vegetables,Lettuce Ice Berge,Leafy Vegetables,Spain,250g,,9.5,,,38.0,,Rawabi,Active
2026-08-08,Vegetables,Molokhia Doha,Leafy Vegetables,,,,4.5,,,,,,Active
2026-08-08,Vegetables,Molokhia Doha,Leafy Vegetables,,250g,,1.25,,,5.0,,Rawabi,Active
2026-08-08,Vegetables,Red Spinach Doha 1 Bunch,Leafy Vegetables,,,,3.5,,,,,,Active
2026-08-08,Vegetables,Leeks,Leeks/Spring Onions,Holland,1kg,,34.0,,,34.0,,Rawabi,Active
2026-08-08,Vegetables,Leeks,Leeks/Spring Onions,Holland,250g,,8.5,,,34.0,,Rawabi,Active
2026-08-08,Vegetables,Mushroom Brown Doha-Packet,Mushrooms,,,,8.5,,,,,,Active
2026-08-08,Vegetables,Mushroom Slice,Mushrooms,Qatar,,,,8.5,,,,,Active
2026-08-08,Vegetables,Mushroom Slice Doha-Packet,Mushrooms,,,,8.5,,,,,,Active
2026-08-08,Vegetables,Mushroom White Doha-Packet,Mushrooms,,,,7.0,,,,,,Active
2026-08-08,Vegetables,Onion Big,Onion,India,1kg,,4.0,,,4.0,,Rawabi,Active
2026-08-08,Vegetables,Onion Medium Bag,Onion,India,,,16.0,,,,,,Active
2026-08-08,Vegetables,Onion Small,Onion,India,1kg,,18.5,,,18.5,,Rawabi,Active
2026-08-08,Vegetables,Onion Small Bag,Onion,India,,,11.0,,,,,,Active
2026-08-08,Vegetables,Onion White,Onion,Spain,1kg,,10.0,,,10.0,,Rawabi,Active
2026-08-08,Vegetables,Bagal Leaves,Other Vegetables,,1.0pc,,8.0,,,8000.0,,Rawabi,Active
2026-08-08,Vegetables,Colacasia,Other Vegetables,India,1kg,,17.0,,,17.0,,Rawabi,Active
2026-08-08,Vegetables,Drumstick,Other Vegetables,India,1kg,,19.5,,,19.5,,Rawabi,Active
2026-08-08,Vegetables,Eggplant,Other Vegetables,Holland,,,,28.0,,,,,Active
2026-08-08,Vegetables,Eggplant Premium,Other Vegetables,Oman,1kg,,7.75,,,7.75,,Rawabi,Active
2026-08-08,Vegetables,Green Spianch Doha 1 Bunch,Other Vegetables,,,,3.5,,,,,,Active
2026-08-08,Vegetables,Lollo Bioanda,Other Vegetables,Holland,1kg,,16.0,,,16.0,,Rawabi,Active
2026-08-08,Vegetables,Lollo Bioanda,Other Vegetables,Holland,250g,,4.0,,,16.0,,Rawabi,Active
2026-08-08,Vegetables,Longan -Packet,Other Vegetables,Thailand,,,24.0,,,,,,Active
2026-08-08,Vegetables,Palak Doha Pc,Other Vegetables,,,,3.0,,,,,,Active
2026-08-08,Vegetables,Rambutan -Packet,Other Vegetables,Thailand,,,25.0,,,,,,Active
2026-08-08,Vegetables,Beans,Peas & Beans,India,1kg,,19.0,,,19.0,,Rawabi,Active
2026-08-08,Vegetables,Aravi Big,Potatoes & Starchy Vegetables,India,,,,9.0,,,,,Active
2026-08-08,Vegetables,Potato,Potatoes & Starchy Vegetables,Egypt,1kg,,3.5,,,3.5,,Rawabi,Active
2026-08-08,Vegetables,Potato Bag,Potatoes & Starchy Vegetables,Pakistan,,,8.0,,,,,,Active
2026-08-08,Vegetables,Potato Syria,Potatoes & Starchy Vegetables,,1kg,,3.0,,,3.0,,Rawabi,Active
2026-08-08,Vegetables,Sweet Potato,Potatoes & Starchy Vegetables,Uganda,,,,10.0,,,,,Active
2026-08-08,Vegetables,Sweet Potato,Potatoes & Starchy Vegetables,Usa,,,,15.5,,,,,Active
2026-08-08,Vegetables,Sweet Potato By Air,Potatoes & Starchy Vegetables,Uganda,1kg,,20.0,,,20.0,,Rawabi,Active
2026-08-08,Vegetables,Tapioca,Potatoes & Starchy Vegetables,Sri Lanka,,,,9.0,,,,,Active
2026-08-08,Vegetables,Yam,Potatoes & Starchy Vegetables,India,1kg,,12.75,,,12.75,,Rawabi,Active
2026-08-08,Vegetables,Butter Nut Pumpkin Africa,Pumpkin,,1kg,,8.5,,,8.5,,Rawabi,Active
2026-08-08,Vegetables,Disco Pumpkin,Pumpkin,India,1kg,,16.0,,,16.0,,Rawabi,Active
2026-08-08,Vegetables,Pumpkin,Pumpkin,Oman,1kg,,4.75,,,4.75,,Rawabi,Active
2026-08-08,Vegetables,Radish Red -Packet,Raddish,Holland,,,5.5,,,,,,Active
2026-08-08,Vegetables,Red Radish,Raddish,Holland,1kg,,30.0,,,30.0,,Rawabi,Active
2026-08-08,Vegetables,Arigni Green Gram Sprouts,Sprouts,,200g,,,5.75,,,28.75,Family,Active
2026-08-08,Vegetables,Cherry Tomato -Packet,Tomato,Morocco,,,12.0,,,,,,Active
2026-08-08,Vegetables,Tomato Cherry Red Vine,Tomato,,,,,16.25,,,,,Active
2026-08-08,Vegetables,Tomato Green House,Tomato,Jordan,1kg,,5.75,,,5.75,,Rawabi,Active
2026-08-08,Vegetables,Tomato Green House Syria,Tomato,,1kg,,3.75,,,3.75,,Rawabi,Active
2026-08-08,Vegetables,Tomato Tommys Pkt ( ),Tomato,Spain,500g,,,44.0,,,88.0,Family,Active
2026-08-08,Vegetables,Turmeric,Turmeric,India,1kg,,17.0,,,17.0,,Rawabi,Active
2026-08-08,Vegetables,Turmeric,Turmeric,India,250g,,4.25,,,17.0,,Rawabi,Active
2026-08-08,Fruits,Apple,Apples,China,1kg,,,,,,,,Market Out
2026-08-08,Fruits,Apple Gala Chili,Apples,,1kg,,,,,,,,Market Out
2026-08-08,Fruits,Apple Gala New Zealand Premium,Apples,,1kg,,,,,,,,Market Out
2026-08-08,Fruits,Apple Morgana,Apples,Italy,1kg,,,,,,,,Market Out
2026-08-08,Fruits,Apple New Zealand,Apples,,1kg,,,,,,,,Market Out
2026-08-08,Fruits,Apple Rocket New Zealand,Apples,,1kg,,,,,,,,Market Out
2026-08-08,Fruits,Apple Rocket New Zealand Packet,Apples,,,,,,,,,,Market Out
2026-08-08,Fruits,Baby Apple Africa,Apples,,1kg,,,,,,,,Market Out
2026-08-08,Fruits,Colacasia Bangaladesh,Apples,,1kg,,,,,,,,Market Out
2026-08-08,Fruits,Galanga,Apples,Thailand,1kg,,,,,,,,Market Out
2026-08-08,Fruits,Galanga -Carton,Apples,Thailand,,,,,,,,,Market Out
2026-08-08,Fruits,Golden Berry Colombia Packet,Apples,,200g,,,,,,,,Market Out
2026-08-08,Fruits,Pineapple Peeled,Apples,Thailand,1kg,,,,,,,,Market Out
2026-08-08,Fruits,Pineapple Slice,Apples,,1kg,,,,,,,,Market Out
2026-08-08,Fruits,Apricot Syria,Apricots,,450g,,,,,,,,Market Out
2026-08-08,Fruits,Avocado By Air,Avocado,Uganda,1kg,,,,,,,,Market Out
2026-08-08,Fruits,Avocado Kenia,Avocado,,1kg,,,,,,,,Market Out
2026-08-08,Fruits,Blueberries Zimbabwe Packet,Berries,,500g,,,,,,,,Market Out
2026-08-08,Fruits,Cherry Pkt,Berries,Pakistan,500g,,,,,,,,Market Out
2026-08-08,Fruits,Cherry Syria Packet,Berries,,,,,,,,,,Market Out
2026-08-08,Fruits,Gold Berry Colombia Packet,Berries,,,,,,,,,,Market Out
2026-08-08,Fruits,Goosberry Indian,Berries,India,1kg,,,,,,,,Market Out
2026-08-08,Fruits,Physalis Fruit Colombia-Packet,Berries,,,,,,,,,,Market Out
2026-08-08,Fruits,Raspberry -Packet,Berries,Usa,,,,,,,,,Market Out
2026-08-08,Fruits,Red Currant Netherland Packet,Berries,,,,,,,,,,Market Out
2026-08-08,Fruits,Strawberry Africa-Packet,Berries,,,,,,,,,,Market Out
2026-08-08,Fruits,Strawberry Big -Packet,Berries,Usa,,,,,,,,,Market Out
2026-08-08,Fruits,Strawberry Netherland Packet,Berries,,250g,,,,,,,,Market Out
2026-08-08,Fruits,Strawberry Small -Packet,Berries,Usa,,,,,,,,,Market Out
2026-08-08,Fruits,Chillies Jalapeno Orange 1K,Citrus Fruits,Holland,,,,,,,,,Market Out
2026-08-08,Fruits,Mandarin Honey Murcott Africa,Citrus Fruits,,1kg,,,,,,,,Market Out
2026-08-08,Fruits,Mandarine (Nadarcott),Citrus Fruits,Australia,1kg,,,,,,,,Market Out
2026-08-08,Fruits,Orange Africa,Citrus Fruits,,1kg,,,,,,,,Market Out
2026-08-08,Fruits,Orangevalencia -Box,Citrus Fruits,Lebanon,,,,,,,,,Market Out
2026-08-08,Fruits,Pomelo Africa,Citrus Fruits,,1kg,,,,,,,,Market Out
2026-08-08,Fruits,Slice Coconut,Coconut,,1kg,,,,,,,,Market Out
2026-08-08,Fruits,Dates Sukkari Round,Fresh Dates,,1kg,,,,,,,,Market Out
2026-08-08,Fruits,Grape Black Packet,Grapes,Egypt,,,,,,,,,Market Out
2026-08-08,Fruits,Grape Red Pkt,Grapes,Egypt,,,,,,,,,Market Out
2026-08-08,Fruits,Grapes Red Globe,Grapes,Egypt,1kg,,,,,,,,Market Out
2026-08-08,Fruits,White Grapes Box,Grapes,Egypt,3kg,,,,,,,,Market Out
2026-08-08,Fruits,Ayoor Jackfruit,Jackfruit,India,1kg,,,,,,,,Market Out
2026-08-08,Fruits,Kiwi Chili,Kiwi,,1kg,,,,,,,,Market Out
2026-08-08,Fruits,Kiwi Premium,Kiwi,Chile,1kg,,,,,,,,Market Out
2026-08-08,Fruits,Slice Kiwi,Kiwi,,1kg,,,,,,,,Market Out
2026-08-08,Fruits,Mango Colombia-Box,Mangoes,,,,,,,,,,Market Out
2026-08-08,Fruits,Mango Jasmine,Mangoes,Egypt,1kg,,,,,,,,Market Out
2026-08-08,Fruits,Rock Melon,Melons,Iran,1kg,,,,,,,,Market Out
2026-08-08,Fruits,Nectarine,Nectarine,Jordan,1kg,,,,,,,,Market Out
2026-08-08,Fruits,Dragon Fruit Red,Other Fruits,,1kg,,,,,,,,Market Out
2026-08-08,Fruits,Dragon Fruit Syria,Other Fruits,,1kg,,,,,,,,Market Out
2026-08-08,Fruits,Fruit Tray Medium,Other Fruits,,,,,,,,,,Market Out
2026-08-08,Fruits,Fruit Tray Small,Other Fruits,,,,,,,,,,Market Out
2026-08-08,Fruits,Passionfruit Pte Packet,Other Fruits,Thailand,,,,,,,,,Market Out
2026-08-08,Fruits,Green Papaya,Papaya,India,1kg,,,,,,,,Market Out
2026-08-08,Fruits,Slice Papaya,Papaya,,1kg,,,,,,,,Market Out
2026-08-08,Fruits,Peach Round Packet,Peaches,Jordan,,,,,,,,,Market Out
2026-08-08,Fruits,Pear Africa,Pears,,1kg,,,,,,,,Market Out
2026-08-08,Fruits,Pear Africa Premium,Pears,,1kg,,,,,,,,Market Out
2026-08-08,Fruits,Pear Rose Africa,Pears,,1kg,,,,,,,,Market Out
2026-08-08,Fruits,Pomegranate Air-Carton,Pomegranates,India,,,,,,,,,Market Out
2026-08-08,Vegetables,Asparagus Plate,Asparagus,Thailand,,,,,,,,,Market Out
2026-08-08,Vegetables,Beetroot Cooked -Packet,Beetroot,Holland,,,,,,,,,Market Out
2026-08-08,Vegetables,Cabbage Red,Cabbage & Broccoli,Egypt,1kg,,,,,,,,Market Out
2026-08-08,Vegetables,Cauliflower,Cabbage & Broccoli,Oman,1kg,,,,,,,,Market Out
2026-08-08,Vegetables,Cauliflower Violet,Cabbage & Broccoli,Spain,1kg,,,,,,,,Market Out
2026-08-08,Vegetables,Capsicum Yellow,Capsicum,Holland,,,,,,,,,Market Out
2026-08-08,Vegetables,Capsicum Yellow,Capsicum,Holland,1kg,,,,,,,,Market Out
2026-08-08,Vegetables,Capsicum Yellow,Capsicum,Oman,1kg,,,,,,,,Market Out
2026-08-08,Vegetables,Carrot White Netherland,Carrots,,1kg,,,,,,,,Market Out
2026-08-08,Vegetables,Chillies Jalapenos Red,Chillies & Spicy,Morocco,1kg,,,,,,,,Market Out
2026-08-08,Vegetables,Chilly Green (Packet),Chillies & Spicy,Thailand,,,,,,,,,Market Out
2026-08-08,Vegetables,Chilly Red,Chillies & Spicy,Holland,,,,,,,,,Market Out
2026-08-08,Vegetables,Chilly Red (Packet),Chillies & Spicy,Thailand,,,,,,,,,Market Out
2026-08-08,Vegetables,Jalapeno Green,Chillies & Spicy,Holland,1kg,,,,,,,,Market Out
2026-08-08,Vegetables,Jalapeno Hot Red Pepper,Chillies & Spicy,Usa,,,,,,,,,Market Out
2026-08-08,Vegetables,Jalapeno Red,Chillies & Spicy,Holland,1kg,,,,,,,,Market Out
2026-08-08,Vegetables,Long Chilli Red,Chillies & Spicy,Morocco,1kg,,,,,,,,Market Out
2026-08-08,Vegetables,Long Chilly,Chillies & Spicy,Jordan,1kg,,,,,,,,Market Out
2026-08-08,Vegetables,Long Chilly Green Big,Chillies & Spicy,Jordan,1kg,,,,,,,,Market Out
2026-08-08,Vegetables,Red Long Chilli,Chillies & Spicy,Jordan,1kg,,,,,,,,Market Out
2026-08-08,Vegetables,Fresh Fruit Basket,Combo Pack,,,,,,,,,,Market Out
2026-08-08,Vegetables,Mix Fruit Basket-Medium,Combo Pack,,,,,,,,,,Market Out
2026-08-08,Vegetables,Mix Fruit Basket-Small,Combo Pack,,,,,,,,,,Market Out
2026-08-08,Vegetables,Baby Corn (Packet),Corns & Baby Corn,Thailand,,,,,,,,,Market Out
2026-08-08,Vegetables,Zucchini Mazra Doha,Courgettes & Artichoke,,1kg,,,,,,,,Market Out
2026-08-08,Vegetables,Garlic Peeled,Garlic,,1kg,,,,,,,,Market Out
2026-08-08,Vegetables,Bottlegourd,Gourds,India,1kg,,,,,,,,Market Out
2026-08-08,Vegetables,Parwal,Gourds,Bangladesh,1kg,,,,,,,,Market Out
2026-08-08,Vegetables,Coriander Leaves 1 Bunch,Herbs,Saudi,,,,,,,,,Market Out
2026-08-08,Vegetables,Granadilla Fruit Colombia,Herbs,,1kg,,,,,,,,Market Out
2026-08-08,Vegetables,Lemon Grass,Herbs,Thailand,1kg,,,,,,,,Market Out
2026-08-08,Vegetables,Mint Leaves 1 Bunch,Herbs,Saudi,,,,,,,,,Market Out
2026-08-08,Vegetables,Lady Finger Doha,Lady Finger,,1kg,,,,,,,,Market Out
2026-08-08,Vegetables,Baby Rocket -Packet,Leafy Vegetables,Italy,,,,,,,,,Market Out
2026-08-08,Vegetables,Kale Leaves,Leafy Vegetables,Holland,1kg,,,,,,,,Market Out
2026-08-08,Vegetables,Lettuce Gem Tray,Leafy Vegetables,Spain,,,,,,,,,Market Out
2026-08-08,Vegetables,Lettuce Iceberge,Leafy Vegetables,Holland,1kg,,,,,,,,Market Out
2026-08-08,Vegetables,Pechay Leaves Doha,Leafy Vegetables,,1.0pc,,,,,,,,Market Out
2026-08-08,Vegetables,Red Chard Mix,Leafy Vegetables,Italy,125g,,,,,,,,Market Out
2026-08-08,Vegetables,Spinach Doha 1 Bunch,Leafy Vegetables,,,,,,,,,,Market Out
2026-08-08,Vegetables,Spring Onion Arabia,Leeks/Spring Onions,Saudi,1.0pc,,,,,,,,Market Out
2026-08-08,Vegetables,Agrico Mushroom White Doha Packet,Mushrooms,,,,,,,,,,Market Out
2026-08-08,Vegetables,Mushroom Mix Doha Packet,Mushrooms,,,,,,,,,,Market Out
2026-08-08,Vegetables,Mushroom Oyster Netherland Pac,Mushrooms,,150g,,,,,,,,Market Out
2026-08-08,Vegetables,Mushroom Shiitake Netherland Packet,Mushrooms,,,,,,,,,,Market Out
2026-08-08,Vegetables,Mushrooms Portobello,Mushrooms,,,,,,,,,,Market Out
2026-08-08,Vegetables,Onion Red,Onion,Egypt,,,,,,,,,Market Out
2026-08-08,Vegetables,Onion Yeman,Onion,,1kg,,,,,,,,Market Out
2026-08-08,Vegetables,White Onion,Onion,Oman,1kg,,,,,,,,Market Out
2026-08-08,Vegetables,Chilies Red,Other Vegetables,Spain,1kg,,,,,,,,Market Out
2026-08-08,Vegetables,Chinese Potato,Other Vegetables,,1kg,,,,,,,,Market Out
2026-08-08,Vegetables,Drumstick Leaves,Other Vegetables,India,1.0pc,,,,,,,,Market Out
2026-08-08,Vegetables,Fig,Other Vegetables,Turkey,1kg,,,,,,,,Market Out
2026-08-08,Vegetables,Govar,Other Vegetables,India,1kg,,,,,,,,Market Out
2026-08-08,Vegetables,Guava,Other Vegetables,India,1kg,,,,,,,,Market Out
2026-08-08,Vegetables,Guava -Packet,Other Vegetables,Thailand,,,,,,,,,Market Out
2026-08-08,Vegetables,Guava Red,Other Vegetables,Thailand,1kg,,,,,,,,Market Out
2026-08-08,Vegetables,Guava Red -Packet,Other Vegetables,Thailand,,,,,,,,,Market Out
2026-08-08,Vegetables,Palak Leaves Doha,Other Vegetables,,1.0pc,,,,,,,,Market Out
2026-08-08,Vegetables,Squash ( )-,Other Vegetables,Lebanon,,,,,,,,,Market Out
2026-08-08,Vegetables,Star Eggplant,Other Vegetables,India,1kg,,,,,,,,Market Out
2026-08-08,Vegetables,Tamarind -Box,Other Vegetables,Thailand,,,,,,,,,Market Out
2026-08-08,Vegetables,Beans Fine Bean & Snow Peas Ke,Peas & Beans,,250g,,,,,,,,Market Out
2026-08-08,Vegetables,Long Beans,Peas & Beans,India,1kg,,,,,,,,Market Out
2026-08-08,Vegetables,Lothi,Potatoes & Starchy Vegetables,,1kg,,,,,,,,Market Out
2026-08-08,Vegetables,Potato Box,Potatoes & Starchy Vegetables,Lebanon,,,,,,,,,Market Out
2026-08-08,Vegetables,Potato Small Bag,Potatoes & Starchy Vegetables,Egypt,,,,,,,,,Market Out
2026-08-08,Vegetables,Butternut Pumpkin,Pumpkin,Oman,1kg,,,,,,,,Market Out
2026-08-08,Vegetables,Pumpkin Doha,Pumpkin,,1kg,,,,,,,,Market Out
2026-08-08,Vegetables,Pumpkin Mathan Green,Pumpkin,India,,,,,,,,,Market Out
2026-08-08,Vegetables,Radish White,Raddish,China,1kg,,,,,,,,Market Out
2026-08-08,Vegetables,Brussels Sprouts Netherland,Sprouts,,1kg,,,,,,,,Market Out
2026-08-08,Vegetables,Bunch Tomato,Tomato,Turkey,1kg,,,,,,,,Market Out
2026-08-08,Vegetables,Cherry Tomato Glass,Tomato,Morocco,1kg,,,,,,,,Market Out
2026-08-08,Vegetables,Cherry Tomato Yellow Packet,Tomato,Holland,,,,,,,,,Market Out
2026-08-08,Vegetables,Tomato Cherry Orange Netherland 250,Tomato,,,,,,,,,,Market Out
2026-08-08,Vegetables,Tomato Cherry Plum Red,Tomato,Spain,500g,,,,,,,,Market Out
2026-08-08,Vegetables,Tomato Kumato,Tomato,Spain,1kg,,,,,,,,Market Out
2026-08-08,Vegetables,Tomato Sweet Cherry Vine Netherland,Tomato,,,,,,,,,,Market Out
2026-08-08,Vegetables,Turmeric -Packet,Turmeric,Thailand,,,,,,,,,Market Out
2026-08-07,Fruits,Apple,Apples,China,1kg,,8.5,,,8.5,,Rawabi,Active
2026-08-07,Fruits,Apple Africa,Apples,,1kg,,11.0,,,11.0,,Rawabi,Active
2026-08-07,Fruits,Apple Gala,Apples,France,1kg,,11.0,,,11.0,,Rawabi,Active
2026-08-07,Fruits,Apple Gala,Apples,Italy,1kg,,10.75,,,10.75,,Rawabi,Active
2026-08-07,Fruits,Apple Gala Chili,Apples,,1kg,,10.5,,,10.5,,Rawabi,Active
2026-08-07,Fruits,Apple Gala New Zealand Premium,Apples,,1kg,,11.5,,,11.5,,Rawabi,Active
2026-08-07,Fruits,Apple Golden,Apples,Italy,1kg,,12.0,,,12.0,,Rawabi,Active
2026-08-07,Fruits,Apple Green,Apples,Spain,1kg,,11.0,,,11.0,,Rawabi,Active
2026-08-07,Fruits,Apple Morgana,Apples,Italy,1kg,,9.75,,,9.75,,Rawabi,Active
2026-08-07,Fruits,Apple New Zealand,Apples,,1kg,,12.5,,,12.5,,Rawabi,Active
2026-08-07,Fruits,Apple Red,Apples,Usa,1kg,,14.5,,,14.5,,Rawabi,Active
2026-08-07,Fruits,Apple Rocket New Zealand,Apples,,1kg,,42.0,,,42.0,,Rawabi,Active
2026-08-07,Fruits,Apple Rocket New Zealand Packet,Apples,,,,42.0,,,,,,Active
2026-08-07,Fruits,Apple Ukraine,Apples,,1kg,,10.0,,,10.0,,Rawabi,Active
2026-08-07,Fruits,Baby Apple Africa,Apples,,1kg,,10.5,,,10.5,,Rawabi,Active
2026-08-07,Fruits,Colacasia Bangaladesh,Apples,,1kg,,18.0,,,18.0,,Rawabi,Active
2026-08-07,Fruits,Galanga,Apples,Thailand,1kg,,48.0,,,48.0,,Rawabi,Active
2026-08-07,Fruits,Galanga -Carton,Apples,Thailand,,,22.0,,,,,,Active
2026-08-07,Fruits,Golden Berry Colombia Packet,Apples,,200g,,12.0,,,60.0,,Rawabi,Active
2026-08-07,Fruits,Pineapple,Apples,India,1kg,,16.75,,,16.75,,Rawabi,Active
2026-08-07,Fruits,Pineapple Golden,Apples,Kenya,1kg,,11.0,,,11.0,,Rawabi,Active
2026-08-07,Fruits,Pineapple Peeled,Apples,Thailand,1kg,,44.0,,,44.0,,Rawabi,Active
2026-08-07,Fruits,Pineapple Slice,Apples,,1kg,,34.0,,,34.0,,Rawabi,Active
2026-08-07,Fruits,Apricot Syria,Apricots,,450g,,7.75,,,17.22,,Rawabi,Active
2026-08-07,Fruits,Avocado,Avocado,Uganda,1kg,,18.5,,,18.5,,Rawabi,Active
2026-08-07,Fruits,Avocado By Air,Avocado,Uganda,1kg,,18.0,,,18.0,,Rawabi,Active
2026-08-07,Fruits,Avocado Hass,Avocado,Uganda,1kg,,26.0,,,26.0,,Rawabi,Active
2026-08-07,Fruits,Avocado Hass,Avocado,Kenya,1kg,,16.5,,,16.5,,Rawabi,Active
2026-08-07,Fruits,Avocado Kenia,Avocado,,1kg,,18.0,,,18.0,,Rawabi,Active
2026-08-07,Fruits,Banana,Banana,Philippines,1kg,,7.5,,,7.5,,Rawabi,Active
2026-08-07,Fruits,Banana Flower,Banana,,1kg,,17.0,,,17.0,,Rawabi,Active
2026-08-07,Fruits,Banana Yellow,Banana,India,1kg,,12.75,,,12.75,,Rawabi,Active
2026-08-07,Fruits,Kadali Banana By Air,Banana,India,1kg,,18.5,,,18.5,,Rawabi,Active
2026-08-07,Fruits,Kadhali Banana,Banana,India,1kg,,16.0,,,16.0,,Rawabi,Active
2026-08-07,Fruits,Black Berry -Packet,Berries,Morocco,,,24.5,,,,,,Active
2026-08-07,Fruits,Blackberry -Packet,Berries,Usa,,,25.5,,,,,,Active
2026-08-07,Fruits,Blueberries Zimbabwe Packet,Berries,,500g,,40.0,,,80.0,,Rawabi,Active
2026-08-07,Fruits,Blueberry -Packet,Berries,Morocco,,,13.0,,,,,,Active
2026-08-07,Fruits,Cherry Pkt,Berries,Pakistan,500g,,24.0,,,48.0,,Rawabi,Active
2026-08-07,Fruits,Cherry Syria Packet,Berries,,,,14.0,,,,,,Active
2026-08-07,Fruits,Gold Berry Colombia Packet,Berries,,,,14.0,,,,,,Active
2026-08-07,Fruits,Goosberry Indian,Berries,India,1kg,,21.0,,,21.0,,Rawabi,Active
2026-08-07,Fruits,Physalis,Berries,,125g,,,13.0,,,104.0,Family,Active
2026-08-07,Fruits,Physalis Fruit Colombia-Packet,Berries,,,,10.0,,,,,,Active
2026-08-07,Fruits,Raspberry -Packet,Berries,Usa,,,27.0,,,,,,Active
2026-08-07,Fruits,Raspberry Africa Packet,Berries,,,,26.0,,,,,,Active
2026-08-07,Fruits,Red Currant Netherland Packet,Berries,,,,24.0,,,,,,Active
2026-08-07,Fruits,Strawberry Africa-Packet,Berries,,,,15.75,,,,,,Active
2026-08-07,Fruits,Strawberry Big -Packet,Berries,Usa,,,38.0,,,,,,Active
2026-08-07,Fruits,Strawberry Netherland Packet,Berries,,250g,,23.0,,,92.0,,Rawabi,Active
2026-08-07,Fruits,Strawberry Small -Packet,Berries,Usa,,,24.0,,,,,,Active
2026-08-07,Fruits,Chillies Jalapeno Orange 1K,Citrus Fruits,Holland,,,52.0,,,,,,Active
2026-08-07,Fruits,Lemon Africa,Citrus Fruits,,1kg,,7.0,,,7.0,,Rawabi,Active
2026-08-07,Fruits,Lemon Africa,Citrus Fruits,,250g,,2.25,,,9.0,,Rawabi,Active
2026-08-07,Fruits,Lime,Citrus Fruits,Vietnam,1kg,,7.75,,,7.75,,Rawabi,Active
2026-08-07,Fruits,Lime,Citrus Fruits,Vietnam,250g,,2.5,,,10.0,,Rawabi,Active
2026-08-07,Fruits,Mandarin,Citrus Fruits,China,1kg,,15.5,,,15.5,,Rawabi,Active
2026-08-07,Fruits,Mandarin Honey Murcott Africa,Citrus Fruits,,1kg,,10.5,,,10.5,,Rawabi,Active
2026-08-07,Fruits,Mandarine (Nadarcott),Citrus Fruits,Australia,1kg,,24.0,,,24.0,,Rawabi,Active
2026-08-07,Fruits,Mandarine Nadarcott,Citrus Fruits,Egypt,1kg,,8.5,,,8.5,,Rawabi,Active
2026-08-07,Fruits,Orange Africa,Citrus Fruits,,1kg,,7.0,,,7.0,,Rawabi,Active
2026-08-07,Fruits,Orange Navel Africa,Citrus Fruits,,1kg,,7.0,,,7.0,,Rawabi,Active
2026-08-07,Fruits,Orange Valencia,Citrus Fruits,Egypt,1kg,,5.0,,,5.0,,Rawabi,Active
2026-08-07,Fruits,Orangevalencia -Box,Citrus Fruits,Lebanon,,,34.0,,,,,,Active
2026-08-07,Fruits,Pomelo Africa,Citrus Fruits,,1kg,,14.5,,,14.5,,Rawabi,Active
2026-08-07,Fruits,Coconut,Coconut,India,1.0pc,,3.0,,,3000.0,,Rawabi,Active
2026-08-07,Fruits,Coconut Grated,Coconut,India,1.0pc,,3.25,,,3250.0,,Rawabi,Active
2026-08-07,Fruits,Coconut Young,Coconut,Sri Lanka,1.0pc,,10.5,,,10500.0,,Rawabi,Active
2026-08-07,Fruits,Coconut Young,Coconut,Vietnam,1.0pc,,12.0,,,12000.0,,Rawabi,Active
2026-08-07,Fruits,Slice Coconut,Coconut,,1kg,,20.0,,,20.0,,Rawabi,Active
2026-08-07,Fruits,Dates Sukkari Round,Fresh Dates,,1kg,,24.0,,,24.0,,Rawabi,Active
2026-08-07,Fruits,Grape Black Packet,Grapes,Egypt,,,6.5,,,,,,Active
2026-08-07,Fruits,Grape Red Pkt,Grapes,Egypt,,,5.5,,,,,,Active
2026-08-07,Fruits,Grape White Packet,Grapes,Egypt,1kg,,16.0,,,16.0,,Rawabi,Active
2026-08-07,Fruits,Grape White Packet,Grapes,Egypt,,,6.5,,,,,,Active
2026-08-07,Fruits,Grapefruit Africa,Grapes,,1kg,,8.5,,,8.5,,Rawabi,Active
2026-08-07,Fruits,Grapes Red -Packet,Grapes,India,,,9.0,,,,,,Active
2026-08-07,Fruits,Grapes Red Globe,Grapes,Egypt,1kg,,15.0,,,15.0,,Rawabi,Active
2026-08-07,Fruits,Grapes White,Grapes,Australia,1kg,,50.0,,,50.0,,Rawabi,Active
2026-08-07,Fruits,Grapes White,Grapes,Australia,500g,,25.0,,,50.0,,Rawabi,Active
2026-08-07,Fruits,Grapes White,Grapes,Italy,1kg,,56.0,,,56.0,,Rawabi,Active
2026-08-07,Fruits,Grapes White,Grapes,Spain,1kg,,17.75,,,17.75,,Rawabi,Active
2026-08-07,Fruits,Grapes White,Grapes,Usa,1kg,,48.0,,,48.0,,Rawabi,Active
2026-08-07,Fruits,White Grapes Box,Grapes,Egypt,3kg,,24.0,,,8.0,,Rawabi,Active
2026-08-07,Fruits,Green Banana,Green Banana,Uganda,1kg,,16.75,,,16.75,,Rawabi,Active
2026-08-07,Fruits,Green Banana,Green Banana,India,1kg,,10.5,,,10.5,,Rawabi,Active
2026-08-07,Fruits,Ayoor Jackfruit,Jackfruit,India,1kg,,15.75,,,15.75,,Rawabi,Active
2026-08-07,Fruits,Kiwi Chili,Kiwi,,1kg,,13.0,,,13.0,,Rawabi,Active
2026-08-07,Fruits,Kiwi Gold New Zealand,Kiwi,,1kg,,62.0,,,62.0,,Rawabi,Active
2026-08-07,Fruits,Kiwi Gold New Zealand,Kiwi,,250g,,15.0,,,60.0,,Rawabi,Active
2026-08-07,Fruits,Kiwi Greece,Kiwi,,1kg,,28.0,,,28.0,,Rawabi,Active
2026-08-07,Fruits,Kiwi Premium,Kiwi,Chile,1kg,,36.0,,,36.0,,Rawabi,Active
2026-08-07,Fruits,Slice Kiwi,Kiwi,,1kg,,20.0,,,20.0,,Rawabi,Active
2026-08-07,Fruits,Mango Badami Air,Mangoes,India,1kg,,18.0,,,18.0,,Rawabi,Active
2026-08-07,Fruits,Mango Colombia-Box,Mangoes,,,,128.0,,,,,,Active
2026-08-07,Fruits,Mango Galbetor Yeman,Mangoes,,1kg,,13.5,,,13.5,,Rawabi,Active
2026-08-07,Fruits,Mango Jasmine,Mangoes,Egypt,1kg,,16.5,,,16.5,,Rawabi,Active
2026-08-07,Fruits,Mango Yemen Cartoon,Mangoes,,,,35.0,,,,,,Active
2026-08-07,Fruits,Mangosteen Packet,Mangoes,Thailand,,,22.0,,,,,,Active
2026-08-07,Fruits,Rock Melon,Melons,Iran,1kg,,5.5,,,5.5,,Rawabi,Active
2026-08-07,Fruits,Sweet Melon,Melons,Jordan,1kg,,7.5,,,7.5,,Rawabi,Active
2026-08-07,Fruits,Sweet Melon,Melons,Iran,1kg,,6.5,,,6.5,,Rawabi,Active
2026-08-07,Fruits,Water Melon,Melons,Jordan,1kg,,3.5,,,3.5,,Rawabi,Active
2026-08-07,Fruits,Water Melon,Melons,Oman,1kg,,3.0,,,3.0,,Rawabi,Active
2026-08-07,Fruits,Nectarine,Nectarine,Jordan,1kg,,14.75,,,14.75,,Rawabi,Active
2026-08-07,Fruits,Dragon Fruit Red,Other Fruits,,1kg,,57.0,,,57.0,,Rawabi,Active
2026-08-07,Fruits,Dragon Fruit Syria,Other Fruits,,1kg,,30.0,,,30.0,,Rawabi,Active
2026-08-07,Fruits,Fruit Tray Medium,Other Fruits,,,,150.0,,,,,,Active
2026-08-07,Fruits,Fruit Tray Small,Other Fruits,,,,20.0,,,,,,Active
2026-08-07,Fruits,Passionfruit Pte Packet,Other Fruits,Thailand,,,24.0,,,,,,Active
2026-08-07,Fruits,Green Papaya,Papaya,India,1kg,,15.5,,,15.5,,Rawabi,Active
2026-08-07,Fruits,Papaya,Papaya,Sri Lanka,1kg,,17.5,,,17.5,,Rawabi,Active
2026-08-07,Fruits,Papaya,Papaya,Thailand,1kg,,49.0,,,49.0,,Rawabi,Active
2026-08-07,Fruits,Slice Papaya,Papaya,,1kg,,20.0,,,20.0,,Rawabi,Active
2026-08-07,Fruits,Peach Round Packet,Peaches,Jordan,,,14.0,,,,,,Active
2026-08-07,Fruits,Pear Africa,Pears,,1kg,,10.5,,,10.5,,Rawabi,Active
2026-08-07,Fruits,Pear Africa Premium,Pears,,1kg,,11.0,,,11.0,,Rawabi,Active
2026-08-07,Fruits,Pear Rose Africa,Pears,,1kg,,10.5,,,10.5,,Rawabi,Active
2026-08-07,Fruits,Plums Red Africa,Plums,,1kg,,16.5,,,16.5,,Rawabi,Active
2026-08-07,Fruits,Pomegranate,Pomegranates,India,1kg,,21.0,,,21.0,,Rawabi,Active
2026-08-07,Fruits,Pomegranate,Pomegranates,India,500g,,10.5,,,21.0,,Rawabi,Active
2026-08-07,Fruits,Pomegranate,Pomegranates,Peru,1kg,,21.0,,,21.0,,Rawabi,Active
2026-08-07,Fruits,Pomegranate -Carton,Pomegranates,India,,,24.0,,,,,,Active
2026-08-07,Fruits,Pomegranate Air-Carton,Pomegranates,India,,,33.0,,,,,,Active
2026-08-07,Vegetables,Asparagus Plate,Asparagus,Thailand,,,10.0,,,,,,Active
2026-08-07,Vegetables,Beetroot,Beetroot,Oman,1kg,,6.5,,,6.5,,Rawabi,Active
2026-08-07,Vegetables,Beetroot,Beetroot,India,1kg,,15.75,,,15.75,,Rawabi,Active
2026-08-07,Vegetables,Beetroot Cooked,Beetroot,,500g,,,22.0,,,44.0,Family,Active
2026-08-07,Vegetables,Beetroot Cooked -Packet,Beetroot,Holland,,,15.75,,,,,,Active
2026-08-07,Vegetables,Broccoli,Cabbage & Broccoli,Spain,1kg,,20.0,,,20.0,,Rawabi,Active
2026-08-07,Vegetables,Broccoli,Cabbage & Broccoli,Spain,500g,,10.0,,,20.0,,Rawabi,Active
2026-08-07,Vegetables,Broccoli,Cabbage & Broccoli,Holland,1kg,,55.0,,,55.0,,Rawabi,Active
2026-08-07,Vegetables,Cabbage,Cabbage & Broccoli,Oman,1kg,,4.75,,,4.75,,Rawabi,Active
2026-08-07,Vegetables,Cabbage,Cabbage & Broccoli,Jordan,1kg,,6.5,,,6.5,,Rawabi,Active
2026-08-07,Vegetables,Cabbage Red,Cabbage & Broccoli,Egypt,1kg,,7.5,,,7.5,,Rawabi,Active
2026-08-07,Vegetables,Cauliflower,Cabbage & Broccoli,Oman,1kg,,7.5,,,7.5,,Rawabi,Active
2026-08-07,Vegetables,Cauliflower Mazra Doha,Cabbage & Broccoli,,1kg,,7.0,,,7.0,,Rawabi,Active
2026-08-07,Vegetables,Cauliflower Violet,Cabbage & Broccoli,Spain,1kg,,44.0,,,44.0,,Rawabi,Active
2026-08-07,Vegetables,Capsicum,Capsicum,Holland,1kg,,41.0,,,41.0,,Rawabi,Active
2026-08-07,Vegetables,Capsicum,Capsicum,Holland,500g,,17.5,,,35.0,,Rawabi,Active
2026-08-07,Vegetables,Capsicum 4Color (Packet),Capsicum,Holland,,,19.0,,,,,,Active
2026-08-07,Vegetables,Capsicum Green,Capsicum,Jordan,1kg,,5.0,,,5.0,,Rawabi,Active
2026-08-07,Vegetables,Capsicum Green,Capsicum,Jordan,500g,,2.5,,,5.0,,Rawabi,Active
2026-08-07,Vegetables,Capsicum Green,Capsicum,Oman,1kg,,7.5,,,7.5,,Rawabi,Active
2026-08-07,Vegetables,Capsicum Orange,Capsicum,Holland,,,,12.25,,,,,Active
2026-08-07,Vegetables,Capsicum Orange,Capsicum,Holland,1kg,,44.0,,,44.0,,Rawabi,Active
2026-08-07,Vegetables,Capsicum Orange,Capsicum,Oman,1kg,,14.75,,,14.75,,Rawabi,Active
2026-08-07,Vegetables,Capsicum Red,Capsicum,Holland,,,,13.75,,,,,Active
2026-08-07,Vegetables,Capsicum Red,Capsicum,Holland,1kg,,38.0,,,38.0,,Rawabi,Active
2026-08-07,Vegetables,Capsicum Red,Capsicum,Oman,1kg,,15.5,,,15.5,,Rawabi,Active
2026-08-07,Vegetables,Capsicum Yellow,Capsicum,Holland,,,,12.5,,,,,Active
2026-08-07,Vegetables,Capsicum Yellow,Capsicum,Holland,1kg,,48.0,,,48.0,,Rawabi,Active
2026-08-07,Vegetables,Capsicum Yellow,Capsicum,Oman,1kg,,9.75,,,9.75,,Rawabi,Active
2026-08-07,Vegetables,Carrot,Carrots,Australia,1kg,,7.0,,,7.0,,Rawabi,Active
2026-08-07,Vegetables,Carrot,Carrots,Australia,500g,,3.5,,,7.0,,Rawabi,Active
2026-08-07,Vegetables,Carrot,Carrots,China,1kg,,5.0,,,5.0,,Rawabi,Active
2026-08-07,Vegetables,Carrot,Carrots,China,,,18.5,,,,,,Active
2026-08-07,Vegetables,Carrot White Netherland,Carrots,,1kg,,32.0,,,32.0,,Rawabi,Active
2026-08-07,Vegetables,Chayote,Chayote,India,1kg,,16.5,,,16.5,,Rawabi,Active
2026-08-07,Vegetables,Chilli,Chillies & Spicy,Uganda,1kg,,20.5,,,20.5,,Rawabi,Active
2026-08-07,Vegetables,Chilli,Chillies & Spicy,Uganda,250g,,5.0,,,20.0,,Rawabi,Active
2026-08-07,Vegetables,Chillies Jalapenos Red,Chillies & Spicy,Morocco,1kg,,80.0,,,80.0,,Rawabi,Active
2026-08-07,Vegetables,Chilly Green (Packet),Chillies & Spicy,Thailand,,,6.5,,,,,,Active
2026-08-07,Vegetables,Chilly Red,Chillies & Spicy,Holland,,,,15.0,,,,,Active
2026-08-07,Vegetables,Chilly Red (Packet),Chillies & Spicy,Thailand,,,7.0,,,,,,Active
2026-08-07,Vegetables,Ginger,Chillies & Spicy,China,1kg,,8.0,,,8.0,,Rawabi,Active
2026-08-07,Vegetables,Ginger,Chillies & Spicy,Uganda,1kg,,24.5,,,24.5,,Rawabi,Active
2026-08-07,Vegetables,Ginger,Chillies & Spicy,China,250g,,2.0,,,8.0,,Rawabi,Active
2026-08-07,Vegetables,Ginger,Chillies & Spicy,Uganda,250g,,4.75,,,19.0,,Rawabi,Active
2026-08-07,Vegetables,Ginger,Chillies & Spicy,India,1kg,,21.0,,,21.0,,Rawabi,Active
2026-08-07,Vegetables,Green Chilly By Air,Chillies & Spicy,India,1kg,,17.0,,,17.0,,Rawabi,Active
2026-08-07,Vegetables,Green Chilly By Air,Chillies & Spicy,India,250g,,5.0,,,20.0,,Rawabi,Active
2026-08-07,Vegetables,Hot Pepper Mix,Chillies & Spicy,Uganda,1kg,,38.0,,,38.0,,Rawabi,Active
2026-08-07,Vegetables,Hot Pepper Mix,Chillies & Spicy,Uganda,250g,,8.25,,,33.0,,Rawabi,Active
2026-08-07,Vegetables,Jalapeno Green,Chillies & Spicy,Holland,1kg,,70.0,,,70.0,,Rawabi,Active
2026-08-07,Vegetables,Jalapeno Hot Red Pepper,Chillies & Spicy,Usa,,,,65.0,,,,,Active
2026-08-07,Vegetables,Jalapeno Peppers,Chillies & Spicy,,,,,16.25,,,,,Active
2026-08-07,Vegetables,Jalapeno Red,Chillies & Spicy,Holland,1kg,,65.0,,,65.0,,Rawabi,Active
2026-08-07,Vegetables,Long Chilli Red,Chillies & Spicy,Morocco,1kg,,20.0,,,20.0,,Rawabi,Active
2026-08-07,Vegetables,Long Chilly,Chillies & Spicy,Jordan,1kg,,10.5,,,10.5,,Rawabi,Active
2026-08-07,Vegetables,Long Chilly Green Big,Chillies & Spicy,Jordan,1kg,,12.0,,,12.0,,Rawabi,Active
2026-08-07,Vegetables,Red Long Chilli,Chillies & Spicy,Jordan,1kg,,22.0,,,22.0,,Rawabi,Active
2026-08-07,Vegetables,Fresh Fruit Basket,Combo Pack,,,,165.0,,,,,,Active
2026-08-07,Vegetables,Mix Fruit Basket-Medium,Combo Pack,,,,250.0,,,,,,Active
2026-08-07,Vegetables,Mix Fruit Basket-Small,Combo Pack,,,,180.0,,,,,,Active
2026-08-07,Vegetables,Pinakbet Mixed,Combo Pack,,1kg,,,25.0,,,25.0,Family,Active
2026-08-07,Vegetables,Baby Corn (Packet),Corns & Baby Corn,Thailand,,,7.0,,,,,,Active
2026-08-07,Vegetables,Zucchini,Courgettes & Artichoke,Jordan,1kg,,6.0,,,6.0,,Rawabi,Active
2026-08-07,Vegetables,Zucchini Mazra Doha,Courgettes & Artichoke,,1kg,,6.5,,,6.5,,Rawabi,Active
2026-08-07,Vegetables,Cucumber Mazra Doha,Cucumber,,1kg,,7.5,,,7.5,,Rawabi,Active
2026-08-07,Vegetables,Cucumber Premium Doha,Cucumber,,1kg,,7.5,,,7.5,,Rawabi,Active
2026-08-07,Vegetables,Yellow Cucumber,Cucumber,India,1kg,,15.75,,,15.75,,Rawabi,Active
2026-08-07,Vegetables,Garlic,Garlic,China,1kg,,8.0,,,8.0,,Rawabi,Active
2026-08-07,Vegetables,Garlic,Garlic,China,250g,,2.0,,,8.0,,Rawabi,Active
2026-08-07,Vegetables,Garlic,Garlic,India,1kg,,22.0,,,22.0,,Rawabi,Active
2026-08-07,Vegetables,Garlic Packet Big,Garlic,China,,,9.0,,,,,,Active
2026-08-07,Vegetables,Garlic Peeled,Garlic,,1kg,,24.0,,,24.0,,Rawabi,Active
2026-08-07,Vegetables,Garlic Small Pkt ( ),Garlic,China,,,4.5,,,,,,Active
2026-08-07,Vegetables,Ashgourd,Gourds,Oman,1kg,,5.5,,,5.5,,Rawabi,Active
2026-08-07,Vegetables,Bitter Gourd,Gourds,India,1kg,,17.5,,,17.5,,Rawabi,Active
2026-08-07,Vegetables,Bottle Gourd Doha,Gourds,,1kg,,5.75,,,5.75,,Rawabi,Active
2026-08-07,Vegetables,Bottlegourd,Gourds,India,1kg,,15.75,,,15.75,,Rawabi,Active
2026-08-07,Vegetables,Ivy Gourd (Kovakka) Indian,Gourds,India,1kg,,16.5,,,16.5,,Rawabi,Active
2026-08-07,Vegetables,Parwal,Gourds,Bangladesh,1kg,,17.0,,,17.0,,Rawabi,Active
2026-08-07,Vegetables,Ridge Gourd,Gourds,India,1kg,,20.0,,,20.0,,Rawabi,Active
2026-08-07,Vegetables,Snake Gourd,Gourds,India,1kg,,16.75,,,16.75,,Rawabi,Active
2026-08-07,Vegetables,Baby Fennel Africa-Packet,Herbs,,,,22.5,,,,,,Active
2026-08-07,Vegetables,Celery Stick,Herbs,Spain,1kg,,38.0,,,38.0,,Rawabi,Active
2026-08-07,Vegetables,Celery Stick,Herbs,Spain,250g,,8.75,,,35.0,,Rawabi,Active
2026-08-07,Vegetables,Coriander Leaves 1 Bunch,Herbs,Saudi,,,14.0,,,,,,Active
2026-08-07,Vegetables,Curry Leaves,Herbs,Uganda,,,38.0,,,,,,Active
2026-08-07,Vegetables,Curry Leaves,Herbs,,,,3.0,,,,,,Active
2026-08-07,Vegetables,Granadilla Fruit Colombia,Herbs,,1kg,,88.0,,,88.0,,Rawabi,Active
2026-08-07,Vegetables,Lemon Grass,Herbs,Thailand,1kg,,52.0,,,52.0,,Rawabi,Active
2026-08-07,Vegetables,Mint Leaves -Packet,Herbs,Jordan,,,3.0,,,,,,Active
2026-08-07,Vegetables,Mint Leaves 1 Bunch,Herbs,Saudi,,,14.0,,,,,,Active
2026-08-07,Vegetables,Parsley Leaves 1 Bunch,Herbs,Saudi,,,10.0,,,,,,Active
2026-08-07,Vegetables,Rosemary,Herbs,Kenya,1.0pc,,10.0,,,10000.0,,Rawabi,Active
2026-08-07,Vegetables,Lady Finger,Lady Finger,India,1kg,,17.25,,,17.25,,Rawabi,Active
2026-08-07,Vegetables,Lady Finger Doha,Lady Finger,,1kg,,11.0,,,11.0,,Rawabi,Active
2026-08-07,Vegetables,Arugula (Jerjir)Leaves Doha,Leafy Vegetables,,500g,,3.75,,,7.5,,Rawabi,Active
2026-08-07,Vegetables,Arugula (Jerjir)Leaves Doha 1 Bunch,Leafy Vegetables,,,,7.0,,,,,,Active
2026-08-07,Vegetables,Baby Rocket -Packet,Leafy Vegetables,Italy,,,11.5,,,,,,Active
2026-08-07,Vegetables,Kale Leaves,Leafy Vegetables,Holland,1kg,,65.0,,,65.0,,Rawabi,Active
2026-08-07,Vegetables,Kangkong Doha,Leafy Vegetables,,1.0pc,,7.0,,,7000.0,,Rawabi,Active
2026-08-07,Vegetables,Lettuce,Leafy Vegetables,Jordan,1kg,,5.0,,,5.0,,Rawabi,Active
2026-08-07,Vegetables,Lettuce,Leafy Vegetables,Jordan,500g,,1.75,,,3.5,,Rawabi,Active
2026-08-07,Vegetables,Lettuce,Leafy Vegetables,Oman,1kg,,8.75,,,8.75,,Rawabi,Active
2026-08-07,Vegetables,Lettuce Gem Tray,Leafy Vegetables,Spain,,,,15.0,,,,,Active
2026-08-07,Vegetables,Lettuce Ice Berge,Leafy Vegetables,Spain,1kg,,38.0,,,38.0,,Rawabi,Active
2026-08-07,Vegetables,Lettuce Ice Berge,Leafy Vegetables,Spain,250g,,9.5,,,38.0,,Rawabi,Active
2026-08-07,Vegetables,Lettuce Iceberge,Leafy Vegetables,Holland,1kg,,11.0,,,11.0,,Rawabi,Active
2026-08-07,Vegetables,Molokhia Doha,Leafy Vegetables,,,,5.5,,,,,,Active
2026-08-07,Vegetables,Molokhia Doha,Leafy Vegetables,,250g,,1.25,,,5.0,,Rawabi,Active
2026-08-07,Vegetables,Pechay Leaves Doha,Leafy Vegetables,,1.0pc,,8.5,,,8500.0,,Rawabi,Active
2026-08-07,Vegetables,Red Chard Mix,Leafy Vegetables,Italy,125g,,,10.0,,,80.0,Family,Active
2026-08-07,Vegetables,Red Spinach Doha 1 Bunch,Leafy Vegetables,,,,5.75,,,,,,Active
2026-08-07,Vegetables,Spinach Doha 1 Bunch,Leafy Vegetables,,,,5.5,,,,,,Active
2026-08-07,Vegetables,Leeks,Leeks/Spring Onions,Holland,1kg,,35.0,,,35.0,,Rawabi,Active
2026-08-07,Vegetables,Leeks,Leeks/Spring Onions,Holland,250g,,8.5,,,34.0,,Rawabi,Active
2026-08-07,Vegetables,Spring Onion Arabia,Leeks/Spring Onions,Saudi,1.0pc,,11.0,,,11000.0,,Rawabi,Active
2026-08-07,Vegetables,Agrico Mushroom White Doha Packet,Mushrooms,,,,7.0,,,,,,Active
2026-08-07,Vegetables,Mushroom Brown Doha-Packet,Mushrooms,,,,8.5,,,,,,Active
2026-08-07,Vegetables,Mushroom Mix Doha Packet,Mushrooms,,,,13.0,,,,,,Active
2026-08-07,Vegetables,Mushroom Oyster Netherland Pac,Mushrooms,,150g,,13.5,,,90.0,,Rawabi,Active
2026-08-07,Vegetables,Mushroom Shiitake Netherland Packet,Mushrooms,,,,13.0,,,,,,Active
2026-08-07,Vegetables,Mushroom Slice Doha-Packet,Mushrooms,,,,8.5,,,,,,Active
2026-08-07,Vegetables,Mushroom White Doha-Packet,Mushrooms,,,,7.0,,,,,,Active
2026-08-07,Vegetables,Mushrooms Portobello,Mushrooms,,,,,11.25,,,,,Active
2026-08-07,Vegetables,Onion Big,Onion,India,1kg,,4.0,,,4.0,,Rawabi,Active
2026-08-07,Vegetables,Onion Medium Bag,Onion,India,,,18.0,,,,,,Active
2026-08-07,Vegetables,Onion Red,Onion,Egypt,,,,2.75,,,,,Active
2026-08-07,Vegetables,Onion Small,Onion,India,1kg,,17.25,,,17.25,,Rawabi,Active
2026-08-07,Vegetables,Onion Small Bag,Onion,,,,,8.75,,,,,Active
2026-08-07,Vegetables,Onion Small Bag,Onion,India,,,10.5,,,,,,Active
2026-08-07,Vegetables,Onion White,Onion,Spain,1kg,,11.0,,,11.0,,Rawabi,Active
2026-08-07,Vegetables,Onion White,Onion,Australia,1kg,,10.5,,,10.5,,Rawabi,Active
2026-08-07,Vegetables,Onion Yeman,Onion,,1kg,,4.5,,,4.5,,Rawabi,Active
2026-08-07,Vegetables,White Onion,Onion,Oman,1kg,,6.75,,,6.75,,Rawabi,Active
2026-08-07,Vegetables,Bagal Leaves,Other Vegetables,,1.0pc,,9.0,,,9000.0,,Rawabi,Active
2026-08-07,Vegetables,Chilies Red,Other Vegetables,Spain,1kg,,45.0,,,45.0,,Rawabi,Active
2026-08-07,Vegetables,Chinese Potato,Other Vegetables,,1kg,,13.5,,,13.5,,Rawabi,Active
2026-08-07,Vegetables,Colacasia,Other Vegetables,India,1kg,,18.0,,,18.0,,Rawabi,Active
2026-08-07,Vegetables,Drumstick,Other Vegetables,India,1kg,,17.25,,,17.25,,Rawabi,Active
2026-08-07,Vegetables,Drumstick Leaves,Other Vegetables,India,1.0pc,,6.0,,,6000.0,,Rawabi,Active
2026-08-07,Vegetables,Eggplant,Other Vegetables,Holland,,,,28.0,,,,,Active
2026-08-07,Vegetables,Eggplant Premium,Other Vegetables,Oman,1kg,,6.75,,,6.75,,Rawabi,Active
2026-08-07,Vegetables,Fig,Other Vegetables,Turkey,1kg,,46.0,,,46.0,,Rawabi,Active
2026-08-07,Vegetables,Govar,Other Vegetables,India,1kg,,16.75,,,16.75,,Rawabi,Active
2026-08-07,Vegetables,Green Spianch Doha 1 Bunch,Other Vegetables,,,,3.5,,,,,,Active
2026-08-07,Vegetables,Guava,Other Vegetables,India,1kg,,19.0,,,19.0,,Rawabi,Active
2026-08-07,Vegetables,Guava -Packet,Other Vegetables,Thailand,,,32.0,,,,,,Active
2026-08-07,Vegetables,Guava Red,Other Vegetables,Thailand,1kg,,42.0,,,42.0,,Rawabi,Active
2026-08-07,Vegetables,Guava Red -Packet,Other Vegetables,Thailand,,,34.0,,,,,,Active
2026-08-07,Vegetables,Lollo Bioanda,Other Vegetables,Holland,1kg,,68.0,,,68.0,,Rawabi,Active
2026-08-07,Vegetables,Lollo Bioanda,Other Vegetables,Holland,250g,,4.0,,,16.0,,Rawabi,Active
2026-08-07,Vegetables,Longan -Packet,Other Vegetables,Thailand,,,24.0,,,,,,Active
2026-08-07,Vegetables,Palak Doha Pc,Other Vegetables,,,,3.0,,,,,,Active
2026-08-07,Vegetables,Palak Leaves Doha,Other Vegetables,,1.0pc,,5.0,,,5000.0,,Rawabi,Active
2026-08-07,Vegetables,Rambutan -Packet,Other Vegetables,Thailand,,,22.0,,,,,,Active
2026-08-07,Vegetables,Squash ( )-,Other Vegetables,Lebanon,,,,32.0,,,,,Active
2026-08-07,Vegetables,Star Eggplant,Other Vegetables,India,1kg,,16.75,,,16.75,,Rawabi,Active
2026-08-07,Vegetables,Tamarind -Box,Other Vegetables,Thailand,,,23.0,,,,,,Active
2026-08-07,Vegetables,Beans,Peas & Beans,India,1kg,,18.5,,,18.5,,Rawabi,Active
2026-08-07,Vegetables,Beans Fine Bean & Snow Peas Ke,Peas & Beans,,250g,,14.0,,,56.0,,Rawabi,Active
2026-08-07,Vegetables,Long Beans,Peas & Beans,India,1kg,,27.0,,,27.0,,Rawabi,Active
2026-08-07,Vegetables,Lothi,Potatoes & Starchy Vegetables,,1kg,,16.0,,,16.0,,Rawabi,Active
2026-08-07,Vegetables,Potato,Potatoes & Starchy Vegetables,Egypt,1kg,,3.5,,,3.5,,Rawabi,Active
2026-08-07,Vegetables,Potato,Potatoes & Starchy Vegetables,Bangladesh,1kg,,16.0,,,16.0,,Rawabi,Active
2026-08-07,Vegetables,Potato,Potatoes & Starchy Vegetables,Pakistan,1kg,,3.5,,,3.5,,Rawabi,Active
2026-08-07,Vegetables,Potato,Potatoes & Starchy Vegetables,Oman,1kg,,3.5,,,3.5,,Rawabi,Active
2026-08-07,Vegetables,Potato Bag,Potatoes & Starchy Vegetables,Pakistan,,,8.0,,,,,,Active
2026-08-07,Vegetables,Potato Bag,Potatoes & Starchy Vegetables,Saudi,1kg,,13.0,,,13.0,,Rawabi,Active
2026-08-07,Vegetables,Potato Box,Potatoes & Starchy Vegetables,Lebanon,,,17.0,,,,,,Active
2026-08-07,Vegetables,Potato Small Bag,Potatoes & Starchy Vegetables,Egypt,,,16.0,,,,,,Active
2026-08-07,Vegetables,Potato Syria,Potatoes & Starchy Vegetables,,1kg,,3.0,,,3.0,,Rawabi,Active
2026-08-07,Vegetables,Sweet Potato,Potatoes & Starchy Vegetables,India,,,,10.0,,,,,Active
2026-08-07,Vegetables,Sweet Potato,Potatoes & Starchy Vegetables,Egypt,,,,2.0,,,,,Active
2026-08-07,Vegetables,Sweet Potato,Potatoes & Starchy Vegetables,Australia,1kg,,38.0,,,38.0,,Rawabi,Active
2026-08-07,Vegetables,Sweet Potato,Potatoes & Starchy Vegetables,Egypt,1kg,,4.0,,,4.0,,Rawabi,Active
2026-08-07,Vegetables,Sweet Potato By Air,Potatoes & Starchy Vegetables,Uganda,1kg,,18.0,,,18.0,,Rawabi,Active
2026-08-07,Vegetables,Tapioca,Potatoes & Starchy Vegetables,India,,,,18.0,,,,,Active
2026-08-07,Vegetables,Yam,Potatoes & Starchy Vegetables,India,1kg,,11.0,,,11.0,,Rawabi,Active
2026-08-07,Vegetables,Butter Nut Pumpkin Africa,Pumpkin,,1kg,,8.5,,,8.5,,Rawabi,Active
2026-08-07,Vegetables,Butternut Pumpkin,Pumpkin,Oman,1kg,,7.75,,,7.75,,Rawabi,Active
2026-08-07,Vegetables,Disco Pumpkin,Pumpkin,India,1kg,,13.75,,,13.75,,Rawabi,Active
2026-08-07,Vegetables,Pumpkin,Pumpkin,Oman,1kg,,3.5,,,3.5,,Rawabi,Active
2026-08-07,Vegetables,Pumpkin Doha,Pumpkin,,1kg,,5.0,,,5.0,,Rawabi,Active
2026-08-07,Vegetables,Pumpkin Mathan Green,Pumpkin,India,,,,18.0,,,,,Active
2026-08-07,Vegetables,Radish Red -Packet,Raddish,Holland,,,5.5,,,,,,Active
2026-08-07,Vegetables,Radish White,Raddish,China,1kg,,7.75,,,7.75,,Rawabi,Active
2026-08-07,Vegetables,Red Radish,Raddish,Holland,1kg,,33.5,32.0,,33.5,32.0,Family,Active
2026-08-07,Vegetables,Brussels Sprouts Netherland,Sprouts,,1kg,,49.0,,,49.0,,Rawabi,Active
2026-08-07,Vegetables,Bunch Tomato,Tomato,Turkey,1kg,,9.75,,,9.75,,Rawabi,Active
2026-08-07,Vegetables,Cherry Tomato -Packet,Tomato,Morocco,,,20.0,,,,,,Active
2026-08-07,Vegetables,Cherry Tomato Glass,Tomato,Morocco,1kg,,10.0,,,10.0,,Rawabi,Active
2026-08-07,Vegetables,Cherry Tomato Yellow Packet,Tomato,Holland,,,14.0,,,,,,Active
2026-08-07,Vegetables,Tomato Cherry Orange Netherland 250,Tomato,,,,14.75,,,,,,Active
2026-08-07,Vegetables,Tomato Cherry Plum Red,Tomato,Spain,500g,,26.0,,,52.0,,Rawabi,Active
2026-08-07,Vegetables,Tomato Cherry Red Vine,Tomato,,,,,16.25,,,,,Active
2026-08-07,Vegetables,Tomato Green House,Tomato,Jordan,1kg,,5.75,,,5.75,,Rawabi,Active
2026-08-07,Vegetables,Tomato Kumato,Tomato,Spain,1kg,,42.0,,,42.0,,Rawabi,Active
2026-08-07,Vegetables,Tomato Sweet Cherry Vine Netherland,Tomato,,,,48.0,,,,,,Active
2026-08-07,Vegetables,Tomato Tommys Pkt ( ),Tomato,Spain,500g,,,44.0,,,88.0,Family,Active
2026-08-07,Vegetables,Turmeric,Turmeric,India,1kg,,17.0,,,17.0,,Rawabi,Active
2026-08-07,Vegetables,Turmeric,Turmeric,India,250g,,4.25,,,17.0,,Rawabi,Active
2026-08-07,Vegetables,Turmeric -Packet,Turmeric,Thailand,,,6.5,,,,,,Active
2026-08-07,Fruits,Orange Navel,Citrus Fruits,China,1kg,,,,,,,,Market Out
2026-08-07,Fruits,Grape Red,Grapes,Egypt,1kg,,,,,,,,Market Out
2026-08-07,Fruits,Mango Kett,Mangoes,Egypt,1kg,,,,,,,,Market Out
2026-08-07,Fruits,Mango Neelam,Mangoes,India,1kg,,,,,,,,Market Out
2026-08-07,Fruits,Plums Yellow,Plums,Spain,1kg,,,,,,,,Market Out
2026-08-07,Vegetables,Kohi,Cabbage & Broccoli,Bangladesh,,,,,,,,,Market Out
2026-08-07,Vegetables,Capsicum Mix Pkt,Capsicum,Holland,4.0pcs,,,,,,,,Market Out
2026-08-07,Vegetables,Chilly Round Green,Chillies & Spicy,India,,,,,,,,,Market Out
2026-08-07,Vegetables,Fresh Fruits Basket Small,Combo Pack,,,,,,,,,,Market Out
2026-08-07,Vegetables,Lettuce Iceberg,Leafy Vegetables,Oman,1kg,,,,,,,,Market Out
2026-08-07,Vegetables,Agrico Eggplant,Mushrooms,Qatar,,,,,,,,,Market Out
2026-08-07,Vegetables,Mushroom Slice,Mushrooms,Qatar,,,,,,,,,Market Out
2026-08-07,Vegetables,Eggplant Long Arabia,Other Vegetables,Saudi,1kg,,,,,,,,Market Out
2026-08-07,Vegetables,Fig Dry Syria,Other Vegetables,,1kg,,,,,,,,Market Out
2026-08-07,Vegetables,Sweet Potato Africa,Potatoes & Starchy Vegetables,,1kg,,,,,,,,Market Out
2026-08-07,Vegetables,Yam Indian,Potatoes & Starchy Vegetables,India,,,,,,,,,Market Out
2026-08-07,Vegetables,Pumpkin Medium,Pumpkin,India,,,,,,,,,Market Out
2026-08-07,Vegetables,White Pumpkin,Pumpkin,Qatar,,,,,,,,,Market Out
2026-08-07,Vegetables,Tomato Green House Syria,Tomato,,1kg,,,,,,,,Market Out
2026-08-05,Fruits,Apple,Apples,China,1kg,,8.5,,,8.5,,Rawabi,Active
2026-08-05,Fruits,Apple Gala,Apples,Italy,1kg,,10.75,,,10.75,,Rawabi,Active
2026-08-05,Fruits,Apple Gala Chili,Apples,,1kg,,10.5,,,10.5,,Rawabi,Active
2026-08-05,Fruits,Apple Gala New Zealand Premium,Apples,,1kg,,11.5,,,11.5,,Rawabi,Active
2026-08-05,Fruits,Apple Green,Apples,Spain,1kg,,11.0,,,11.0,,Rawabi,Active
2026-08-05,Fruits,Apple Morgana,Apples,Italy,1kg,,9.75,,,9.75,,Rawabi,Active
2026-08-05,Fruits,Apple New Zealand,Apples,,1kg,,12.5,,,12.5,,Rawabi,Active
2026-08-05,Fruits,Apple Rocket New Zealand,Apples,,1kg,,42.0,,,42.0,,Rawabi,Active
2026-08-05,Fruits,Apple Rocket New Zealand Packet,Apples,,,,42.0,,,,,,Active
2026-08-05,Fruits,Baby Apple Africa,Apples,,1kg,,9.75,,,9.75,,Rawabi,Active
2026-08-05,Fruits,Colacasia Bangaladesh,Apples,,1kg,,18.0,,,18.0,,Rawabi,Active
2026-08-05,Fruits,Galanga,Apples,Thailand,1kg,,48.0,,,48.0,,Rawabi,Active
2026-08-05,Fruits,Galanga -Carton,Apples,Thailand,,,22.0,,,,,,Active
2026-08-05,Fruits,Golden Berry Colombia Packet,Apples,,200g,,12.0,,,60.0,,Rawabi,Active
2026-08-05,Fruits,Pineapple,Apples,India,1kg,,16.75,,,16.75,,Rawabi,Active
2026-08-05,Fruits,Pineapple Golden,Apples,Kenya,1kg,,11.0,,,11.0,,Rawabi,Active
2026-08-05,Fruits,Pineapple Peeled,Apples,Thailand,1kg,,44.0,,,44.0,,Rawabi,Active
2026-08-05,Fruits,Pineapple Slice,Apples,,1kg,,34.0,,,34.0,,Rawabi,Active
2026-08-05,Fruits,Apricot Syria,Apricots,,450g,,7.75,,,17.22,,Rawabi,Active
2026-08-05,Fruits,Avocado,Avocado,Uganda,1kg,,18.5,,,18.5,,Rawabi,Active
2026-08-05,Fruits,Avocado By Air,Avocado,Uganda,1kg,,18.0,,,18.0,,Rawabi,Active
2026-08-05,Fruits,Avocado Hass,Avocado,Uganda,1kg,,26.0,,,26.0,,Rawabi,Active
2026-08-05,Fruits,Avocado Hass,Avocado,Kenya,1kg,,16.5,,,16.5,,Rawabi,Active
2026-08-05,Fruits,Avocado Kenia,Avocado,,1kg,,18.0,,,18.0,,Rawabi,Active
2026-08-05,Fruits,Banana,Banana,Ecuador,1kg,,7.5,,,7.5,,Rawabi,Active
2026-08-05,Fruits,Banana Yellow,Banana,India,1kg,,12.75,,,12.75,,Rawabi,Active
2026-08-05,Fruits,Kadhali Banana,Banana,India,1kg,,14.75,,,14.75,,Rawabi,Active
2026-08-05,Fruits,Blackberry -Packet,Berries,Usa,,,25.5,,,,,,Active
2026-08-05,Fruits,Blueberries Zimbabwe Packet,Berries,,,,24.0,,,,,,Active
2026-08-05,Fruits,Blueberry -Packet,Berries,Peru,500g,,42.0,,,84.0,,Rawabi,Active
2026-08-05,Fruits,Cherry Pkt,Berries,Pakistan,500g,,24.0,,,48.0,,Rawabi,Active
2026-08-05,Fruits,Cherry Syria Packet,Berries,,,,7.5,,,,,,Active
2026-08-05,Fruits,Gold Berry Colombia Packet,Berries,,,,14.0,,,,,,Active
2026-08-05,Fruits,Goosberry Indian,Berries,India,1kg,,21.0,,,21.0,,Rawabi,Active
2026-08-05,Fruits,Physalis,Berries,,125g,,,13.0,,,104.0,Family,Active
2026-08-05,Fruits,Physalis Fruit Colombia-Packet,Berries,,,,10.0,,,,,,Active
2026-08-05,Fruits,Raspberry -Packet,Berries,Usa,,,27.0,,,,,,Active
2026-08-05,Fruits,Red Currant Netherland Packet,Berries,,,,24.0,,,,,,Active
2026-08-05,Fruits,Strawberry Africa-Packet,Berries,,,,15.75,,,,,,Active
2026-08-05,Fruits,Strawberry Big -Packet,Berries,Usa,,,38.0,,,,,,Active
2026-08-05,Fruits,Strawberry Small -Packet,Berries,Usa,,,24.0,,,,,,Active
2026-08-05,Fruits,Chillies Jalapeno Orange 1K,Citrus Fruits,Holland,,,52.0,,,,,,Active
2026-08-05,Fruits,Lemon Africa,Citrus Fruits,,1kg,,8.5,,,8.5,,Rawabi,Active
2026-08-05,Fruits,Lime,Citrus Fruits,Vietnam,1kg,,7.75,,,7.75,,Rawabi,Active
2026-08-05,Fruits,Mandarin,Citrus Fruits,China,1kg,,15.5,,,15.5,,Rawabi,Active
2026-08-05,Fruits,Mandarin Honey Murcott Africa,Citrus Fruits,,1kg,,10.5,,,10.5,,Rawabi,Active
2026-08-05,Fruits,Mandarine (Nadarcott),Citrus Fruits,Australia,1kg,,24.0,,,24.0,,Rawabi,Active
2026-08-05,Fruits,Orange Africa,Citrus Fruits,,1kg,,7.0,,,7.0,,Rawabi,Active
2026-08-05,Fruits,Orange Navel,Citrus Fruits,China,1kg,,7.75,,,7.75,,Rawabi,Active
2026-08-05,Fruits,Orange Navel Africa,Citrus Fruits,,1kg,,7.0,,,7.0,,Rawabi,Active
2026-08-05,Fruits,Orange Valencia,Citrus Fruits,Egypt,1kg,,5.5,,,5.5,,Rawabi,Active
2026-08-05,Fruits,Orangevalencia -Box,Citrus Fruits,Lebanon,,,34.0,,,,,,Active
2026-08-05,Fruits,Coconut,Coconut,India,1.0pc,,3.0,,,3000.0,,Rawabi,Active
2026-08-05,Fruits,Coconut Grated,Coconut,India,1.0pc,,3.25,,,3250.0,,Rawabi,Active
2026-08-05,Fruits,Coconut Young,Coconut,Vietnam,1.0pc,,12.0,,,12000.0,,Rawabi,Active
2026-08-05,Fruits,Coconut Young,Coconut,Sri Lanka,1.0pc,,7.5,,,7500.0,,Rawabi,Active
2026-08-05,Fruits,Slice Coconut,Coconut,,1kg,,20.0,,,20.0,,Rawabi,Active
2026-08-05,Fruits,Dates Sukkari Round,Fresh Dates,,1kg,,24.0,,,24.0,,Rawabi,Active
2026-08-05,Fruits,Grape Black Packet,Grapes,Egypt,,,6.5,,,,,,Active
2026-08-05,Fruits,Grape Red,Grapes,Egypt,1kg,,15.5,,,15.5,,Rawabi,Active
2026-08-05,Fruits,Grape Red Pkt,Grapes,Egypt,,,5.5,,,,,,Active
2026-08-05,Fruits,Grape White Packet,Grapes,Egypt,,,6.5,,,,,,Active
2026-08-05,Fruits,Grapefruit Africa,Grapes,,1kg,,8.5,,,8.5,,Rawabi,Active
2026-08-05,Fruits,Grapes Red Globe,Grapes,Egypt,1kg,,15.0,,,15.0,,Rawabi,Active
2026-08-05,Fruits,Grapes White,Grapes,Italy,1kg,,56.0,,,56.0,,Rawabi,Active
2026-08-05,Fruits,Grapes White,Grapes,Spain,1kg,,14.5,,,14.5,,Rawabi,Active
2026-08-05,Fruits,Grapes White,Grapes,Usa,1kg,,48.0,,,48.0,,Rawabi,Active
2026-08-05,Fruits,White Grapes Box,Grapes,Egypt,3kg,,24.0,,,8.0,,Rawabi,Active
2026-08-05,Fruits,Green Banana,Green Banana,Uganda,1kg,,16.75,,,16.75,,Rawabi,Active
2026-08-05,Fruits,Green Banana,Green Banana,India,1kg,,10.5,,,10.5,,Rawabi,Active
2026-08-05,Fruits,Ayoor Jackfruit,Jackfruit,India,1kg,,15.75,,,15.75,,Rawabi,Active
2026-08-05,Fruits,Kiwi Chili,Kiwi,,1kg,,13.0,,,13.0,,Rawabi,Active
2026-08-05,Fruits,Kiwi Gold New Zealand,Kiwi,,1kg,,62.0,,,62.0,,Rawabi,Active
2026-08-05,Fruits,Kiwi Premium,Kiwi,Chile,1kg,,36.0,,,36.0,,Rawabi,Active
2026-08-05,Fruits,Slice Kiwi,Kiwi,,1kg,,20.0,,,20.0,,Rawabi,Active
2026-08-05,Fruits,Mango Colombia-Box,Mangoes,,,,128.0,,,,,,Active
2026-08-05,Fruits,Mango Jasmine,Mangoes,Egypt,1kg,,16.5,,,16.5,,Rawabi,Active
2026-08-05,Fruits,Mango Kett,Mangoes,Egypt,1kg,,9.75,,,9.75,,Rawabi,Active
2026-08-05,Fruits,Mango Neelam,Mangoes,India,1kg,,22.0,,,22.0,,Rawabi,Active
2026-08-05,Fruits,Mangosteen Packet,Mangoes,Thailand,,,22.0,,,,,,Active
2026-08-05,Fruits,Rock Melon,Melons,Iran,1kg,,3.75,,,3.75,,Rawabi,Active
2026-08-05,Fruits,Sweet Melon,Melons,Jordan,1kg,,7.5,,,7.5,,Rawabi,Active
2026-08-05,Fruits,Sweet Melon,Melons,Iran,1kg,,6.5,,,6.5,,Rawabi,Active
2026-08-05,Fruits,Water Melon,Melons,Australia,1kg,,29.5,,,29.5,,Rawabi,Active
2026-08-05,Fruits,Water Melon,Melons,Oman,1kg,,3.0,,,3.0,,Rawabi,Active
2026-08-05,Fruits,Water Melon,Melons,Jordan,1kg,,3.0,,,3.0,,Rawabi,Active
2026-08-05,Fruits,Nectarine,Nectarine,Jordan,1kg,,14.75,,,14.75,,Rawabi,Active
2026-08-05,Fruits,Dragon Fruit Red,Other Fruits,,1kg,,57.0,,,57.0,,Rawabi,Active
2026-08-05,Fruits,Dragon Fruit Syria,Other Fruits,,1kg,,30.0,,,30.0,,Rawabi,Active
2026-08-05,Fruits,Fruit Tray Medium,Other Fruits,,,,150.0,,,,,,Active
2026-08-05,Fruits,Fruit Tray Small,Other Fruits,,,,20.0,,,,,,Active
2026-08-05,Fruits,Passionfruit Pte Packet,Other Fruits,Thailand,,,24.0,,,,,,Active
2026-08-05,Fruits,Green Papaya,Papaya,India,1kg,,15.5,,,15.5,,Rawabi,Active
2026-08-05,Fruits,Papaya,Papaya,Thailand,1kg,,49.0,,,49.0,,Rawabi,Active
2026-08-05,Fruits,Papaya,Papaya,India,1kg,,17.75,,,17.75,,Rawabi,Active
2026-08-05,Fruits,Slice Papaya,Papaya,,1kg,,20.0,,,20.0,,Rawabi,Active
2026-08-05,Fruits,Peach Round Packet,Peaches,Jordan,,,12.0,,,,,,Active
2026-08-05,Fruits,Pear Africa,Pears,,1kg,,10.5,,,10.5,,Rawabi,Active
2026-08-05,Fruits,Pear Africa Premium,Pears,,1kg,,11.0,,,11.0,,Rawabi,Active
2026-08-05,Fruits,Pear Rose Africa,Pears,,1kg,,10.5,,,10.5,,Rawabi,Active
2026-08-05,Fruits,Plums Yellow,Plums,Spain,1kg,,36.0,,,36.0,,Rawabi,Active
2026-08-05,Fruits,Pomegranate,Pomegranates,Egypt,1kg,,10.5,,,10.5,,Rawabi,Active
2026-08-05,Vegetables,Asparagus Plate,Asparagus,Thailand,,,10.0,,,,,,Active
2026-08-05,Vegetables,Beetroot,Beetroot,India,1kg,,15.75,,,15.75,,Rawabi,Active
2026-08-05,Vegetables,Beetroot Cooked,Beetroot,,500g,,,22.0,,,44.0,Family,Active
2026-08-05,Vegetables,Beetroot Cooked -Packet,Beetroot,Holland,,,15.75,,,,,,Active
2026-08-05,Vegetables,Broccoli,Cabbage & Broccoli,Spain,1kg,,18.5,,,18.5,,Rawabi,Active
2026-08-05,Vegetables,Broccoli,Cabbage & Broccoli,Holland,1kg,,55.0,,,55.0,,Rawabi,Active
2026-08-05,Vegetables,Cabbage,Cabbage & Broccoli,Jordan,1kg,,6.5,,,6.5,,Rawabi,Active
2026-08-05,Vegetables,Cabbage,Cabbage & Broccoli,Oman,1kg,,4.75,,,4.75,,Rawabi,Active
2026-08-05,Vegetables,Cauliflower,Cabbage & Broccoli,Oman,1kg,,7.5,,,7.5,,Rawabi,Active
2026-08-05,Vegetables,Cauliflower Violet,Cabbage & Broccoli,Spain,1kg,,44.0,,,44.0,,Rawabi,Active
2026-08-05,Vegetables,Kohi,Cabbage & Broccoli,Bangladesh,,,,17.0,,,,,Active
2026-08-05,Vegetables,Capsicum,Capsicum,Holland,1kg,,41.0,,,41.0,,Rawabi,Active
2026-08-05,Vegetables,Capsicum 4Color (Packet),Capsicum,Holland,,,19.0,,,,,,Active
2026-08-05,Vegetables,Capsicum Green,Capsicum,Oman,1kg,,7.5,,,7.5,,Rawabi,Active
2026-08-05,Vegetables,Capsicum Mix Pkt,Capsicum,Holland,4.0pcs,,,20.0,,,5000.0,Family,Active
2026-08-05,Vegetables,Capsicum Orange,Capsicum,Holland,1kg,,36.0,,,36.0,,Rawabi,Active
2026-08-05,Vegetables,Capsicum Orange,Capsicum,Oman,1kg,,14.75,,,14.75,,Rawabi,Active
2026-08-05,Vegetables,Capsicum Red,Capsicum,Holland,1kg,,36.0,,,36.0,,Rawabi,Active
2026-08-05,Vegetables,Capsicum Red,Capsicum,Oman,1kg,,15.5,,,15.5,,Rawabi,Active
2026-08-05,Vegetables,Capsicum Yellow,Capsicum,Holland,1kg,,36.0,,,36.0,,Rawabi,Active
2026-08-05,Vegetables,Capsicum Yellow,Capsicum,Oman,1kg,,9.75,,,9.75,,Rawabi,Active
2026-08-05,Vegetables,Carrot,Carrots,Australia,1kg,,7.0,,,7.0,,Rawabi,Active
2026-08-05,Vegetables,Carrot,Carrots,China,1kg,,4.5,,,4.5,,Rawabi,Active
2026-08-05,Vegetables,Carrot,Carrots,China,,,18.5,,,,,,Active
2026-08-05,Vegetables,Carrot White Netherland,Carrots,,1kg,,32.0,,,32.0,,Rawabi,Active
2026-08-05,Vegetables,Chayote,Chayote,India,1kg,,16.5,,,16.5,,Rawabi,Active
2026-08-05,Vegetables,Chilli,Chillies & Spicy,Uganda,1kg,,20.5,,,20.5,,Rawabi,Active
2026-08-05,Vegetables,Chillies Jalapenos Red,Chillies & Spicy,Morocco,1kg,,80.0,,,80.0,,Rawabi,Active
2026-08-05,Vegetables,Chilly Green (Packet),Chillies & Spicy,Thailand,,,6.5,,,,,,Active
2026-08-05,Vegetables,Chilly Red,Chillies & Spicy,Holland,,,,15.0,,,,,Active
2026-08-05,Vegetables,Chilly Red (Packet),Chillies & Spicy,Thailand,,,7.0,,,,,,Active
2026-08-05,Vegetables,Chilly Round Green,Chillies & Spicy,India,,,,9.5,,,,,Active
2026-08-05,Vegetables,Ginger,Chillies & Spicy,China,1kg,,8.0,,,8.0,,Rawabi,Active
2026-08-05,Vegetables,Ginger,Chillies & Spicy,India,1kg,,21.0,,,21.0,,Rawabi,Active
2026-08-05,Vegetables,Ginger,Chillies & Spicy,Uganda,1kg,,24.5,,,24.5,,Rawabi,Active
2026-08-05,Vegetables,Hot Pepper Mix,Chillies & Spicy,Uganda,1kg,,38.0,,,38.0,,Rawabi,Active
2026-08-05,Vegetables,Jalapeno Green,Chillies & Spicy,Holland,1kg,,70.0,,,70.0,,Rawabi,Active
2026-08-05,Vegetables,Jalapeno Peppers,Chillies & Spicy,,,,,16.25,,,,,Active
2026-08-05,Vegetables,Jalapeno Red,Chillies & Spicy,Holland,1kg,,65.0,,,65.0,,Rawabi,Active
2026-08-05,Vegetables,Long Chilli Red,Chillies & Spicy,Morocco,1kg,,20.0,,,20.0,,Rawabi,Active
2026-08-05,Vegetables,Long Chilly,Chillies & Spicy,Jordan,1kg,,10.5,,,10.5,,Rawabi,Active
2026-08-05,Vegetables,Long Chilly Green Big,Chillies & Spicy,Jordan,1kg,,12.0,,,12.0,,Rawabi,Active
2026-08-05,Vegetables,Fresh Fruit Basket,Combo Pack,,,,165.0,,,,,,Active
2026-08-05,Vegetables,Fresh Fruits Basket Small,Combo Pack,,,,130.0,,,,,,Active
2026-08-05,Vegetables,Mix Fruit Basket-Medium,Combo Pack,,,,250.0,,,,,,Active
2026-08-05,Vegetables,Mix Fruit Basket-Small,Combo Pack,,,,180.0,,,,,,Active
2026-08-05,Vegetables,Pinakbet Mixed,Combo Pack,,1kg,,,25.0,,,25.0,Family,Active
2026-08-05,Vegetables,Baby Corn (Packet),Corns & Baby Corn,Thailand,,,7.0,,,,,,Active
2026-08-05,Vegetables,Zucchini,Courgettes & Artichoke,Jordan,1kg,,5.0,,,5.0,,Rawabi,Active
2026-08-05,Vegetables,Zucchini Mazra Doha,Courgettes & Artichoke,,1kg,,6.5,,,6.5,,Rawabi,Active
2026-08-05,Vegetables,Cucumber Premium Doha,Cucumber,,1kg,,7.5,,,7.5,,Rawabi,Active
2026-08-05,Vegetables,Garlic,Garlic,India,,,,12.25,,,,,Active
2026-08-05,Vegetables,Garlic,Garlic,China,1kg,,8.0,,,8.0,,Rawabi,Active
2026-08-05,Vegetables,Garlic,Garlic,India,1kg,,22.0,,,22.0,,Rawabi,Active
2026-08-05,Vegetables,Garlic Packet Big,Garlic,China,,,9.0,,,,,,Active
2026-08-05,Vegetables,Garlic Peeled,Garlic,,1kg,,24.0,,,24.0,,Rawabi,Active
2026-08-05,Vegetables,Garlic Small Pkt ( ),Garlic,China,,,4.5,4.5,,,,,Active
2026-08-05,Vegetables,Ashgourd,Gourds,Oman,1kg,,5.5,,,5.5,,Rawabi,Active
2026-08-05,Vegetables,Bitter Gourd,Gourds,India,1kg,,17.5,,,17.5,,Rawabi,Active
2026-08-05,Vegetables,Bottle Gourd Doha,Gourds,,1kg,,7.5,,,7.5,,Rawabi,Active
2026-08-05,Vegetables,Bottlegourd,Gourds,India,1kg,,15.75,,,15.75,,Rawabi,Active
2026-08-05,Vegetables,Ivy Gourd (Kovakka) Indian,Gourds,India,1kg,,16.5,,,16.5,,Rawabi,Active
2026-08-05,Vegetables,Parwal,Gourds,Bangladesh,1kg,,17.0,,,17.0,,Rawabi,Active
2026-08-05,Vegetables,Ridge Gourd,Gourds,India,1kg,,20.0,,,20.0,,Rawabi,Active
2026-08-05,Vegetables,Snake Gourd,Gourds,India,1kg,,15.5,,,15.5,,Rawabi,Active
2026-08-05,Vegetables,Celery Stick,Herbs,Spain,1kg,,38.0,,,38.0,,Rawabi,Active
2026-08-05,Vegetables,Coriander Leaves 1 Bunch,Herbs,Saudi,,,13.0,,,,,,Active
2026-08-05,Vegetables,Curry Leaves,Herbs,,,,3.0,,,,,,Active
2026-08-05,Vegetables,Curry Leaves,Herbs,Uganda,,,38.0,,,,,,Active
2026-08-05,Vegetables,Granadilla Fruit Colombia,Herbs,,1kg,,88.0,,,88.0,,Rawabi,Active
2026-08-05,Vegetables,Lemon Grass,Herbs,Thailand,1kg,,52.0,,,52.0,,Rawabi,Active
2026-08-05,Vegetables,Mint Leaves 1 Bunch,Herbs,Saudi,,,14.0,,,,,,Active
2026-08-05,Vegetables,Parsley Leaves 1 Bunch,Herbs,Saudi,,,10.0,,,,,,Active
2026-08-05,Vegetables,Rosemary,Herbs,Kenya,1.0pc,,10.0,,,10000.0,,Rawabi,Active
2026-08-05,Vegetables,Lady Finger,Lady Finger,India,1kg,,17.25,,,17.25,,Rawabi,Active
2026-08-05,Vegetables,Lady Finger Doha,Lady Finger,,1kg,,11.0,,,11.0,,Rawabi,Active
2026-08-05,Vegetables,Arugula (Jerjir)Leaves Doha 1 Bunch,Leafy Vegetables,,,,7.0,,,,,,Active
2026-08-05,Vegetables,Baby Rocket -Packet,Leafy Vegetables,Italy,,,10.5,,,,,,Active
2026-08-05,Vegetables,Kale Leaves,Leafy Vegetables,Holland,1kg,,65.0,,,65.0,,Rawabi,Active
2026-08-05,Vegetables,Kangkong Doha,Leafy Vegetables,,1.0pc,,7.0,,,7000.0,,Rawabi,Active
2026-08-05,Vegetables,Lettuce,Leafy Vegetables,Oman,1kg,,5.5,,,5.5,,Rawabi,Active
2026-08-05,Vegetables,Lettuce Iceberg,Leafy Vegetables,Oman,1kg,,10.5,,,10.5,,Rawabi,Active
2026-08-05,Vegetables,Molokhia Doha,Leafy Vegetables,,,,5.5,,,,,,Active
2026-08-05,Vegetables,Pechay Leaves Doha,Leafy Vegetables,,1.0pc,,8.5,,,8500.0,,Rawabi,Active
2026-08-05,Vegetables,Red Spinach Doha 1 Bunch,Leafy Vegetables,,,,5.75,,,,,,Active
2026-08-05,Vegetables,Spinach Doha 1 Bunch,Leafy Vegetables,,,,5.5,,,,,,Active
2026-08-05,Vegetables,Leeks,Leeks/Spring Onions,Holland,1kg,,35.0,,,35.0,,Rawabi,Active
2026-08-05,Vegetables,Spring Onion Arabia,Leeks/Spring Onions,Saudi,1.0pc,,11.0,,,11000.0,,Rawabi,Active
2026-08-05,Vegetables,Agrico Eggplant,Mushrooms,Qatar,,,,7.5,,,,,Active
2026-08-05,Vegetables,Agrico Mushroom White Doha Packet,Mushrooms,,,,7.0,,,,,,Active
2026-08-05,Vegetables,Mushroom Brown Doha-Packet,Mushrooms,,,,8.5,,,,,,Active
2026-08-05,Vegetables,Mushroom Mix Doha Packet,Mushrooms,,,,13.0,,,,,,Active
2026-08-05,Vegetables,Mushroom Oyster Netherland Pac,Mushrooms,,150g,,13.5,,,90.0,,Rawabi,Active
2026-08-05,Vegetables,Mushroom Shiitake Netherland Packet,Mushrooms,,,,13.0,,,,,,Active
2026-08-05,Vegetables,Mushroom Slice,Mushrooms,Qatar,,,,8.5,,,,,Active
2026-08-05,Vegetables,Mushroom Slice Doha-Packet,Mushrooms,,,,8.5,,,,,,Active
2026-08-05,Vegetables,Mushrooms Portobello,Mushrooms,,,,,11.25,,,,,Active
2026-08-05,Vegetables,Onion Big,Onion,India,1kg,,3.5,,,3.5,,Rawabi,Active
2026-08-05,Vegetables,Onion Medium Bag,Onion,India,,,16.5,,,,,,Active
2026-08-05,Vegetables,Onion Red,Onion,Egypt,,,,3.5,,,,,Active
2026-08-05,Vegetables,Onion Small,Onion,India,1kg,,17.25,,,17.25,,Rawabi,Active
2026-08-05,Vegetables,Onion Small Bag,Onion,India,,,10.5,,,,,,Active
2026-08-05,Vegetables,Onion White,Onion,Australia,1kg,,10.5,,,10.5,,Rawabi,Active
2026-08-05,Vegetables,Onion Yeman,Onion,,1kg,,4.5,,,4.5,,Rawabi,Active
2026-08-05,Vegetables,White Onion,Onion,Oman,1kg,,6.75,,,6.75,,Rawabi,Active
2026-08-05,Vegetables,Bagal Leaves,Other Vegetables,,1.0pc,,9.0,,,9000.0,,Rawabi,Active
2026-08-05,Vegetables,Chilies Red,Other Vegetables,Spain,1kg,,45.0,,,45.0,,Rawabi,Active
2026-08-05,Vegetables,Chinese Potato,Other Vegetables,,1kg,,13.5,,,13.5,,Rawabi,Active
2026-08-05,Vegetables,Colacasia,Other Vegetables,India,1kg,,18.0,,,18.0,,Rawabi,Active
2026-08-05,Vegetables,Drumstick,Other Vegetables,India,1kg,,17.25,,,17.25,,Rawabi,Active
2026-08-05,Vegetables,Drumstick Leaves,Other Vegetables,India,1.0pc,,6.0,,,6000.0,,Rawabi,Active
2026-08-05,Vegetables,Eggplant,Other Vegetables,Holland,,,,28.0,,,,,Active
2026-08-05,Vegetables,Eggplant Long Arabia,Other Vegetables,Saudi,1kg,,11.0,,,11.0,,Rawabi,Active
2026-08-05,Vegetables,Eggplant Premium,Other Vegetables,Oman,1kg,,6.75,,,6.75,,Rawabi,Active
2026-08-05,Vegetables,Fig,Other Vegetables,Turkey,1kg,,46.0,,,46.0,,Rawabi,Active
2026-08-05,Vegetables,Fig Dry Syria,Other Vegetables,,1kg,,68.0,,,68.0,,Rawabi,Active
2026-08-05,Vegetables,Govar,Other Vegetables,India,1kg,,16.75,,,16.75,,Rawabi,Active
2026-08-05,Vegetables,Guava,Other Vegetables,India,1kg,,24.5,,,24.5,,Rawabi,Active
2026-08-05,Vegetables,Guava -Packet,Other Vegetables,Thailand,,,32.0,,,,,,Active
2026-08-05,Vegetables,Guava Red,Other Vegetables,Thailand,1kg,,42.0,,,42.0,,Rawabi,Active
2026-08-05,Vegetables,Guava Red -Packet,Other Vegetables,Thailand,,,34.0,,,,,,Active
2026-08-05,Vegetables,Lollo Bioanda,Other Vegetables,Holland,1kg,,68.0,,,68.0,,Rawabi,Active
2026-08-05,Vegetables,Longan -Packet,Other Vegetables,Thailand,,,24.0,,,,,,Active
2026-08-05,Vegetables,Palak Leaves Doha,Other Vegetables,,1.0pc,,5.0,,,5000.0,,Rawabi,Active
2026-08-05,Vegetables,Rambutan -Packet,Other Vegetables,Thailand,,,22.0,,,,,,Active
2026-08-05,Vegetables,Star Eggplant,Other Vegetables,India,1kg,,16.75,,,16.75,,Rawabi,Active
2026-08-05,Vegetables,Tamarind -Box,Other Vegetables,Thailand,,,23.0,,,,,,Active
2026-08-05,Vegetables,Beans,Peas & Beans,India,1kg,,18.5,,,18.5,,Rawabi,Active
2026-08-05,Vegetables,Beans Fine Bean & Snow Peas Ke,Peas & Beans,,250g,,14.0,,,56.0,,Rawabi,Active
2026-08-05,Vegetables,Long Beans,Peas & Beans,India,1kg,,27.0,,,27.0,,Rawabi,Active
2026-08-05,Vegetables,Lothi,Potatoes & Starchy Vegetables,,1kg,,16.0,,,16.0,,Rawabi,Active
2026-08-05,Vegetables,Potato,Potatoes & Starchy Vegetables,Bangladesh,1kg,,16.0,,,16.0,,Rawabi,Active
2026-08-05,Vegetables,Potato,Potatoes & Starchy Vegetables,Pakistan,1kg,,3.0,,,3.0,,Rawabi,Active
2026-08-05,Vegetables,Potato,Potatoes & Starchy Vegetables,Oman,1kg,,3.5,,,3.5,,Rawabi,Active
2026-08-05,Vegetables,Potato Bag,Potatoes & Starchy Vegetables,Pakistan,,,7.0,,,,,,Active
2026-08-05,Vegetables,Potato Bag,Potatoes & Starchy Vegetables,Saudi,1kg,,13.0,,,13.0,,Rawabi,Active
2026-08-05,Vegetables,Potato Box,Potatoes & Starchy Vegetables,Lebanon,,,17.0,,,,,,Active
2026-08-05,Vegetables,Potato Small Bag,Potatoes & Starchy Vegetables,Egypt,,,16.0,,,,,,Active
2026-08-05,Vegetables,Potato Syria,Potatoes & Starchy Vegetables,,1kg,,3.0,,,3.0,,Rawabi,Active
2026-08-05,Vegetables,Sweet Potato,Potatoes & Starchy Vegetables,India,,,,10.0,,,,,Active
2026-08-05,Vegetables,Sweet Potato,Potatoes & Starchy Vegetables,Australia,1kg,,38.0,,,38.0,,Rawabi,Active
2026-08-05,Vegetables,Sweet Potato Africa,Potatoes & Starchy Vegetables,,1kg,,8.75,,,8.75,,Rawabi,Active
2026-08-05,Vegetables,Sweet Potato By Air,Potatoes & Starchy Vegetables,Uganda,1kg,,16.5,,,16.5,,Rawabi,Active
2026-08-05,Vegetables,Tapioca,Potatoes & Starchy Vegetables,Sri Lanka,1kg,,12.5,,,12.5,,Rawabi,Active
2026-08-05,Vegetables,Yam,Potatoes & Starchy Vegetables,India,1kg,,11.0,,,11.0,,Rawabi,Active
2026-08-05,Vegetables,Yam Indian,Potatoes & Starchy Vegetables,India,,,,8.75,,,,,Active
2026-08-05,Vegetables,Butternut Pumpkin,Pumpkin,Oman,1kg,,7.75,,,7.75,,Rawabi,Active
2026-08-05,Vegetables,Disco Pumpkin,Pumpkin,India,1kg,,13.75,,,13.75,,Rawabi,Active
2026-08-05,Vegetables,Pumpkin Doha,Pumpkin,,1kg,,5.0,,,5.0,,Rawabi,Active
2026-08-05,Vegetables,Pumpkin Medium,Pumpkin,India,,,,8.75,,,,,Active
2026-08-05,Vegetables,White Pumpkin,Pumpkin,Qatar,,,,7.0,,,,,Active
2026-08-05,Vegetables,Radish Red -Packet,Raddish,Holland,,,5.5,,,,,,Active
2026-08-05,Vegetables,Radish White,Raddish,China,1kg,,7.75,,,7.75,,Rawabi,Active
2026-08-05,Vegetables,Red Radish,Raddish,Holland,1kg,,33.5,,,33.5,,Rawabi,Active
2026-08-05,Vegetables,Brussels Sprouts Netherland,Sprouts,,1kg,,49.0,,,49.0,,Rawabi,Active
2026-08-05,Vegetables,Bunch Tomato,Tomato,Turkey,1kg,,9.75,,,9.75,,Rawabi,Active
2026-08-05,Vegetables,Cherry Tomato -Packet,Tomato,Morocco,,,20.0,,,,,,Active
2026-08-05,Vegetables,Cherry Tomato Glass,Tomato,Morocco,1kg,,10.0,,,10.0,,Rawabi,Active
2026-08-05,Vegetables,Cherry Tomato Yellow Packet,Tomato,Holland,,,14.0,,,,,,Active
2026-08-05,Vegetables,Tomato Cherry Orange Netherland 250,Tomato,,,,14.75,,,,,,Active
2026-08-05,Vegetables,Tomato Cherry Plum Red,Tomato,Spain,500g,,26.0,,,52.0,,Rawabi,Active
2026-08-05,Vegetables,Tomato Green House Syria,Tomato,,1kg,,4.25,,,4.25,,Rawabi,Active
2026-08-05,Vegetables,Tomato Kumato,Tomato,Spain,1kg,,42.0,,,42.0,,Rawabi,Active
2026-08-05,Vegetables,Tomato Sweet Cherry Vine Netherland,Tomato,,,,55.0,,,,,,Active
2026-08-05,Vegetables,Turmeric,Turmeric,India,,,,3.5,,,,,Active
2026-08-05,Vegetables,Turmeric -Packet,Turmeric,Thailand,,,6.5,,,,,,Active
2026-08-05,Fruits,Apple Africa,Apples,,1kg,,,,,,,,Market Out
2026-08-05,Fruits,Apple Golden,Apples,Italy,1kg,,,,,,,,Market Out
2026-08-05,Fruits,Apple Red,Apples,Usa,1kg,,,,,,,,Market Out
2026-08-05,Fruits,Apple Ukraine,Apples,,1kg,,,,,,,,Market Out
2026-08-05,Fruits,Banana Flower,Banana,,1kg,,,,,,,,Market Out
2026-08-05,Fruits,Kadali Banana By Air,Banana,India,1kg,,,,,,,,Market Out
2026-08-05,Fruits,Black Berry -Packet,Berries,Morocco,,,,,,,,,Market Out
2026-08-05,Fruits,Raspberry Africa Packet,Berries,,,,,,,,,,Market Out
2026-08-05,Fruits,Mandarine Nadarcott,Citrus Fruits,Egypt,1kg,,,,,,,,Market Out
2026-08-05,Fruits,Grapes Red -Packet,Grapes,India,,,,,,,,,Market Out
2026-08-05,Fruits,Kiwi Greece,Kiwi,,1kg,,,,,,,,Market Out
2026-08-05,Fruits,Mango Badami Air,Mangoes,India,1kg,,,,,,,,Market Out
2026-08-05,Fruits,Mango Galbetor Yeman,Mangoes,,1kg,,,,,,,,Market Out
2026-08-05,Fruits,Mango Yemen Cartoon,Mangoes,,,,,,,,,,Market Out
2026-08-05,Fruits,Plums Red Africa,Plums,,1kg,,,,,,,,Market Out
2026-08-05,Fruits,Pomegranate -Carton,Pomegranates,India,,,,,,,,,Market Out
2026-08-05,Vegetables,Cabbage Sliced,Cabbage & Broccoli,,1kg,,,,,,,,Market Out
2026-08-05,Vegetables,Cauliflower Mazra Doha,Cabbage & Broccoli,,1kg,,,,,,,,Market Out
2026-08-05,Vegetables,Green Chilly By Air,Chillies & Spicy,India,1kg,,,,,,,,Market Out
2026-08-05,Vegetables,Green Chilly By Air,Chillies & Spicy,India,250g,,,,,,,,Market Out
2026-08-05,Vegetables,Jalapeno Hot Red Pepper,Chillies & Spicy,Usa,,,,,,,,,Market Out
2026-08-05,Vegetables,Sambar Mixed Vegetable,Combo Pack,,,,,,,,,,Market Out
2026-08-05,Vegetables,Cucumber Mazra Doha,Cucumber,,1kg,,,,,,,,Market Out
2026-08-05,Vegetables,Ash Gourd(Kumbalam),Gourds,India,,,,,,,,,Market Out
2026-08-05,Vegetables,Baby Fennel Africa-Packet,Herbs,,,,,,,,,,Market Out
2026-08-05,Vegetables,Fennel,Herbs,,,,,,,,,,Market Out
2026-08-05,Vegetables,Green Basil ( ),Herbs,Kenya,,,,,,,,,Market Out
2026-08-05,Vegetables,Mint Leaves -Packet,Herbs,Jordan,,,,,,,,,Market Out
2026-08-05,Vegetables,Arugula (Jerjir)Leaves Doha,Leafy Vegetables,,500g,,,,,,,,Market Out
2026-08-05,Vegetables,Lettuce Gem Tray,Leafy Vegetables,Spain,,,,,,,,,Market Out
2026-08-05,Vegetables,Lettuce Ice Berge,Leafy Vegetables,Spain,1kg,,,,,,,,Market Out
2026-08-05,Vegetables,Lettuce Ice Berge,Leafy Vegetables,Spain,250g,,,,,,,,Market Out
2026-08-05,Vegetables,Lettuce Lollo Rossa,Leafy Vegetables,,,,,,,,,,Market Out
2026-08-05,Vegetables,Mushroom White Doha-Packet,Mushrooms,,,,,,,,,,Market Out
2026-08-05,Vegetables,Green Spianch Doha 1 Bunch,Other Vegetables,,,,,,,,,,Market Out
2026-08-05,Vegetables,Palak Doha Pc,Other Vegetables,,,,,,,,,,Market Out
2026-08-05,Vegetables,Squash ( )-,Other Vegetables,Lebanon,,,,,,,,,Market Out
2026-08-05,Vegetables,Aravi Big,Potatoes & Starchy Vegetables,India,,,,,,,,,Market Out
2026-08-05,Vegetables,Butter Nut Pumpkin Africa,Pumpkin,,1kg,,,,,,,,Market Out
2026-08-05,Vegetables,Pumpkin,Pumpkin,Oman,1kg,,,,,,,,Market Out
2026-08-05,Vegetables,Pumpkin Mathan Green,Pumpkin,India,,,,,,,,,Market Out
2026-08-05,Vegetables,Mung Bean Sprouts Pkts,Sprouts,,,,,,,,,,Market Out
2026-08-05,Vegetables,Tomato Green House,Tomato,Jordan,1kg,,,,,,,,Market Out
2026-08-04,Fruits,Apple Africa,Apples,,1kg,,11.0,,,11.0,,Rawabi,Active
2026-08-04,Fruits,Apple Gala,Apples,France,1kg,,11.0,,,11.0,,Rawabi,Active
2026-08-04,Fruits,Apple Golden,Apples,Italy,1kg,,12.0,,,12.0,,Rawabi,Active
2026-08-04,Fruits,Apple Green,Apples,Spain,1kg,,11.5,,,11.5,,Rawabi,Active
2026-08-04,Fruits,Apple Red,Apples,Usa,1kg,,14.5,,,14.5,,Rawabi,Active
2026-08-04,Fruits,Apple Ukraine,Apples,,1kg,,10.0,,,10.0,,Rawabi,Active
2026-08-04,Fruits,Pineapple,Apples,India,1kg,,17.0,,,17.0,,Rawabi,Active
2026-08-04,Fruits,Pineapple Golden,Apples,Kenya,1kg,,13.5,,,13.5,,Rawabi,Active
2026-08-04,Fruits,Avocado,Avocado,Uganda,1kg,,18.0,,,18.0,,Rawabi,Active
2026-08-04,Fruits,Avocado Hass,Avocado,Uganda,1kg,,25.0,,,25.0,,Rawabi,Active
2026-08-04,Fruits,Banana,Banana,Philippines,1kg,,7.5,,,7.5,,Rawabi,Active
2026-08-04,Fruits,Banana Flower,Banana,,1kg,,17.0,,,17.0,,Rawabi,Active
2026-08-04,Fruits,Banana Yellow,Banana,India,1kg,,12.75,,,12.75,,Rawabi,Active
2026-08-04,Fruits,Kadali Banana By Air,Banana,India,1kg,,17.5,,,17.5,,Rawabi,Active
2026-08-04,Fruits,Kadhali Banana,Banana,India,1kg,,16.0,,,16.0,,Rawabi,Active
2026-08-04,Fruits,Black Berry -Packet,Berries,Morocco,,,24.5,,,,,,Active
2026-08-04,Fruits,Blackberry -Packet,Berries,Usa,,,24.0,,,,,,Active
2026-08-04,Fruits,Blueberry -Packet,Berries,Morocco,,,13.0,,,,,,Active
2026-08-04,Fruits,Raspberry Africa Packet,Berries,,,,26.0,,,,,,Active
2026-08-04,Fruits,Lemon Africa,Citrus Fruits,,1kg,,8.5,,,8.5,,Rawabi,Active
2026-08-04,Fruits,Lemon Africa,Citrus Fruits,,250g,,2.25,,,9.0,,Rawabi,Active
2026-08-04,Fruits,Lime,Citrus Fruits,Vietnam,1kg,,9.75,,,9.75,,Rawabi,Active
2026-08-04,Fruits,Lime,Citrus Fruits,Vietnam,250g,,2.5,,,10.0,,Rawabi,Active
2026-08-04,Fruits,Mandarin,Citrus Fruits,China,1kg,,13.5,,,13.5,,Rawabi,Active
2026-08-04,Fruits,Mandarine Nadarcott,Citrus Fruits,Egypt,1kg,,8.5,,,8.5,,Rawabi,Active
2026-08-04,Fruits,Orange Navel Africa,Citrus Fruits,,1kg,,9.75,,,9.75,,Rawabi,Active
2026-08-04,Fruits,Orange Valencia,Citrus Fruits,Egypt,1kg,,4.75,,,4.75,,Rawabi,Active
2026-08-04,Fruits,Coconut,Coconut,India,1.0pc,,3.0,,,3000.0,,Rawabi,Active
2026-08-04,Fruits,Coconut Grated,Coconut,India,1.0pc,,3.5,,,3500.0,,Rawabi,Active
2026-08-04,Fruits,Coconut Young,Coconut,Sri Lanka,1.0pc,,11.0,,,11000.0,,Rawabi,Active
2026-08-04,Fruits,Grape White Packet,Grapes,Egypt,1kg,,16.0,,,16.0,,Rawabi,Active
2026-08-04,Fruits,Grapefruit Africa,Grapes,,1kg,,8.75,,,8.75,,Rawabi,Active
2026-08-04,Fruits,Grapes Red -Packet,Grapes,India,,,9.0,,,,,,Active
2026-08-04,Fruits,Grapes White,Grapes,Australia,1kg,,50.0,,,50.0,,Rawabi,Active
2026-08-04,Fruits,Grapes White,Grapes,Australia,500g,,25.0,,,50.0,,Rawabi,Active
2026-08-04,Fruits,Green Banana,Green Banana,Uganda,1kg,,17.75,,,17.75,,Rawabi,Active
2026-08-04,Fruits,Green Banana,Green Banana,India,1kg,,12.0,,,12.0,,Rawabi,Active
2026-08-04,Fruits,Kiwi Gold New Zealand,Kiwi,,1kg,,55.0,,,55.0,,Rawabi,Active
2026-08-04,Fruits,Kiwi Gold New Zealand,Kiwi,,250g,,15.0,,,60.0,,Rawabi,Active
2026-08-04,Fruits,Kiwi Greece,Kiwi,,1kg,,28.0,,,28.0,,Rawabi,Active
2026-08-04,Fruits,Mango Badami Air,Mangoes,India,1kg,,18.0,,,18.0,,Rawabi,Active
2026-08-04,Fruits,Mango Galbetor Yeman,Mangoes,,1kg,,13.5,,,13.5,,Rawabi,Active
2026-08-04,Fruits,Mango Yemen Cartoon,Mangoes,,,,35.0,,,,,,Active
2026-08-04,Fruits,Mangosteen Packet,Mangoes,Thailand,,,25.0,,,,,,Active
2026-08-04,Fruits,Sweet Melon,Melons,Jordan,1kg,,3.5,,,3.5,,Rawabi,Active
2026-08-04,Fruits,Water Melon,Melons,Jordan,1kg,,3.5,,,3.5,,Rawabi,Active
2026-08-04,Fruits,Papaya,Papaya,Sri Lanka,1kg,,17.5,,,17.5,,Rawabi,Active
2026-08-04,Fruits,Plums Red Africa,Plums,,1kg,,15.5,,,15.5,,Rawabi,Active
2026-08-04,Fruits,Pomegranate,Pomegranates,India,1kg,,21.0,,,21.0,,Rawabi,Active
2026-08-04,Fruits,Pomegranate,Pomegranates,India,500g,,10.5,,,21.0,,Rawabi,Active
2026-08-04,Fruits,Pomegranate -Carton,Pomegranates,India,,,30.0,,,,,,Active
2026-08-04,Vegetables,Beetroot,Beetroot,Oman,1kg,,6.5,,,6.5,,Rawabi,Active
2026-08-04,Vegetables,Beetroot Cooked,Beetroot,,500g,,,22.0,,,44.0,Family,Active
2026-08-04,Vegetables,Broccoli,Cabbage & Broccoli,Spain,1kg,,20.0,,,20.0,,Rawabi,Active
2026-08-04,Vegetables,Broccoli,Cabbage & Broccoli,Spain,500g,,10.0,,,20.0,,Rawabi,Active
2026-08-04,Vegetables,Cabbage,Cabbage & Broccoli,Oman,1kg,,4.5,,,4.5,,Rawabi,Active
2026-08-04,Vegetables,Cabbage Sliced,Cabbage & Broccoli,,1kg,,,10.0,,,10.0,Family,Active
2026-08-04,Vegetables,Cauliflower Mazra Doha,Cabbage & Broccoli,,1kg,,8.0,,,8.0,,Rawabi,Active
2026-08-04,Vegetables,Capsicum,Capsicum,Holland,1kg,,22.0,,,22.0,,Rawabi,Active
2026-08-04,Vegetables,Capsicum,Capsicum,Holland,500g,,17.5,,,35.0,,Rawabi,Active
2026-08-04,Vegetables,Capsicum 4Color (Packet),Capsicum,Holland,,,22.0,,,,,,Active
2026-08-04,Vegetables,Capsicum Green,Capsicum,Jordan,1kg,,5.0,,,5.0,,Rawabi,Active
2026-08-04,Vegetables,Capsicum Green,Capsicum,Jordan,500g,,2.5,,,5.0,,Rawabi,Active
2026-08-04,Vegetables,Carrot,Carrots,Australia,1kg,,7.0,,,7.0,,Rawabi,Active
2026-08-04,Vegetables,Carrot,Carrots,Australia,500g,,3.5,,,7.0,,Rawabi,Active
2026-08-04,Vegetables,Chayote,Chayote,India,1kg,,16.0,,,16.0,,Rawabi,Active
2026-08-04,Vegetables,Chilli,Chillies & Spicy,Uganda,1kg,,19.5,,,19.5,,Rawabi,Active
2026-08-04,Vegetables,Chilli,Chillies & Spicy,Uganda,250g,,5.0,,,20.0,,Rawabi,Active
2026-08-04,Vegetables,Ginger,Chillies & Spicy,China,1kg,,8.0,,,8.0,,Rawabi,Active
2026-08-04,Vegetables,Ginger,Chillies & Spicy,Uganda,1kg,,19.0,,,19.0,,Rawabi,Active
2026-08-04,Vegetables,Ginger,Chillies & Spicy,China,250g,,2.0,,,8.0,,Rawabi,Active
2026-08-04,Vegetables,Ginger,Chillies & Spicy,Uganda,250g,,4.75,,,19.0,,Rawabi,Active
2026-08-04,Vegetables,Green Chilly By Air,Chillies & Spicy,India,1kg,,17.0,,,17.0,,Rawabi,Active
2026-08-04,Vegetables,Green Chilly By Air,Chillies & Spicy,India,250g,,5.0,,,20.0,,Rawabi,Active
2026-08-04,Vegetables,Hot Pepper Mix,Chillies & Spicy,Uganda,1kg,,32.5,,,32.5,,Rawabi,Active
2026-08-04,Vegetables,Hot Pepper Mix,Chillies & Spicy,Uganda,250g,,8.25,,,33.0,,Rawabi,Active
2026-08-04,Vegetables,Jalapeno Hot Red Pepper,Chillies & Spicy,Usa,,,,65.0,,,,,Active
2026-08-04,Vegetables,Jalapeno Peppers,Chillies & Spicy,,,,,16.25,,,,,Active
2026-08-04,Vegetables,Pinakbet Mixed,Combo Pack,,1kg,,,25.0,,,25.0,Family,Active
2026-08-04,Vegetables,Sambar Mixed Vegetable,Combo Pack,,,,,10.0,,,,,Active
2026-08-04,Vegetables,Zucchini,Courgettes & Artichoke,Jordan,1kg,,5.0,,,5.0,,Rawabi,Active
2026-08-04,Vegetables,Cucumber Mazra Doha,Cucumber,,1kg,,7.5,,,7.5,,Rawabi,Active
2026-08-04,Vegetables,Cucumber Premium Doha,Cucumber,,1kg,,7.5,,,7.5,,Rawabi,Active
2026-08-04,Vegetables,Garlic,Garlic,China,1kg,,8.0,,,8.0,,Rawabi,Active
2026-08-04,Vegetables,Garlic,Garlic,China,250g,,2.0,,,8.0,,Rawabi,Active
2026-08-04,Vegetables,Garlic Packet Big,Garlic,China,,,9.0,,,,,,Active
2026-08-04,Vegetables,Garlic Small Pkt ( ),Garlic,China,,,4.5,,,,,,Active
2026-08-04,Vegetables,Ash Gourd(Kumbalam),Gourds,India,,,,17.5,,,,,Active
2026-08-04,Vegetables,Ashgourd,Gourds,Oman,1kg,,5.75,,,5.75,,Rawabi,Active
2026-08-04,Vegetables,Bitter Gourd,Gourds,India,1kg,,17.0,,,17.0,,Rawabi,Active
2026-08-04,Vegetables,Bottle Gourd Doha,Gourds,,1kg,,6.5,,,6.5,,Rawabi,Active
2026-08-04,Vegetables,Ivy Gourd (Kovakka) Indian,Gourds,India,1kg,,16.5,,,16.5,,Rawabi,Active
2026-08-04,Vegetables,Ridge Gourd,Gourds,India,1kg,,17.0,,,17.0,,Rawabi,Active
2026-08-04,Vegetables,Snake Gourd,Gourds,India,1kg,,17.0,,,17.0,,Rawabi,Active
2026-08-04,Vegetables,Baby Fennel Africa-Packet,Herbs,,,,22.5,,,,,,Active
2026-08-04,Vegetables,Celery Stick,Herbs,Spain,1kg,,35.0,,,35.0,,Rawabi,Active
2026-08-04,Vegetables,Celery Stick,Herbs,Spain,250g,,8.75,,,35.0,,Rawabi,Active
2026-08-04,Vegetables,Curry Leaves,Herbs,Uganda,,,35.0,,,,,,Active
2026-08-04,Vegetables,Fennel,Herbs,,,,,22.5,,,,,Active
2026-08-04,Vegetables,Green Basil ( ),Herbs,Kenya,,,,16.0,,,,,Active
2026-08-04,Vegetables,Mint Leaves -Packet,Herbs,Jordan,,,3.5,,,,,,Active
2026-08-04,Vegetables,Parsley Leaves 1 Bunch,Herbs,Saudi,,,2.0,,,,,,Active
2026-08-04,Vegetables,Rosemary,Herbs,Kenya,1.0pc,,12.0,,,12000.0,,Rawabi,Active
2026-08-04,Vegetables,Lady Finger,Lady Finger,India,1kg,,17.0,,,17.0,,Rawabi,Active
2026-08-04,Vegetables,Arugula (Jerjir)Leaves Doha,Leafy Vegetables,,500g,,3.75,,,7.5,,Rawabi,Active
2026-08-04,Vegetables,Arugula (Jerjir)Leaves Doha 1 Bunch,Leafy Vegetables,,,,7.5,,,,,,Active
2026-08-04,Vegetables,Kangkong Doha,Leafy Vegetables,,1.0pc,,4.0,,,4000.0,,Rawabi,Active
2026-08-04,Vegetables,Lettuce,Leafy Vegetables,Jordan,1kg,,3.0,,,3.0,,Rawabi,Active
2026-08-04,Vegetables,Lettuce,Leafy Vegetables,Jordan,500g,,1.75,,,3.5,,Rawabi,Active
2026-08-04,Vegetables,Lettuce Gem Tray,Leafy Vegetables,Spain,,,,15.0,,,,,Active
2026-08-04,Vegetables,Lettuce Ice Berge,Leafy Vegetables,Spain,1kg,,38.0,,,38.0,,Rawabi,Active
2026-08-04,Vegetables,Lettuce Ice Berge,Leafy Vegetables,Spain,250g,,9.5,,,38.0,,Rawabi,Active
2026-08-04,Vegetables,Lettuce Lollo Rossa,Leafy Vegetables,,,,,18.0,,,,,Active
2026-08-04,Vegetables,Molokhia Doha,Leafy Vegetables,,,,4.5,,,,,,Active
2026-08-04,Vegetables,Molokhia Doha,Leafy Vegetables,,250g,,1.25,,,5.0,,Rawabi,Active
2026-08-04,Vegetables,Red Spinach Doha 1 Bunch,Leafy Vegetables,,,,3.5,,,,,,Active
2026-08-04,Vegetables,Leeks,Leeks/Spring Onions,Holland,1kg,,34.0,,,34.0,,Rawabi,Active
2026-08-04,Vegetables,Leeks,Leeks/Spring Onions,Holland,250g,,8.5,,,34.0,,Rawabi,Active
2026-08-04,Vegetables,Mushroom Brown Doha-Packet,Mushrooms,,,,8.5,,,,,,Active
2026-08-04,Vegetables,Mushroom Slice,Mushrooms,Qatar,,,,8.5,,,,,Active
2026-08-04,Vegetables,Mushroom Slice Doha-Packet,Mushrooms,,,,8.5,,,,,,Active
2026-08-04,Vegetables,Mushroom White Doha-Packet,Mushrooms,,,,7.0,,,,,,Active
2026-08-04,Vegetables,Onion Big,Onion,India,1kg,,3.5,,,3.5,,Rawabi,Active
2026-08-04,Vegetables,Onion Medium Bag,Onion,India,,,16.0,,,,,,Active
2026-08-04,Vegetables,Onion Small,Onion,India,1kg,,18.5,,,18.5,,Rawabi,Active
2026-08-04,Vegetables,Onion Small Bag,Onion,India,,,11.0,,,,,,Active
2026-08-04,Vegetables,Onion White,Onion,Spain,1kg,,11.0,,,11.0,,Rawabi,Active
2026-08-04,Vegetables,Bagal Leaves,Other Vegetables,,1.0pc,,8.0,,,8000.0,,Rawabi,Active
2026-08-04,Vegetables,Colacasia,Other Vegetables,India,1kg,,17.0,,,17.0,,Rawabi,Active
2026-08-04,Vegetables,Drumstick,Other Vegetables,India,1kg,,19.5,,,19.5,,Rawabi,Active
2026-08-04,Vegetables,Eggplant,Other Vegetables,Holland,,,,28.0,,,,,Active
2026-08-04,Vegetables,Eggplant Premium,Other Vegetables,Oman,1kg,,6.5,,,6.5,,Rawabi,Active
2026-08-04,Vegetables,Green Spianch Doha 1 Bunch,Other Vegetables,,,,3.5,,,,,,Active
2026-08-04,Vegetables,Lollo Bioanda,Other Vegetables,Holland,1kg,,16.0,,,16.0,,Rawabi,Active
2026-08-04,Vegetables,Lollo Bioanda,Other Vegetables,Holland,250g,,4.0,,,16.0,,Rawabi,Active
2026-08-04,Vegetables,Longan -Packet,Other Vegetables,Thailand,,,24.0,,,,,,Active
2026-08-04,Vegetables,Palak Doha Pc,Other Vegetables,,,,3.0,,,,,,Active
2026-08-04,Vegetables,Rambutan -Packet,Other Vegetables,Thailand,,,25.0,,,,,,Active
2026-08-04,Vegetables,Squash ( )-,Other Vegetables,Lebanon,,,,32.0,,,,,Active
2026-08-04,Vegetables,Beans,Peas & Beans,India,1kg,,19.0,,,19.0,,Rawabi,Active
2026-08-04,Vegetables,Aravi Big,Potatoes & Starchy Vegetables,India,,,,9.0,,,,,Active
2026-08-04,Vegetables,Potato,Potatoes & Starchy Vegetables,Egypt,1kg,,3.5,,,3.5,,Rawabi,Active
2026-08-04,Vegetables,Potato Bag,Potatoes & Starchy Vegetables,Pakistan,,,7.0,,,,,,Active
2026-08-04,Vegetables,Potato Syria,Potatoes & Starchy Vegetables,,1kg,,3.0,,,3.0,,Rawabi,Active
2026-08-04,Vegetables,Sweet Potato,Potatoes & Starchy Vegetables,Usa,,,,15.5,,,,,Active
2026-08-04,Vegetables,Sweet Potato,Potatoes & Starchy Vegetables,India,,,,10.0,,,,,Active
2026-08-04,Vegetables,Sweet Potato By Air,Potatoes & Starchy Vegetables,Uganda,1kg,,20.0,,,20.0,,Rawabi,Active
2026-08-04,Vegetables,Yam,Potatoes & Starchy Vegetables,India,1kg,,12.75,,,12.75,,Rawabi,Active
2026-08-04,Vegetables,Butter Nut Pumpkin Africa,Pumpkin,,1kg,,8.5,,,8.5,,Rawabi,Active
2026-08-04,Vegetables,Disco Pumpkin,Pumpkin,India,1kg,,16.0,,,16.0,,Rawabi,Active
2026-08-04,Vegetables,Pumpkin,Pumpkin,Oman,1kg,,4.75,,,4.75,,Rawabi,Active
2026-08-04,Vegetables,Pumpkin Mathan Green,Pumpkin,India,,,,18.0,,,,,Active
2026-08-04,Vegetables,Radish Red -Packet,Raddish,Holland,,,5.5,,,,,,Active
2026-08-04,Vegetables,Red Radish,Raddish,Holland,1kg,,30.0,,,30.0,,Rawabi,Active
2026-08-04,Vegetables,Mung Bean Sprouts Pkts,Sprouts,,,,,6.5,,,,,Active
2026-08-04,Vegetables,Cherry Tomato -Packet,Tomato,Morocco,,,12.0,,,,,,Active
2026-08-04,Vegetables,Tomato Green House,Tomato,Jordan,1kg,,5.75,,,5.75,,Rawabi,Active
2026-08-04,Vegetables,Tomato Green House Syria,Tomato,,1kg,,3.75,,,3.75,,Rawabi,Active
2026-08-04,Vegetables,Turmeric,Turmeric,India,1kg,,17.0,,,17.0,,Rawabi,Active
2026-08-04,Vegetables,Turmeric,Turmeric,India,250g,,4.25,,,17.0,,Rawabi,Active
2026-08-03,Fruits,Apple Africa,Apples,,1kg,,11.0,,,11.0,,Rawabi,Active
2026-08-03,Fruits,Apple Gala,Apples,France,1kg,,11.0,,,11.0,,Rawabi,Active
2026-08-03,Fruits,Apple Golden,Apples,Italy,1kg,,12.0,,,12.0,,Rawabi,Active
2026-08-03,Fruits,Apple Green,Apples,Spain,1kg,,11.5,,,11.5,,Rawabi,Active
2026-08-03,Fruits,Apple Red,Apples,Usa,1kg,,14.5,,,14.5,,Rawabi,Active
2026-08-03,Fruits,Apple Ukraine,Apples,,1kg,,10.0,,,10.0,,Rawabi,Active
2026-08-03,Fruits,Pineapple,Apples,India,1kg,,17.0,,,17.0,,Rawabi,Active
2026-08-03,Fruits,Pineapple Golden,Apples,Kenya,1kg,,13.5,,,13.5,,Rawabi,Active
2026-08-03,Fruits,Avocado,Avocado,Uganda,1kg,,18.0,,,18.0,,Rawabi,Active
2026-08-03,Fruits,Avocado Hass,Avocado,Uganda,1kg,,25.0,,,25.0,,Rawabi,Active
2026-08-03,Fruits,Banana,Banana,Philippines,1kg,,7.5,,,7.5,,Rawabi,Active
2026-08-03,Fruits,Banana Flower,Banana,,1kg,,17.0,,,17.0,,Rawabi,Active
2026-08-03,Fruits,Banana Yellow,Banana,India,1kg,,12.75,,,12.75,,Rawabi,Active
2026-08-03,Fruits,Kadali Banana By Air,Banana,India,1kg,,17.5,,,17.5,,Rawabi,Active
2026-08-03,Fruits,Kadhali Banana,Banana,India,1kg,,16.5,,,16.5,,Rawabi,Active
2026-08-03,Fruits,Black Berry -Packet,Berries,Morocco,,,24.5,,,,,,Active
2026-08-03,Fruits,Blackberry -Packet,Berries,Usa,,,24.0,,,,,,Active
2026-08-03,Fruits,Blueberry -Packet,Berries,Morocco,,,13.0,,,,,,Active
2026-08-03,Fruits,Raspberry Africa Packet,Berries,,,,26.0,,,,,,Active
2026-08-03,Fruits,Lemon Africa,Citrus Fruits,,1kg,,8.5,,,8.5,,Rawabi,Active
2026-08-03,Fruits,Lemon Africa,Citrus Fruits,,250g,,2.25,,,9.0,,Rawabi,Active
2026-08-03,Fruits,Lime,Citrus Fruits,Vietnam,1kg,,9.75,,,9.75,,Rawabi,Active
2026-08-03,Fruits,Lime,Citrus Fruits,Vietnam,250g,,2.5,,,10.0,,Rawabi,Active
2026-08-03,Fruits,Mandarin,Citrus Fruits,China,1kg,,13.5,,,13.5,,Rawabi,Active
2026-08-03,Fruits,Mandarine Nadarcott,Citrus Fruits,Egypt,1kg,,8.5,,,8.5,,Rawabi,Active
2026-08-03,Fruits,Orange Navel Africa,Citrus Fruits,,1kg,,9.75,,,9.75,,Rawabi,Active
2026-08-03,Fruits,Orange Valencia,Citrus Fruits,Egypt,1kg,,4.75,,,4.75,,Rawabi,Active
2026-08-03,Fruits,Coconut,Coconut,India,1.0pc,,3.0,,,3000.0,,Rawabi,Active
2026-08-03,Fruits,Coconut Grated,Coconut,India,1.0pc,,3.5,,,3500.0,,Rawabi,Active
2026-08-03,Fruits,Coconut Young,Coconut,Sri Lanka,1.0pc,,11.0,,,11000.0,,Rawabi,Active
2026-08-03,Fruits,Grape White Packet,Grapes,Egypt,1kg,,16.0,,,16.0,,Rawabi,Active
2026-08-03,Fruits,Grapefruit Africa,Grapes,,1kg,,8.75,,,8.75,,Rawabi,Active
2026-08-03,Fruits,Grapes Red -Packet,Grapes,India,,,9.0,,,,,,Active
2026-08-03,Fruits,Grapes White,Grapes,Australia,1kg,,50.0,,,50.0,,Rawabi,Active
2026-08-03,Fruits,Grapes White,Grapes,Australia,500g,,25.0,,,50.0,,Rawabi,Active
2026-08-03,Fruits,Green Banana,Green Banana,Uganda,1kg,,18.0,,,18.0,,Rawabi,Active
2026-08-03,Fruits,Green Banana,Green Banana,India,1kg,,12.0,,,12.0,,Rawabi,Active
2026-08-03,Fruits,Kiwi Gold New Zealand,Kiwi,,1kg,,55.0,,,55.0,,Rawabi,Active
2026-08-03,Fruits,Kiwi Gold New Zealand,Kiwi,,250g,,15.0,,,60.0,,Rawabi,Active
2026-08-03,Fruits,Kiwi Greece,Kiwi,,1kg,,28.0,,,28.0,,Rawabi,Active
2026-08-03,Fruits,Mango Badami Air,Mangoes,India,1kg,,18.0,,,18.0,,Rawabi,Active
2026-08-03,Fruits,Mango Galbetor Yeman,Mangoes,,1kg,,13.5,,,13.5,,Rawabi,Active
2026-08-03,Fruits,Mango Yemen Cartoon,Mangoes,,,,35.0,,,,,,Active
2026-08-03,Fruits,Mangosteen Packet,Mangoes,Thailand,,,25.0,,,,,,Active
2026-08-03,Fruits,Sweet Melon,Melons,Jordan,1kg,,3.5,,,3.5,,Rawabi,Active
2026-08-03,Fruits,Water Melon,Melons,Jordan,1kg,,3.5,,,3.5,,Rawabi,Active
2026-08-03,Fruits,Papaya,Papaya,Sri Lanka,1kg,,17.5,,,17.5,,Rawabi,Active
2026-08-03,Fruits,Plums Red Africa,Plums,,1kg,,15.5,,,15.5,,Rawabi,Active
2026-08-03,Fruits,Pomegranate,Pomegranates,India,1kg,,21.0,,,21.0,,Rawabi,Active
2026-08-03,Fruits,Pomegranate,Pomegranates,India,500g,,10.5,,,21.0,,Rawabi,Active
2026-08-03,Fruits,Pomegranate -Carton,Pomegranates,India,,,30.0,,,,,,Active
2026-08-03,Vegetables,Beetroot,Beetroot,Oman,1kg,,6.5,,,6.5,,Rawabi,Active
2026-08-03,Vegetables,Broccoli,Cabbage & Broccoli,Spain,1kg,,20.0,,,20.0,,Rawabi,Active
2026-08-03,Vegetables,Broccoli,Cabbage & Broccoli,Spain,500g,,10.0,,,20.0,,Rawabi,Active
2026-08-03,Vegetables,Cabbage,Cabbage & Broccoli,Oman,1kg,,4.5,,,4.5,,Rawabi,Active
2026-08-03,Vegetables,Cauliflower Mazra Doha,Cabbage & Broccoli,,1kg,,8.0,,,8.0,,Rawabi,Active
2026-08-03,Vegetables,Capsicum,Capsicum,Holland,1kg,,22.0,,,22.0,,Rawabi,Active
2026-08-03,Vegetables,Capsicum,Capsicum,Holland,500g,,17.5,,,35.0,,Rawabi,Active
2026-08-03,Vegetables,Capsicum 4Color (Packet),Capsicum,Holland,,,22.0,,,,,,Active
2026-08-03,Vegetables,Capsicum Green,Capsicum,Jordan,1kg,,5.0,,,5.0,,Rawabi,Active
2026-08-03,Vegetables,Capsicum Green,Capsicum,Jordan,500g,,2.5,,,5.0,,Rawabi,Active
2026-08-03,Vegetables,Carrot,Carrots,Australia,1kg,,7.0,,,7.0,,Rawabi,Active
2026-08-03,Vegetables,Carrot,Carrots,Australia,500g,,3.5,,,7.0,,Rawabi,Active
2026-08-03,Vegetables,Chayote,Chayote,India,1kg,,16.0,,,16.0,,Rawabi,Active
2026-08-03,Vegetables,Chilli,Chillies & Spicy,Uganda,1kg,,19.5,,,19.5,,Rawabi,Active
2026-08-03,Vegetables,Chilli,Chillies & Spicy,Uganda,250g,,5.0,,,20.0,,Rawabi,Active
2026-08-03,Vegetables,Ginger,Chillies & Spicy,China,1kg,,8.0,,,8.0,,Rawabi,Active
2026-08-03,Vegetables,Ginger,Chillies & Spicy,Uganda,1kg,,19.0,,,19.0,,Rawabi,Active
2026-08-03,Vegetables,Ginger,Chillies & Spicy,China,250g,,2.0,,,8.0,,Rawabi,Active
2026-08-03,Vegetables,Ginger,Chillies & Spicy,Uganda,250g,,4.75,,,19.0,,Rawabi,Active
2026-08-03,Vegetables,Green Chilly By Air,Chillies & Spicy,India,1kg,,19.5,,,19.5,,Rawabi,Active
2026-08-03,Vegetables,Green Chilly By Air,Chillies & Spicy,India,250g,,5.0,,,20.0,,Rawabi,Active
2026-08-03,Vegetables,Hot Pepper Mix,Chillies & Spicy,Uganda,1kg,,32.5,,,32.5,,Rawabi,Active
2026-08-03,Vegetables,Hot Pepper Mix,Chillies & Spicy,Uganda,250g,,8.25,,,33.0,,Rawabi,Active
2026-08-03,Vegetables,Zucchini,Courgettes & Artichoke,Jordan,1kg,,5.0,,,5.0,,Rawabi,Active
2026-08-03,Vegetables,Cucumber Mazra Doha,Cucumber,,1kg,,7.5,,,7.5,,Rawabi,Active
2026-08-03,Vegetables,Cucumber Premium Doha,Cucumber,,1kg,,7.5,,,7.5,,Rawabi,Active
2026-08-03,Vegetables,Garlic,Garlic,China,1kg,,8.0,,,8.0,,Rawabi,Active
2026-08-03,Vegetables,Garlic,Garlic,China,250g,,2.0,,,8.0,,Rawabi,Active
2026-08-03,Vegetables,Garlic Packet Big,Garlic,China,,,9.0,,,,,,Active
2026-08-03,Vegetables,Garlic Small Pkt ( ),Garlic,China,,,4.5,,,,,,Active
2026-08-03,Vegetables,Ashgourd,Gourds,Oman,1kg,,5.75,,,5.75,,Rawabi,Active
2026-08-03,Vegetables,Bitter Gourd,Gourds,India,1kg,,17.0,,,17.0,,Rawabi,Active
2026-08-03,Vegetables,Bottle Gourd Doha,Gourds,,1kg,,6.5,,,6.5,,Rawabi,Active
2026-08-03,Vegetables,Ivy Gourd (Kovakka) Indian,Gourds,India,1kg,,16.5,,,16.5,,Rawabi,Active
2026-08-03,Vegetables,Ridge Gourd,Gourds,India,1kg,,17.0,,,17.0,,Rawabi,Active
2026-08-03,Vegetables,Snake Gourd,Gourds,India,1kg,,17.0,,,17.0,,Rawabi,Active
2026-08-03,Vegetables,Baby Fennel Africa-Packet,Herbs,,,,22.5,,,,,,Active
2026-08-03,Vegetables,Celery Stick,Herbs,Spain,1kg,,35.0,,,35.0,,Rawabi,Active
2026-08-03,Vegetables,Celery Stick,Herbs,Spain,250g,,8.75,,,35.0,,Rawabi,Active
2026-08-03,Vegetables,Curry Leaves,Herbs,Uganda,,,35.0,,,,,,Active
2026-08-03,Vegetables,Mint Leaves -Packet,Herbs,Jordan,,,3.5,,,,,,Active
2026-08-03,Vegetables,Parsley Leaves 1 Bunch,Herbs,Saudi,,,2.0,,,,,,Active
2026-08-03,Vegetables,Rosemary,Herbs,Kenya,1.0pc,,12.0,,,12000.0,,Rawabi,Active
2026-08-03,Vegetables,Lady Finger,Lady Finger,India,1kg,,17.0,,,17.0,,Rawabi,Active
2026-08-03,Vegetables,Arugula (Jerjir)Leaves Doha,Leafy Vegetables,,500g,,3.75,,,7.5,,Rawabi,Active
2026-08-03,Vegetables,Arugula (Jerjir)Leaves Doha 1 Bunch,Leafy Vegetables,,,,7.5,,,,,,Active
2026-08-03,Vegetables,Kangkong Doha,Leafy Vegetables,,1.0pc,,4.0,,,4000.0,,Rawabi,Active
2026-08-03,Vegetables,Lettuce,Leafy Vegetables,Jordan,1kg,,3.0,,,3.0,,Rawabi,Active
2026-08-03,Vegetables,Lettuce,Leafy Vegetables,Jordan,500g,,1.75,,,3.5,,Rawabi,Active
2026-08-03,Vegetables,Lettuce Ice Berge,Leafy Vegetables,Spain,1kg,,38.0,,,38.0,,Rawabi,Active
2026-08-03,Vegetables,Lettuce Ice Berge,Leafy Vegetables,Spain,250g,,9.5,,,38.0,,Rawabi,Active
2026-08-03,Vegetables,Molokhia Doha,Leafy Vegetables,,,,4.5,,,,,,Active
2026-08-03,Vegetables,Molokhia Doha,Leafy Vegetables,,250g,,1.25,,,5.0,,Rawabi,Active
2026-08-03,Vegetables,Red Spinach Doha 1 Bunch,Leafy Vegetables,,,,3.5,,,,,,Active
2026-08-03,Vegetables,Leeks,Leeks/Spring Onions,Holland,1kg,,34.0,,,34.0,,Rawabi,Active
2026-08-03,Vegetables,Leeks,Leeks/Spring Onions,Holland,250g,,8.5,,,34.0,,Rawabi,Active
2026-08-03,Vegetables,Mushroom Brown Doha-Packet,Mushrooms,,,,8.5,,,,,,Active
2026-08-03,Vegetables,Mushroom Slice Doha-Packet,Mushrooms,,,,8.5,,,,,,Active
2026-08-03,Vegetables,Mushroom White Doha-Packet,Mushrooms,,,,7.0,,,,,,Active
2026-08-03,Vegetables,Onion Big,Onion,India,1kg,,3.5,,,3.5,,Rawabi,Active
2026-08-03,Vegetables,Onion Medium Bag,Onion,India,,,16.0,,,,,,Active
2026-08-03,Vegetables,Onion Small,Onion,India,1kg,,18.5,,,18.5,,Rawabi,Active
2026-08-03,Vegetables,Onion Small Bag,Onion,India,,,11.0,,,,,,Active
2026-08-03,Vegetables,Onion White,Onion,Spain,1kg,,11.0,,,11.0,,Rawabi,Active
2026-08-03,Vegetables,Bagal Leaves,Other Vegetables,,1.0pc,,8.0,,,8000.0,,Rawabi,Active
2026-08-03,Vegetables,Colacasia,Other Vegetables,India,1kg,,17.0,,,17.0,,Rawabi,Active
2026-08-03,Vegetables,Drumstick,Other Vegetables,India,1kg,,19.5,,,19.5,,Rawabi,Active
2026-08-03,Vegetables,Eggplant Premium,Other Vegetables,Oman,1kg,,6.75,,,6.75,,Rawabi,Active
2026-08-03,Vegetables,Green Spianch Doha 1 Bunch,Other Vegetables,,,,3.5,,,,,,Active
2026-08-03,Vegetables,Lollo Bioanda,Other Vegetables,Holland,1kg,,16.0,,,16.0,,Rawabi,Active
2026-08-03,Vegetables,Lollo Bioanda,Other Vegetables,Holland,250g,,4.0,,,16.0,,Rawabi,Active
2026-08-03,Vegetables,Longan -Packet,Other Vegetables,Thailand,,,24.0,,,,,,Active
2026-08-03,Vegetables,Palak Doha Pc,Other Vegetables,,,,3.0,,,,,,Active
2026-08-03,Vegetables,Rambutan -Packet,Other Vegetables,Thailand,,,25.0,,,,,,Active
2026-08-03,Vegetables,Beans,Peas & Beans,India,1kg,,19.0,,,19.0,,Rawabi,Active
2026-08-03,Vegetables,Potato,Potatoes & Starchy Vegetables,Egypt,1kg,,3.5,,,3.5,,Rawabi,Active
2026-08-03,Vegetables,Potato Bag,Potatoes & Starchy Vegetables,Pakistan,,,7.0,,,,,,Active
2026-08-03,Vegetables,Potato Syria,Potatoes & Starchy Vegetables,,1kg,,3.0,,,3.0,,Rawabi,Active
2026-08-03,Vegetables,Sweet Potato By Air,Potatoes & Starchy Vegetables,Uganda,1kg,,20.0,,,20.0,,Rawabi,Active
2026-08-03,Vegetables,Yam,Potatoes & Starchy Vegetables,India,1kg,,12.75,,,12.75,,Rawabi,Active
2026-08-03,Vegetables,Butter Nut Pumpkin Africa,Pumpkin,,1kg,,8.5,,,8.5,,Rawabi,Active
2026-08-03,Vegetables,Disco Pumpkin,Pumpkin,India,1kg,,16.0,,,16.0,,Rawabi,Active
2026-08-03,Vegetables,Pumpkin,Pumpkin,Oman,1kg,,4.75,,,4.75,,Rawabi,Active
2026-08-03,Vegetables,Radish Red -Packet,Raddish,Holland,,,5.5,,,,,,Active
2026-08-03,Vegetables,Red Radish,Raddish,Holland,1kg,,30.0,,,30.0,,Rawabi,Active
2026-08-03,Vegetables,Tomato Green House,Tomato,Jordan,1kg,,5.75,,,5.75,,Rawabi,Active
2026-08-03,Vegetables,Tomato Green House Syria,Tomato,,1kg,,4.75,,,4.75,,Rawabi,Active
2026-08-03,Vegetables,Turmeric,Turmeric,India,1kg,,17.0,,,17.0,,Rawabi,Active
2026-08-03,Vegetables,Turmeric,Turmeric,India,250g,,4.25,,,17.0,,Rawabi,Active
2026-08-03,Vegetables,Beetroot Cooked,Beetroot,,500g,,,,,,,,Market Out
2026-08-03,Vegetables,Capsicum Mix Pkt,Capsicum,Holland,4.0pcs,,,,,,,,Market Out
2026-08-03,Vegetables,Capsicum Orange,Capsicum,Holland,,,,,,,,,Market Out
2026-08-03,Vegetables,Capsicum Yellow,Capsicum,Holland,,,,,,,,,Market Out
2026-08-03,Vegetables,Chilly Red,Chillies & Spicy,Holland,,,,,,,,,Market Out
2026-08-03,Vegetables,Mixed Chilli Red & Green Pkt,Chillies & Spicy,,,,,,,,,,Market Out
2026-08-03,Vegetables,Sambar Mixed Vegetable,Combo Pack,,,,,,,,,,Market Out
2026-08-03,Vegetables,Yellow Cucumber,Cucumber,India,1kg,,,,,,,,Market Out
2026-08-03,Vegetables,Celery,Herbs,Spain,,,,,,,,,Market Out
2026-08-03,Vegetables,Fennel,Herbs,,,,,,,,,,Market Out
2026-08-03,Vegetables,Green Basil ( ),Herbs,Kenya,,,,,,,,,Market Out
2026-08-03,Vegetables,Baby Spinach,Leafy Vegetables,Italy,125g,,,,,,,,Market Out
2026-08-03,Vegetables,Agrico Mushroom White Bottom,Mushrooms,Qatar,250g,,,,,,,,Market Out
2026-08-03,Vegetables,Bagal,Other Vegetables,,,,,,,,,,Market Out
2026-08-03,Vegetables,Eggplant,Other Vegetables,Holland,,,,,,,,,Market Out
2026-08-03,Vegetables,Eggplant Purple,Other Vegetables,Qatar,,,,,,,,,Market Out
2026-08-03,Vegetables,Aravi Big,Potatoes & Starchy Vegetables,India,,,,,,,,,Market Out
2026-08-03,Vegetables,Pumpkin Mathan Green,Pumpkin,India,,,,,,,,,Market Out
2026-08-03,Vegetables,Mung Bean Sprouts Pkts,Sprouts,,,,,,,,,,Market Out
2026-08-03,Vegetables,Cherry Tomato -Packet,Tomato,Morocco,,,,,,,,,Market Out
2026-08-03,Vegetables,Tomato Tommys Pkt ( ),Tomato,Spain,500g,,,,,,,,Market Out
2026-08-02,Fruits,Apple Africa,Apples,,1kg,,11.0,,,11.0,,Rawabi,Active
2026-08-02,Fruits,Apple Gala,Apples,France,1kg,,11.0,,,11.0,,Rawabi,Active
2026-08-02,Fruits,Apple Golden,Apples,Italy,1kg,,12.0,,,12.0,,Rawabi,Active
2026-08-02,Fruits,Apple Green,Apples,Spain,1kg,,11.5,,,11.5,,Rawabi,Active
2026-08-02,Fruits,Apple Red,Apples,Usa,1kg,,14.5,,,14.5,,Rawabi,Active
2026-08-02,Fruits,Apple Ukraine,Apples,,1kg,,10.0,,,10.0,,Rawabi,Active
2026-08-02,Fruits,Pineapple,Apples,India,1kg,,17.0,,,17.0,,Rawabi,Active
2026-08-02,Fruits,Pineapple Golden,Apples,Kenya,1kg,,13.5,,,13.5,,Rawabi,Active
2026-08-02,Fruits,Avocado,Avocado,Uganda,1kg,,18.0,,,18.0,,Rawabi,Active
2026-08-02,Fruits,Avocado Hass,Avocado,Uganda,1kg,,25.0,,,25.0,,Rawabi,Active
2026-08-02,Fruits,Banana,Banana,Philippines,1kg,,7.5,,,7.5,,Rawabi,Active
2026-08-02,Fruits,Banana Flower,Banana,,1kg,,17.0,,,17.0,,Rawabi,Active
2026-08-02,Fruits,Banana Yellow,Banana,India,1kg,,12.75,,,12.75,,Rawabi,Active
2026-08-02,Fruits,Kadali Banana By Air,Banana,India,1kg,,17.5,,,17.5,,Rawabi,Active
2026-08-02,Fruits,Kadhali Banana,Banana,India,1kg,,16.5,,,16.5,,Rawabi,Active
2026-08-02,Fruits,Black Berry -Packet,Berries,Morocco,,,24.5,,,,,,Active
2026-08-02,Fruits,Blackberry -Packet,Berries,Usa,,,24.0,,,,,,Active
2026-08-02,Fruits,Blueberry -Packet,Berries,Morocco,,,13.0,,,,,,Active
2026-08-02,Fruits,Raspberry Africa Packet,Berries,,,,26.0,,,,,,Active
2026-08-02,Fruits,Lemon Africa,Citrus Fruits,,1kg,,8.5,,,8.5,,Rawabi,Active
2026-08-02,Fruits,Lemon Africa,Citrus Fruits,,250g,,2.25,,,9.0,,Rawabi,Active
2026-08-02,Fruits,Lime,Citrus Fruits,Vietnam,1kg,,9.75,,,9.75,,Rawabi,Active
2026-08-02,Fruits,Lime,Citrus Fruits,Vietnam,250g,,2.5,,,10.0,,Rawabi,Active
2026-08-02,Fruits,Mandarin,Citrus Fruits,China,1kg,,13.5,,,13.5,,Rawabi,Active
2026-08-02,Fruits,Mandarine Nadarcott,Citrus Fruits,Egypt,1kg,,8.5,,,8.5,,Rawabi,Active
2026-08-02,Fruits,Orange Navel Africa,Citrus Fruits,,1kg,,9.75,,,9.75,,Rawabi,Active
2026-08-02,Fruits,Orange Valencia,Citrus Fruits,Egypt,1kg,,4.75,,,4.75,,Rawabi,Active
2026-08-02,Fruits,Coconut,Coconut,India,1.0pc,,3.0,,,3000.0,,Rawabi,Active
2026-08-02,Fruits,Coconut Grated,Coconut,India,1.0pc,,3.5,,,3500.0,,Rawabi,Active
2026-08-02,Fruits,Coconut Young,Coconut,Sri Lanka,1.0pc,,11.0,,,11000.0,,Rawabi,Active
2026-08-02,Fruits,Grape White Packet,Grapes,Egypt,1kg,,16.0,,,16.0,,Rawabi,Active
2026-08-02,Fruits,Grapefruit Africa,Grapes,,1kg,,8.75,,,8.75,,Rawabi,Active
2026-08-02,Fruits,Grapes Red -Packet,Grapes,India,,,9.0,,,,,,Active
2026-08-02,Fruits,Grapes White,Grapes,Australia,1kg,,50.0,,,50.0,,Rawabi,Active
2026-08-02,Fruits,Grapes White,Grapes,Australia,500g,,25.0,,,50.0,,Rawabi,Active
2026-08-02,Fruits,Green Banana,Green Banana,Uganda,1kg,,18.0,,,18.0,,Rawabi,Active
2026-08-02,Fruits,Green Banana,Green Banana,India,1kg,,12.0,,,12.0,,Rawabi,Active
2026-08-02,Fruits,Kiwi Gold New Zealand,Kiwi,,1kg,,55.0,,,55.0,,Rawabi,Active
2026-08-02,Fruits,Kiwi Gold New Zealand,Kiwi,,250g,,15.0,,,60.0,,Rawabi,Active
2026-08-02,Fruits,Kiwi Greece,Kiwi,,1kg,,28.0,,,28.0,,Rawabi,Active
2026-08-02,Fruits,Mango Badami Air,Mangoes,India,1kg,,18.0,,,18.0,,Rawabi,Active
2026-08-02,Fruits,Mango Galbetor Yeman,Mangoes,,1kg,,13.5,,,13.5,,Rawabi,Active
2026-08-02,Fruits,Mango Yemen Cartoon,Mangoes,,,,35.0,,,,,,Active
2026-08-02,Fruits,Mangosteen Packet,Mangoes,Thailand,,,25.0,,,,,,Active
2026-08-02,Fruits,Sweet Melon,Melons,Jordan,1kg,,3.5,,,3.5,,Rawabi,Active
2026-08-02,Fruits,Water Melon,Melons,Jordan,1kg,,3.5,,,3.5,,Rawabi,Active
2026-08-02,Fruits,Papaya,Papaya,Sri Lanka,1kg,,17.5,,,17.5,,Rawabi,Active
2026-08-02,Fruits,Plums Red Africa,Plums,,1kg,,15.5,,,15.5,,Rawabi,Active
2026-08-02,Fruits,Pomegranate,Pomegranates,India,1kg,,21.0,,,21.0,,Rawabi,Active
2026-08-02,Fruits,Pomegranate,Pomegranates,India,500g,,10.5,,,21.0,,Rawabi,Active
2026-08-02,Fruits,Pomegranate,Pomegranates,Peru,1kg,,24.0,,,24.0,,Rawabi,Active
2026-08-02,Fruits,Pomegranate -Carton,Pomegranates,India,,,30.0,,,,,,Active
2026-08-02,Vegetables,Beetroot,Beetroot,Oman,1kg,,6.5,,,6.5,,Rawabi,Active
2026-08-02,Vegetables,Beetroot Cooked,Beetroot,,500g,,,22.0,,,44.0,Family,Active
2026-08-02,Vegetables,Broccoli,Cabbage & Broccoli,Spain,1kg,,20.0,,,20.0,,Rawabi,Active
2026-08-02,Vegetables,Broccoli,Cabbage & Broccoli,Spain,500g,,10.0,,,20.0,,Rawabi,Active
2026-08-02,Vegetables,Cabbage,Cabbage & Broccoli,Oman,1kg,,4.5,,,4.5,,Rawabi,Active
2026-08-02,Vegetables,Cauliflower Mazra Doha,Cabbage & Broccoli,,1kg,,8.0,,,8.0,,Rawabi,Active
2026-08-02,Vegetables,Capsicum,Capsicum,Holland,1kg,,22.0,,,22.0,,Rawabi,Active
2026-08-02,Vegetables,Capsicum,Capsicum,Holland,500g,,17.5,,,35.0,,Rawabi,Active
2026-08-02,Vegetables,Capsicum 4Color (Packet),Capsicum,Holland,,,22.0,,,,,,Active
2026-08-02,Vegetables,Capsicum Green,Capsicum,Jordan,1kg,,5.0,,,5.0,,Rawabi,Active
2026-08-02,Vegetables,Capsicum Green,Capsicum,Jordan,500g,,2.5,,,5.0,,Rawabi,Active
2026-08-02,Vegetables,Capsicum Mix Pkt,Capsicum,Holland,4.0pcs,,,20.0,,,5000.0,Family,Active
2026-08-02,Vegetables,Capsicum Orange,Capsicum,Holland,,,,12.25,,,,,Active
2026-08-02,Vegetables,Capsicum Yellow,Capsicum,Holland,,,,12.5,,,,,Active
2026-08-02,Vegetables,Carrot,Carrots,Australia,1kg,,7.0,,,7.0,,Rawabi,Active
2026-08-02,Vegetables,Carrot,Carrots,Australia,500g,,3.5,,,7.0,,Rawabi,Active
2026-08-02,Vegetables,Chayote,Chayote,India,1kg,,16.0,,,16.0,,Rawabi,Active
2026-08-02,Vegetables,Chilli,Chillies & Spicy,Uganda,1kg,,19.5,,,19.5,,Rawabi,Active
2026-08-02,Vegetables,Chilli,Chillies & Spicy,Uganda,250g,,5.0,,,20.0,,Rawabi,Active
2026-08-02,Vegetables,Chilly Red,Chillies & Spicy,Holland,,,,15.0,,,,,Active
2026-08-02,Vegetables,Ginger,Chillies & Spicy,China,1kg,,8.0,,,8.0,,Rawabi,Active
2026-08-02,Vegetables,Ginger,Chillies & Spicy,Uganda,1kg,,19.0,,,19.0,,Rawabi,Active
2026-08-02,Vegetables,Ginger,Chillies & Spicy,China,250g,,2.0,,,8.0,,Rawabi,Active
2026-08-02,Vegetables,Ginger,Chillies & Spicy,Uganda,250g,,4.75,,,19.0,,Rawabi,Active
2026-08-02,Vegetables,Green Chilly By Air,Chillies & Spicy,India,1kg,,19.5,,,19.5,,Rawabi,Active
2026-08-02,Vegetables,Green Chilly By Air,Chillies & Spicy,India,250g,,5.0,,,20.0,,Rawabi,Active
2026-08-02,Vegetables,Hot Pepper Mix,Chillies & Spicy,Uganda,1kg,,32.5,,,32.5,,Rawabi,Active
2026-08-02,Vegetables,Hot Pepper Mix,Chillies & Spicy,Uganda,250g,,8.25,,,33.0,,Rawabi,Active
2026-08-02,Vegetables,Mixed Chilli Red & Green Pkt,Chillies & Spicy,,,,,8.0,,,,,Active
2026-08-02,Vegetables,Sambar Mixed Vegetable,Combo Pack,,,,,10.0,,,,,Active
2026-08-02,Vegetables,Zucchini,Courgettes & Artichoke,Jordan,1kg,,5.0,,,5.0,,Rawabi,Active
2026-08-02,Vegetables,Cucumber Mazra Doha,Cucumber,,1kg,,7.5,,,7.5,,Rawabi,Active
2026-08-02,Vegetables,Cucumber Premium Doha,Cucumber,,1kg,,7.5,,,7.5,,Rawabi,Active
2026-08-02,Vegetables,Yellow Cucumber,Cucumber,India,1kg,,15.75,,,15.75,,Rawabi,Active
2026-08-02,Vegetables,Garlic,Garlic,China,1kg,,8.0,,,8.0,,Rawabi,Active
2026-08-02,Vegetables,Garlic,Garlic,China,250g,,2.0,,,8.0,,Rawabi,Active
2026-08-02,Vegetables,Garlic Packet Big,Garlic,China,,,9.0,,,,,,Active
2026-08-02,Vegetables,Garlic Small Pkt ( ),Garlic,China,,,4.5,,,,,,Active
2026-08-02,Vegetables,Ashgourd,Gourds,Oman,1kg,,5.75,,,5.75,,Rawabi,Active
2026-08-02,Vegetables,Bitter Gourd,Gourds,India,1kg,,17.0,,,17.0,,Rawabi,Active
2026-08-02,Vegetables,Bottle Gourd Doha,Gourds,,1kg,,6.5,,,6.5,,Rawabi,Active
2026-08-02,Vegetables,Ivy Gourd (Kovakka) Indian,Gourds,India,1kg,,16.5,,,16.5,,Rawabi,Active
2026-08-02,Vegetables,Ridge Gourd,Gourds,India,1kg,,17.0,,,17.0,,Rawabi,Active
2026-08-02,Vegetables,Snake Gourd,Gourds,India,1kg,,17.0,,,17.0,,Rawabi,Active
2026-08-02,Vegetables,Baby Fennel Africa-Packet,Herbs,,,,22.5,,,,,,Active
2026-08-02,Vegetables,Celery,Herbs,Spain,,,,20.0,,,,,Active
2026-08-02,Vegetables,Celery Stick,Herbs,Spain,1kg,,35.0,,,35.0,,Rawabi,Active
2026-08-02,Vegetables,Celery Stick,Herbs,Spain,250g,,8.75,,,35.0,,Rawabi,Active
2026-08-02,Vegetables,Curry Leaves,Herbs,Uganda,,,35.0,,,,,,Active
2026-08-02,Vegetables,Fennel,Herbs,,,,,22.5,,,,,Active
2026-08-02,Vegetables,Green Basil ( ),Herbs,Kenya,,,,16.0,,,,,Active
2026-08-02,Vegetables,Mint Leaves -Packet,Herbs,Jordan,,,3.5,,,,,,Active
2026-08-02,Vegetables,Parsley Leaves 1 Bunch,Herbs,Saudi,,,2.0,,,,,,Active
2026-08-02,Vegetables,Rosemary,Herbs,Kenya,1.0pc,,12.0,,,12000.0,,Rawabi,Active
2026-08-02,Vegetables,Lady Finger,Lady Finger,India,1kg,,17.0,,,17.0,,Rawabi,Active
2026-08-02,Vegetables,Arugula (Jerjir)Leaves Doha,Leafy Vegetables,,500g,,3.75,,,7.5,,Rawabi,Active
2026-08-02,Vegetables,Arugula (Jerjir)Leaves Doha 1 Bunch,Leafy Vegetables,,,,7.5,,,,,,Active
2026-08-02,Vegetables,Baby Spinach,Leafy Vegetables,Italy,125g,,,15.0,,,120.0,Family,Active
2026-08-02,Vegetables,Kangkong Doha,Leafy Vegetables,,1.0pc,,4.0,,,4000.0,,Rawabi,Active
2026-08-02,Vegetables,Lettuce,Leafy Vegetables,Jordan,1kg,,3.5,,,3.5,,Rawabi,Active
2026-08-02,Vegetables,Lettuce,Leafy Vegetables,Jordan,500g,,1.75,,,3.5,,Rawabi,Active
2026-08-02,Vegetables,Lettuce Ice Berge,Leafy Vegetables,Spain,1kg,,38.0,,,38.0,,Rawabi,Active
2026-08-02,Vegetables,Lettuce Ice Berge,Leafy Vegetables,Spain,250g,,9.5,,,38.0,,Rawabi,Active
2026-08-02,Vegetables,Molokhia Doha,Leafy Vegetables,,,,4.5,,,,,,Active
2026-08-02,Vegetables,Molokhia Doha,Leafy Vegetables,,250g,,1.25,,,5.0,,Rawabi,Active
2026-08-02,Vegetables,Red Spinach Doha 1 Bunch,Leafy Vegetables,,,,3.5,,,,,,Active
2026-08-02,Vegetables,Leeks,Leeks/Spring Onions,Holland,1kg,,34.0,,,34.0,,Rawabi,Active
2026-08-02,Vegetables,Leeks,Leeks/Spring Onions,Holland,250g,,8.5,,,34.0,,Rawabi,Active
2026-08-02,Vegetables,Agrico Mushroom White Bottom,Mushrooms,Qatar,250g,,,7.0,,,28.0,Family,Active
2026-08-02,Vegetables,Mushroom Brown Doha-Packet,Mushrooms,,,,8.5,,,,,,Active
2026-08-02,Vegetables,Mushroom Slice Doha-Packet,Mushrooms,,,,8.5,,,,,,Active
2026-08-02,Vegetables,Mushroom White Doha-Packet,Mushrooms,,,,7.0,,,,,,Active
2026-08-02,Vegetables,Onion Big,Onion,India,1kg,,3.5,,,3.5,,Rawabi,Active
2026-08-02,Vegetables,Onion Medium Bag,Onion,India,,,16.0,,,,,,Active
2026-08-02,Vegetables,Onion Small,Onion,India,1kg,,18.5,,,18.5,,Rawabi,Active
2026-08-02,Vegetables,Onion Small Bag,Onion,India,,,11.0,,,,,,Active
2026-08-02,Vegetables,Onion White,Onion,Spain,1kg,,11.0,,,11.0,,Rawabi,Active
2026-08-02,Vegetables,Bagal,Other Vegetables,,,,,4.0,,,,,Active
2026-08-02,Vegetables,Bagal Leaves,Other Vegetables,,1.0pc,,8.0,,,8000.0,,Rawabi,Active
2026-08-02,Vegetables,Colacasia,Other Vegetables,India,1kg,,17.0,,,17.0,,Rawabi,Active
2026-08-02,Vegetables,Drumstick,Other Vegetables,India,1kg,,19.5,,,19.5,,Rawabi,Active
2026-08-02,Vegetables,Eggplant,Other Vegetables,Holland,,,,28.0,,,,,Active
2026-08-02,Vegetables,Eggplant Premium,Other Vegetables,Oman,1kg,,6.75,,,6.75,,Rawabi,Active
2026-08-02,Vegetables,Eggplant Purple,Other Vegetables,Qatar,,,,5.5,,,,,Active
2026-08-02,Vegetables,Green Spianch Doha 1 Bunch,Other Vegetables,,,,3.5,,,,,,Active
2026-08-02,Vegetables,Lollo Bioanda,Other Vegetables,Holland,1kg,,16.0,,,16.0,,Rawabi,Active
2026-08-02,Vegetables,Lollo Bioanda,Other Vegetables,Holland,250g,,4.0,,,16.0,,Rawabi,Active
2026-08-02,Vegetables,Longan -Packet,Other Vegetables,Thailand,,,24.0,,,,,,Active
2026-08-02,Vegetables,Palak Doha Pc,Other Vegetables,,,,3.0,,,,,,Active
2026-08-02,Vegetables,Rambutan -Packet,Other Vegetables,Thailand,,,25.0,,,,,,Active
2026-08-02,Vegetables,Beans,Peas & Beans,India,1kg,,19.0,,,19.0,,Rawabi,Active
2026-08-02,Vegetables,Aravi Big,Potatoes & Starchy Vegetables,India,,,,9.0,,,,,Active
2026-08-02,Vegetables,Potato,Potatoes & Starchy Vegetables,Egypt,1kg,,3.5,,,3.5,,Rawabi,Active
2026-08-02,Vegetables,Potato Bag,Potatoes & Starchy Vegetables,Pakistan,,,7.0,,,,,,Active
2026-08-02,Vegetables,Potato Syria,Potatoes & Starchy Vegetables,,1kg,,3.0,,,3.0,,Rawabi,Active
2026-08-02,Vegetables,Sweet Potato By Air,Potatoes & Starchy Vegetables,Uganda,1kg,,20.0,,,20.0,,Rawabi,Active
2026-08-02,Vegetables,Yam,Potatoes & Starchy Vegetables,India,1kg,,12.75,,,12.75,,Rawabi,Active
2026-08-02,Vegetables,Butter Nut Pumpkin Africa,Pumpkin,,1kg,,8.5,,,8.5,,Rawabi,Active
2026-08-02,Vegetables,Disco Pumpkin,Pumpkin,India,1kg,,16.0,,,16.0,,Rawabi,Active
2026-08-02,Vegetables,Pumpkin,Pumpkin,Oman,1kg,,4.75,,,4.75,,Rawabi,Active
2026-08-02,Vegetables,Pumpkin Mathan Green,Pumpkin,India,,,,18.0,,,,,Active
2026-08-02,Vegetables,Radish Red -Packet,Raddish,Holland,,,5.5,,,,,,Active
2026-08-02,Vegetables,Red Radish,Raddish,Holland,1kg,,30.0,32.0,,30.0,32.0,Rawabi,Active
2026-08-02,Vegetables,Mung Bean Sprouts Pkts,Sprouts,,,,,6.5,,,,,Active
2026-08-02,Vegetables,Cherry Tomato -Packet,Tomato,Morocco,,,12.0,,,,,,Active
2026-08-02,Vegetables,Tomato Green House,Tomato,Jordan,1kg,,5.75,,,5.75,,Rawabi,Active
2026-08-02,Vegetables,Tomato Green House Syria,Tomato,,1kg,,5.0,,,5.0,,Rawabi,Active
2026-08-02,Vegetables,Tomato Tommys Pkt ( ),Tomato,Spain,500g,,,44.0,,,88.0,Family,Active
2026-08-02,Vegetables,Turmeric,Turmeric,India,1kg,,17.0,,,17.0,,Rawabi,Active
2026-08-02,Vegetables,Turmeric,Turmeric,India,250g,,4.25,,,17.0,,Rawabi,Active
2026-08-02,Fruits,Ash Banana,Green Banana,Sri Lanka,,,,,,,,,Market Out
2026-08-02,Vegetables,Chilly Round Green,Chillies & Spicy,India,,,,,,,,,Market Out
2026-08-02,Vegetables,Jalapeno Hot Red Pepper,Chillies & Spicy,Usa,,,,,,,,,Market Out
2026-08-02,Vegetables,Lettuce Gem Tray,Leafy Vegetables,Spain,,,,,,,,,Market Out
2026-08-02,Vegetables,Lettuce Lollo Rossa,Leafy Vegetables,,,,,,,,,,Market Out
2026-08-02,Vegetables,Eggplant Large,Other Vegetables,Lebanon,,,,,,,,,Market Out
2026-08-01,Fruits,Apple Africa,Apples,,1kg,,11.0,,,11.0,,Rawabi,Active
2026-08-01,Fruits,Apple Gala,Apples,France,1kg,,11.0,,,11.0,,Rawabi,Active
2026-08-01,Fruits,Apple Golden,Apples,Italy,1kg,,12.0,,,12.0,,Rawabi,Active
2026-08-01,Fruits,Apple Green,Apples,Spain,1kg,,11.5,,,11.5,,Rawabi,Active
2026-08-01,Fruits,Apple Red,Apples,Usa,1kg,,14.5,,,14.5,,Rawabi,Active
2026-08-01,Fruits,Apple Ukraine,Apples,,1kg,,10.0,,,10.0,,Rawabi,Active
2026-08-01,Fruits,Pineapple,Apples,India,1kg,,17.0,,,17.0,,Rawabi,Active
2026-08-01,Fruits,Pineapple Golden,Apples,Kenya,1kg,,13.5,,,13.5,,Rawabi,Active
2026-08-01,Fruits,Avocado,Avocado,Uganda,1kg,,18.0,,,18.0,,Rawabi,Active
2026-08-01,Fruits,Avocado Hass,Avocado,Uganda,1kg,,25.0,,,25.0,,Rawabi,Active
2026-08-01,Fruits,Banana,Banana,Philippines,1kg,,7.5,,,7.5,,Rawabi,Active
2026-08-01,Fruits,Banana Flower,Banana,,1kg,,17.0,,,17.0,,Rawabi,Active
2026-08-01,Fruits,Banana Yellow,Banana,India,1kg,,12.75,,,12.75,,Rawabi,Active
2026-08-01,Fruits,Kadali Banana By Air,Banana,India,1kg,,17.5,,,17.5,,Rawabi,Active
2026-08-01,Fruits,Kadhali Banana,Banana,India,1kg,,16.5,,,16.5,,Rawabi,Active
2026-08-01,Fruits,Black Berry -Packet,Berries,Morocco,,,24.5,,,,,,Active
2026-08-01,Fruits,Blackberry -Packet,Berries,Usa,,,24.0,,,,,,Active
2026-08-01,Fruits,Blueberry -Packet,Berries,Morocco,,,13.0,,,,,,Active
2026-08-01,Fruits,Raspberry Africa Packet,Berries,,,,26.0,,,,,,Active
2026-08-01,Fruits,Lemon Africa,Citrus Fruits,,1kg,,8.5,,,8.5,,Rawabi,Active
2026-08-01,Fruits,Lemon Africa,Citrus Fruits,,250g,,2.25,,,9.0,,Rawabi,Active
2026-08-01,Fruits,Lime,Citrus Fruits,Vietnam,1kg,,9.75,,,9.75,,Rawabi,Active
2026-08-01,Fruits,Lime,Citrus Fruits,Vietnam,250g,,2.5,,,10.0,,Rawabi,Active
2026-08-01,Fruits,Mandarin,Citrus Fruits,China,1kg,,13.5,,,13.5,,Rawabi,Active
2026-08-01,Fruits,Mandarine Nadarcott,Citrus Fruits,Egypt,1kg,,8.5,,,8.5,,Rawabi,Active
2026-08-01,Fruits,Orange Navel Africa,Citrus Fruits,,1kg,,9.75,,,9.75,,Rawabi,Active
2026-08-01,Fruits,Orange Valencia,Citrus Fruits,Egypt,1kg,,4.75,,,4.75,,Rawabi,Active
2026-08-01,Fruits,Coconut,Coconut,India,1.0pc,,3.0,,,3000.0,,Rawabi,Active
2026-08-01,Fruits,Coconut Grated,Coconut,India,1.0pc,,3.5,,,3500.0,,Rawabi,Active
2026-08-01,Fruits,Coconut Young,Coconut,Sri Lanka,1.0pc,,11.0,,,11000.0,,Rawabi,Active
2026-08-01,Fruits,Grape White Packet,Grapes,Egypt,1kg,,16.0,,,16.0,,Rawabi,Active
2026-08-01,Fruits,Grapefruit Africa,Grapes,,1kg,,8.75,,,8.75,,Rawabi,Active
2026-08-01,Fruits,Grapes Red -Packet,Grapes,India,,,9.0,,,,,,Active
2026-08-01,Fruits,Grapes White,Grapes,Australia,1kg,,50.0,,,50.0,,Rawabi,Active
2026-08-01,Fruits,Grapes White,Grapes,Australia,500g,,25.0,,,50.0,,Rawabi,Active
2026-08-01,Fruits,Ash Banana,Green Banana,Sri Lanka,,,,9.5,,,,,Active
2026-08-01,Fruits,Green Banana,Green Banana,Uganda,1kg,,18.0,,,18.0,,Rawabi,Active
2026-08-01,Fruits,Green Banana,Green Banana,India,1kg,,12.0,,,12.0,,Rawabi,Active
2026-08-01,Fruits,Kiwi Gold New Zealand,Kiwi,,1kg,,60.0,,,60.0,,Rawabi,Active
2026-08-01,Fruits,Kiwi Gold New Zealand,Kiwi,,250g,,15.0,,,60.0,,Rawabi,Active
2026-08-01,Fruits,Kiwi Greece,Kiwi,,1kg,,28.0,,,28.0,,Rawabi,Active
2026-08-01,Fruits,Mango Badami Air,Mangoes,India,1kg,,18.0,,,18.0,,Rawabi,Active
2026-08-01,Fruits,Mango Galbetor Yeman,Mangoes,,1kg,,13.5,,,13.5,,Rawabi,Active
2026-08-01,Fruits,Mango Yemen Cartoon,Mangoes,,,,35.0,,,,,,Active
2026-08-01,Fruits,Mangosteen Packet,Mangoes,Thailand,,,25.0,,,,,,Active
2026-08-01,Fruits,Sweet Melon,Melons,Jordan,1kg,,3.5,,,3.5,,Rawabi,Active
2026-08-01,Fruits,Water Melon,Melons,Jordan,1kg,,3.5,,,3.5,,Rawabi,Active
2026-08-01,Fruits,Papaya,Papaya,Sri Lanka,1kg,,17.5,,,17.5,,Rawabi,Active
2026-08-01,Fruits,Plums Red Africa,Plums,,1kg,,15.5,,,15.5,,Rawabi,Active
2026-08-01,Fruits,Pomegranate,Pomegranates,India,1kg,,21.0,,,21.0,,Rawabi,Active
2026-08-01,Fruits,Pomegranate,Pomegranates,India,500g,,10.5,,,21.0,,Rawabi,Active
2026-08-01,Fruits,Pomegranate,Pomegranates,Peru,1kg,,24.0,,,24.0,,Rawabi,Active
2026-08-01,Fruits,Pomegranate -Carton,Pomegranates,India,,,30.0,,,,,,Active
2026-08-01,Vegetables,Beetroot,Beetroot,Oman,1kg,,6.5,,,6.5,,Rawabi,Active
2026-08-01,Vegetables,Beetroot Cooked,Beetroot,,500g,,,22.0,,,44.0,Family,Active
2026-08-01,Vegetables,Broccoli,Cabbage & Broccoli,Spain,1kg,,20.0,,,20.0,,Rawabi,Active
2026-08-01,Vegetables,Broccoli,Cabbage & Broccoli,Spain,500g,,10.0,,,20.0,,Rawabi,Active
2026-08-01,Vegetables,Cabbage,Cabbage & Broccoli,Oman,1kg,,4.5,,,4.5,,Rawabi,Active
2026-08-01,Vegetables,Cauliflower Mazra Doha,Cabbage & Broccoli,,1kg,,8.0,,,8.0,,Rawabi,Active
2026-08-01,Vegetables,Capsicum,Capsicum,Holland,1kg,,35.0,,,35.0,,Rawabi,Active
2026-08-01,Vegetables,Capsicum,Capsicum,Holland,500g,,17.5,,,35.0,,Rawabi,Active
2026-08-01,Vegetables,Capsicum 4Color (Packet),Capsicum,Holland,,,22.0,,,,,,Active
2026-08-01,Vegetables,Capsicum Green,Capsicum,Jordan,1kg,,5.0,,,5.0,,Rawabi,Active
2026-08-01,Vegetables,Capsicum Green,Capsicum,Jordan,500g,,2.5,,,5.0,,Rawabi,Active
2026-08-01,Vegetables,Capsicum Orange,Capsicum,Holland,,,,12.25,,,,,Active
2026-08-01,Vegetables,Carrot,Carrots,Australia,1kg,,7.0,,,7.0,,Rawabi,Active
2026-08-01,Vegetables,Carrot,Carrots,Australia,500g,,3.5,,,7.0,,Rawabi,Active
2026-08-01,Vegetables,Chayote,Chayote,India,1kg,,16.0,,,16.0,,Rawabi,Active
2026-08-01,Vegetables,Chilli,Chillies & Spicy,Uganda,1kg,,19.5,,,19.5,,Rawabi,Active
2026-08-01,Vegetables,Chilli,Chillies & Spicy,Uganda,250g,,5.0,,,20.0,,Rawabi,Active
2026-08-01,Vegetables,Chilly Red,Chillies & Spicy,Holland,,,,15.0,,,,,Active
2026-08-01,Vegetables,Chilly Round Green,Chillies & Spicy,India,,,,9.5,,,,,Active
2026-08-01,Vegetables,Ginger,Chillies & Spicy,China,1kg,,8.0,,,8.0,,Rawabi,Active
2026-08-01,Vegetables,Ginger,Chillies & Spicy,Uganda,1kg,,19.0,,,19.0,,Rawabi,Active
2026-08-01,Vegetables,Ginger,Chillies & Spicy,China,250g,,2.0,,,8.0,,Rawabi,Active
2026-08-01,Vegetables,Ginger,Chillies & Spicy,Uganda,250g,,4.75,,,19.0,,Rawabi,Active
2026-08-01,Vegetables,Green Chilly By Air,Chillies & Spicy,India,1kg,,19.5,,,19.5,,Rawabi,Active
2026-08-01,Vegetables,Green Chilly By Air,Chillies & Spicy,India,250g,,5.0,,,20.0,,Rawabi,Active
2026-08-01,Vegetables,Hot Pepper Mix,Chillies & Spicy,Uganda,1kg,,32.5,,,32.5,,Rawabi,Active
2026-08-01,Vegetables,Hot Pepper Mix,Chillies & Spicy,Uganda,250g,,8.25,,,33.0,,Rawabi,Active
2026-08-01,Vegetables,Jalapeno Hot Red Pepper,Chillies & Spicy,Usa,,,,65.0,,,,,Active
2026-08-01,Vegetables,Mixed Chilli Red & Green Pkt,Chillies & Spicy,,,,,8.0,,,,,Active
2026-08-01,Vegetables,Sambar Mixed Vegetable,Combo Pack,,,,,10.0,,,,,Active
2026-08-01,Vegetables,Zucchini,Courgettes & Artichoke,Jordan,1kg,,5.0,,,5.0,,Rawabi,Active
2026-08-01,Vegetables,Cucumber Mazra Doha,Cucumber,,1kg,,7.5,,,7.5,,Rawabi,Active
2026-08-01,Vegetables,Cucumber Premium Doha,Cucumber,,1kg,,7.5,,,7.5,,Rawabi,Active
2026-08-01,Vegetables,Yellow Cucumber,Cucumber,India,1kg,,15.75,,,15.75,,Rawabi,Active
2026-08-01,Vegetables,Garlic,Garlic,China,1kg,,8.0,,,8.0,,Rawabi,Active
2026-08-01,Vegetables,Garlic,Garlic,China,250g,,2.0,,,8.0,,Rawabi,Active
2026-08-01,Vegetables,Garlic Packet Big,Garlic,China,,,9.0,,,,,,Active
2026-08-01,Vegetables,Garlic Small Pkt ( ),Garlic,China,,,4.5,,,,,,Active
2026-08-01,Vegetables,Ashgourd,Gourds,Oman,1kg,,2.75,,,2.75,,Rawabi,Active
2026-08-01,Vegetables,Bitter Gourd,Gourds,India,1kg,,17.0,,,17.0,,Rawabi,Active
2026-08-01,Vegetables,Bottle Gourd Doha,Gourds,,1kg,,6.5,,,6.5,,Rawabi,Active
2026-08-01,Vegetables,Ivy Gourd (Kovakka) Indian,Gourds,India,1kg,,16.5,,,16.5,,Rawabi,Active
2026-08-01,Vegetables,Ridge Gourd,Gourds,India,1kg,,17.0,,,17.0,,Rawabi,Active
2026-08-01,Vegetables,Snake Gourd,Gourds,India,1kg,,17.0,,,17.0,,Rawabi,Active
2026-08-01,Vegetables,Baby Fennel Africa-Packet,Herbs,,,,22.5,,,,,,Active
2026-08-01,Vegetables,Celery,Herbs,Spain,,,,20.0,,,,,Active
2026-08-01,Vegetables,Celery Stick,Herbs,Spain,1kg,,35.0,,,35.0,,Rawabi,Active
2026-08-01,Vegetables,Celery Stick,Herbs,Spain,250g,,8.75,,,35.0,,Rawabi,Active
2026-08-01,Vegetables,Curry Leaves,Herbs,Uganda,,,35.0,,,,,,Active
2026-08-01,Vegetables,Green Basil ( ),Herbs,Kenya,,,,16.0,,,,,Active
2026-08-01,Vegetables,Mint Leaves -Packet,Herbs,Jordan,,,3.5,,,,,,Active
2026-08-01,Vegetables,Parsley Leaves 1 Bunch,Herbs,Saudi,,,2.0,,,,,,Active
2026-08-01,Vegetables,Rosemary,Herbs,Kenya,1.0pc,,12.0,,,12000.0,,Rawabi,Active
2026-08-01,Vegetables,Lady Finger,Lady Finger,India,1kg,,17.0,,,17.0,,Rawabi,Active
2026-08-01,Vegetables,Arugula (Jerjir)Leaves Doha,Leafy Vegetables,,500g,,3.75,,,7.5,,Rawabi,Active
2026-08-01,Vegetables,Arugula (Jerjir)Leaves Doha 1 Bunch,Leafy Vegetables,,,,7.5,,,,,,Active
2026-08-01,Vegetables,Kangkong Doha,Leafy Vegetables,,1.0pc,,4.0,,,4000.0,,Rawabi,Active
2026-08-01,Vegetables,Lettuce,Leafy Vegetables,Jordan,1kg,,3.5,,,3.5,,Rawabi,Active
2026-08-01,Vegetables,Lettuce,Leafy Vegetables,Jordan,500g,,1.75,,,3.5,,Rawabi,Active
2026-08-01,Vegetables,Lettuce Gem Tray,Leafy Vegetables,Spain,,,,15.0,,,,,Active
2026-08-01,Vegetables,Lettuce Ice Berge,Leafy Vegetables,Spain,1kg,,38.0,,,38.0,,Rawabi,Active
2026-08-01,Vegetables,Lettuce Ice Berge,Leafy Vegetables,Spain,250g,,9.5,,,38.0,,Rawabi,Active
2026-08-01,Vegetables,Lettuce Lollo Rossa,Leafy Vegetables,,,,,18.0,,,,,Active
2026-08-01,Vegetables,Molokhia Doha,Leafy Vegetables,,,,4.5,,,,,,Active
2026-08-01,Vegetables,Molokhia Doha,Leafy Vegetables,,250g,,1.25,,,5.0,,Rawabi,Active
2026-08-01,Vegetables,Red Spinach Doha 1 Bunch,Leafy Vegetables,,,,3.5,,,,,,Active
2026-08-01,Vegetables,Leeks,Leeks/Spring Onions,Holland,1kg,,34.0,,,34.0,,Rawabi,Active
2026-08-01,Vegetables,Leeks,Leeks/Spring Onions,Holland,250g,,8.5,,,34.0,,Rawabi,Active
2026-08-01,Vegetables,Agrico Mushroom White Bottom,Mushrooms,Qatar,250g,,,7.0,,,28.0,Family,Active
2026-08-01,Vegetables,Mushroom Brown Doha-Packet,Mushrooms,,,,8.5,,,,,,Active
2026-08-01,Vegetables,Mushroom Slice Doha-Packet,Mushrooms,,,,8.5,,,,,,Active
2026-08-01,Vegetables,Mushroom White Doha-Packet,Mushrooms,,,,7.0,,,,,,Active
2026-08-01,Vegetables,Onion Big,Onion,India,1kg,,3.5,,,3.5,,Rawabi,Active
2026-08-01,Vegetables,Onion Medium Bag,Onion,India,,,16.0,,,,,,Active
2026-08-01,Vegetables,Onion Small,Onion,India,1kg,,18.5,,,18.5,,Rawabi,Active
2026-08-01,Vegetables,Onion Small Bag,Onion,India,,,11.0,,,,,,Active
2026-08-01,Vegetables,Onion White,Onion,Spain,1kg,,11.0,,,11.0,,Rawabi,Active
2026-08-01,Vegetables,Bagal,Other Vegetables,,,,,4.0,,,,,Active
2026-08-01,Vegetables,Bagal Leaves,Other Vegetables,,1.0pc,,8.0,,,8000.0,,Rawabi,Active
2026-08-01,Vegetables,Colacasia,Other Vegetables,India,1kg,,17.0,,,17.0,,Rawabi,Active
2026-08-01,Vegetables,Drumstick,Other Vegetables,India,1kg,,19.5,,,19.5,,Rawabi,Active
2026-08-01,Vegetables,Eggplant,Other Vegetables,Holland,,,,28.0,,,,,Active
2026-08-01,Vegetables,Eggplant Large,Other Vegetables,Lebanon,,,,14.5,,,,,Active
2026-08-01,Vegetables,Eggplant Premium,Other Vegetables,Oman,1kg,,6.75,,,6.75,,Rawabi,Active
2026-08-01,Vegetables,Eggplant Purple,Other Vegetables,Qatar,,,,5.5,,,,,Active
2026-08-01,Vegetables,Green Spianch Doha 1 Bunch,Other Vegetables,,,,3.5,,,,,,Active
2026-08-01,Vegetables,Lollo Bioanda,Other Vegetables,Holland,1kg,,16.0,,,16.0,,Rawabi,Active
2026-08-01,Vegetables,Lollo Bioanda,Other Vegetables,Holland,250g,,4.0,,,16.0,,Rawabi,Active
2026-08-01,Vegetables,Longan -Packet,Other Vegetables,Thailand,,,24.0,,,,,,Active
2026-08-01,Vegetables,Palak Doha Pc,Other Vegetables,,,,3.0,,,,,,Active
2026-08-01,Vegetables,Rambutan -Packet,Other Vegetables,Thailand,,,25.0,,,,,,Active
2026-08-01,Vegetables,Beans,Peas & Beans,India,1kg,,19.0,,,19.0,,Rawabi,Active
2026-08-01,Vegetables,Potato,Potatoes & Starchy Vegetables,Egypt,1kg,,3.5,,,3.5,,Rawabi,Active
2026-08-01,Vegetables,Potato Syria,Potatoes & Starchy Vegetables,,1kg,,3.0,,,3.0,,Rawabi,Active
2026-08-01,Vegetables,Sweet Potato By Air,Potatoes & Starchy Vegetables,Uganda,1kg,,20.0,,,20.0,,Rawabi,Active
2026-08-01,Vegetables,Yam,Potatoes & Starchy Vegetables,India,1kg,,12.75,,,12.75,,Rawabi,Active
2026-08-01,Vegetables,Butter Nut Pumpkin Africa,Pumpkin,,1kg,,8.5,,,8.5,,Rawabi,Active
2026-08-01,Vegetables,Disco Pumpkin,Pumpkin,India,1kg,,16.0,,,16.0,,Rawabi,Active
2026-08-01,Vegetables,Pumpkin,Pumpkin,Oman,1kg,,4.75,,,4.75,,Rawabi,Active
2026-08-01,Vegetables,Pumpkin Mathan Green,Pumpkin,India,,,,18.0,,,,,Active
2026-08-01,Vegetables,Radish Red -Packet,Raddish,Holland,,,5.5,,,,,,Active
2026-08-01,Vegetables,Red Radish,Raddish,Holland,1kg,,30.0,32.0,,30.0,32.0,Rawabi,Active
2026-08-01,Vegetables,Mung Bean Sprouts Pkts,Sprouts,,,,,6.5,,,,,Active
2026-08-01,Vegetables,Cherry Tomato -Packet,Tomato,Morocco,,,12.0,,,,,,Active
2026-08-01,Vegetables,Tomato Green House,Tomato,Jordan,1kg,,5.75,,,5.75,,Rawabi,Active
2026-08-01,Vegetables,Tomato Green House Syria,Tomato,,1kg,,5.0,,,5.0,,Rawabi,Active
2026-08-01,Vegetables,Turmeric,Turmeric,India,1kg,,17.0,,,17.0,,Rawabi,Active
2026-08-01,Vegetables,Turmeric,Turmeric,India,250g,,4.25,,,17.0,,Rawabi,Active
2026-08-01,Fruits,Cherry Syria Packet,Berries,,,,,,,,,,Market Out
2026-08-01,Fruits,Strawberry Africa-Packet,Berries,,,,,,,,,,Market Out
2026-08-01,Fruits,Pear Africa,Pears,,1kg,,,,,,,,Market Out
2026-08-01,Vegetables,Capsicum Mix Pkt,Capsicum,Holland,4.0pcs,,,,,,,,Market Out
2026-08-01,Vegetables,Capsicum Yellow,Capsicum,Holland,,,,,,,,,Market Out
2026-08-01,Vegetables,Baby Spinach Leaves -Packet,Leafy Vegetables,Italy,,,,,,,,,Market Out
2026-08-01,Vegetables,Red Chard Mix,Leafy Vegetables,Italy,125g,,,,,,,,Market Out
2026-08-01,Vegetables,Potato Bag,Potatoes & Starchy Vegetables,Pakistan,,,,,,,,,Market Out
2026-08-01,Vegetables,Sweet Potato,Potatoes & Starchy Vegetables,Usa,,,,,,,,,Market Out
2026-07-31,Fruits,Apple Africa,Apples,,1kg,,11.0,,,11.0,,Rawabi,Active
2026-07-31,Fruits,Apple Gala,Apples,France,1kg,,11.0,,,11.0,,Rawabi,Active
2026-07-31,Fruits,Apple Golden,Apples,Italy,1kg,,12.0,,,12.0,,Rawabi,Active
2026-07-31,Fruits,Apple Green,Apples,Spain,1kg,,11.5,,,11.5,,Rawabi,Active
2026-07-31,Fruits,Apple Red,Apples,Usa,1kg,,14.5,,,14.5,,Rawabi,Active
2026-07-31,Fruits,Apple Ukraine,Apples,,1kg,,10.0,,,10.0,,Rawabi,Active
2026-07-31,Fruits,Pineapple,Apples,India,1kg,,17.0,,,17.0,,Rawabi,Active
2026-07-31,Fruits,Pineapple Golden,Apples,Kenya,1kg,,13.5,,,13.5,,Rawabi,Active
2026-07-31,Fruits,Avocado,Avocado,Uganda,1kg,,18.0,,,18.0,,Rawabi,Active
2026-07-31,Fruits,Avocado Hass,Avocado,Uganda,1kg,,25.0,,,25.0,,Rawabi,Active
2026-07-31,Fruits,Banana,Banana,Philippines,1kg,,7.5,,,7.5,,Rawabi,Active
2026-07-31,Fruits,Banana Flower,Banana,India,,,,18.5,,,,,Active
2026-07-31,Fruits,Banana Flower,Banana,,1kg,,17.0,,,17.0,,Rawabi,Active
2026-07-31,Fruits,Banana Yellow,Banana,India,1kg,,12.75,,,12.75,,Rawabi,Active
2026-07-31,Fruits,Kadali Banana By Air,Banana,India,1kg,,17.5,,,17.5,,Rawabi,Active
2026-07-31,Fruits,Kadhali Banana,Banana,India,1kg,,16.5,,,16.5,,Rawabi,Active
2026-07-31,Fruits,Black Berry -Packet,Berries,Morocco,,,24.5,,,,,,Active
2026-07-31,Fruits,Blackberry -Packet,Berries,Usa,,,24.0,,,,,,Active
2026-07-31,Fruits,Blueberry -Packet,Berries,Morocco,,,13.0,,,,,,Active
2026-07-31,Fruits,Cherry Syria Packet,Berries,,,,12.0,,,,,,Active
2026-07-31,Fruits,Raspberry Africa Packet,Berries,,,,26.0,,,,,,Active
2026-07-31,Fruits,Strawberry Africa-Packet,Berries,,,,19.0,,,,,,Active
2026-07-31,Fruits,Lemon Africa,Citrus Fruits,,1kg,,8.5,,,8.5,,Rawabi,Active
2026-07-31,Fruits,Lemon Africa,Citrus Fruits,,250g,,2.25,,,9.0,,Rawabi,Active
2026-07-31,Fruits,Lime,Citrus Fruits,Vietnam,1kg,,9.75,,,9.75,,Rawabi,Active
2026-07-31,Fruits,Lime,Citrus Fruits,Vietnam,250g,,2.75,,,11.0,,Rawabi,Active
2026-07-31,Fruits,Mandarin,Citrus Fruits,China,1kg,,13.5,,,13.5,,Rawabi,Active
2026-07-31,Fruits,Mandarine Nadarcott,Citrus Fruits,Egypt,1kg,,8.5,,,8.5,,Rawabi,Active
2026-07-31,Fruits,Orange Navel Africa,Citrus Fruits,,1kg,,9.75,,,9.75,,Rawabi,Active
2026-07-31,Fruits,Orange Valencia,Citrus Fruits,Egypt,1kg,,4.5,,,4.5,,Rawabi,Active
2026-07-31,Fruits,Coconut,Coconut,India,1.0pc,,3.0,,,3000.0,,Rawabi,Active
2026-07-31,Fruits,Coconut Grated,Coconut,India,1.0pc,,3.5,,,3500.0,,Rawabi,Active
2026-07-31,Fruits,Coconut Young,Coconut,Sri Lanka,1.0pc,,11.0,,,11000.0,,Rawabi,Active
2026-07-31,Fruits,Grape White Packet,Grapes,Egypt,1kg,,16.0,,,16.0,,Rawabi,Active
2026-07-31,Fruits,Grapefruit Africa,Grapes,,1kg,,8.75,,,8.75,,Rawabi,Active
2026-07-31,Fruits,Grapes Red -Packet,Grapes,India,,,9.0,,,,,,Active
2026-07-31,Fruits,Grapes White,Grapes,Australia,1kg,,50.0,,,50.0,,Rawabi,Active
2026-07-31,Fruits,Grapes White,Grapes,Australia,500g,,25.0,,,50.0,,Rawabi,Active
2026-07-31,Fruits,Ash Banana,Green Banana,Sri Lanka,,,,9.5,,,,,Active
2026-07-31,Fruits,Green Banana,Green Banana,Uganda,1kg,,18.0,,,18.0,,Rawabi,Active
2026-07-31,Fruits,Green Banana,Green Banana,India,1kg,,12.0,,,12.0,,Rawabi,Active
2026-07-31,Fruits,Kiwi Gold New Zealand,Kiwi,,1kg,,60.0,,,60.0,,Rawabi,Active
2026-07-31,Fruits,Kiwi Gold New Zealand,Kiwi,,250g,,15.0,,,60.0,,Rawabi,Active
2026-07-31,Fruits,Kiwi Greece,Kiwi,,1kg,,28.0,,,28.0,,Rawabi,Active
2026-07-31,Fruits,Mango Badami Air,Mangoes,India,1kg,,18.0,,,18.0,,Rawabi,Active
2026-07-31,Fruits,Mango Galbetor Yeman,Mangoes,,1kg,,13.5,,,13.5,,Rawabi,Active
2026-07-31,Fruits,Mango Yemen Cartoon,Mangoes,,,,35.0,,,,,,Active
2026-07-31,Fruits,Mangosteen Packet,Mangoes,Thailand,,,25.0,,,,,,Active
2026-07-31,Fruits,Sweet Melon,Melons,Jordan,1kg,,3.5,,,3.5,,Rawabi,Active
2026-07-31,Fruits,Water Melon,Melons,Jordan,1kg,,3.5,,,3.5,,Rawabi,Active
2026-07-31,Fruits,Papaya,Papaya,Sri Lanka,1kg,,17.5,,,17.5,,Rawabi,Active
2026-07-31,Fruits,Pear Africa,Pears,,1kg,,11.0,,,11.0,,Rawabi,Active
2026-07-31,Fruits,Plums Red Africa,Plums,,1kg,,15.5,,,15.5,,Rawabi,Active
2026-07-31,Fruits,Pomegranate,Pomegranates,India,1kg,,21.0,,,21.0,,Rawabi,Active
2026-07-31,Fruits,Pomegranate,Pomegranates,India,500g,,10.5,,,21.0,,Rawabi,Active
2026-07-31,Fruits,Pomegranate,Pomegranates,Peru,1kg,,24.0,,,24.0,,Rawabi,Active
2026-07-31,Fruits,Pomegranate -Carton,Pomegranates,India,,,30.0,,,,,,Active
2026-07-31,Vegetables,Beetroot,Beetroot,Oman,1kg,,6.5,,,6.5,,Rawabi,Active
2026-07-31,Vegetables,Beetroot Cooked,Beetroot,,500g,,,22.0,,,44.0,Family,Active
2026-07-31,Vegetables,Broccoli,Cabbage & Broccoli,Spain,1kg,,20.0,,,20.0,,Rawabi,Active
2026-07-31,Vegetables,Broccoli,Cabbage & Broccoli,Spain,500g,,11.0,,,22.0,,Rawabi,Active
2026-07-31,Vegetables,Cabbage,Cabbage & Broccoli,Oman,1kg,,4.5,,,4.5,,Rawabi,Active
2026-07-31,Vegetables,Cauliflower Mazra Doha,Cabbage & Broccoli,,1kg,,8.0,,,8.0,,Rawabi,Active
2026-07-31,Vegetables,Capsicum,Capsicum,Holland,1kg,,35.0,,,35.0,,Rawabi,Active
2026-07-31,Vegetables,Capsicum,Capsicum,Holland,500g,,17.5,,,35.0,,Rawabi,Active
2026-07-31,Vegetables,Capsicum 4Color (Packet),Capsicum,Holland,,,22.0,,,,,,Active
2026-07-31,Vegetables,Capsicum Green,Capsicum,Jordan,1kg,,5.0,,,5.0,,Rawabi,Active
2026-07-31,Vegetables,Capsicum Green,Capsicum,Jordan,500g,,2.5,,,5.0,,Rawabi,Active
2026-07-31,Vegetables,Capsicum Mix Pkt,Capsicum,Holland,4.0pcs,,,20.0,,,5000.0,Family,Active
2026-07-31,Vegetables,Capsicum Yellow,Capsicum,Holland,,,,12.5,,,,,Active
2026-07-31,Vegetables,Carrot,Carrots,Australia,1kg,,7.0,,,7.0,,Rawabi,Active
2026-07-31,Vegetables,Carrot,Carrots,Australia,500g,,3.5,,,7.0,,Rawabi,Active
2026-07-31,Vegetables,Chayote,Chayote,India,1kg,,16.0,,,16.0,,Rawabi,Active
2026-07-31,Vegetables,Chilli,Chillies & Spicy,Uganda,1kg,,19.5,,,19.5,,Rawabi,Active
2026-07-31,Vegetables,Chilli,Chillies & Spicy,Uganda,250g,,5.0,,,20.0,,Rawabi,Active
2026-07-31,Vegetables,Ginger,Chillies & Spicy,China,1kg,,8.0,,,8.0,,Rawabi,Active
2026-07-31,Vegetables,Ginger,Chillies & Spicy,Uganda,1kg,,19.0,,,19.0,,Rawabi,Active
2026-07-31,Vegetables,Ginger,Chillies & Spicy,China,250g,,2.0,,,8.0,,Rawabi,Active
2026-07-31,Vegetables,Ginger,Chillies & Spicy,Uganda,250g,,4.75,,,19.0,,Rawabi,Active
2026-07-31,Vegetables,Green Chilly By Air,Chillies & Spicy,India,1kg,,19.5,,,19.5,,Rawabi,Active
2026-07-31,Vegetables,Green Chilly By Air,Chillies & Spicy,India,250g,,4.5,,,18.0,,Rawabi,Active
2026-07-31,Vegetables,Hot Pepper Mix,Chillies & Spicy,Uganda,1kg,,32.5,,,32.5,,Rawabi,Active
2026-07-31,Vegetables,Hot Pepper Mix,Chillies & Spicy,Uganda,250g,,8.25,,,33.0,,Rawabi,Active
2026-07-31,Vegetables,Mixed Chilli Red & Green Pkt,Chillies & Spicy,,,,,8.0,,,,,Active
2026-07-31,Vegetables,Sambar Mixed Vegetable,Combo Pack,,,,,10.0,,,,,Active
2026-07-31,Vegetables,Zucchini,Courgettes & Artichoke,Jordan,1kg,,5.0,,,5.0,,Rawabi,Active
2026-07-31,Vegetables,Cucumber Mazra Doha,Cucumber,,1kg,,7.5,,,7.5,,Rawabi,Active
2026-07-31,Vegetables,Cucumber Premium Doha,Cucumber,,1kg,,7.5,,,7.5,,Rawabi,Active
2026-07-31,Vegetables,Yellow Cucumber,Cucumber,India,1kg,,15.75,,,15.75,,Rawabi,Active
2026-07-31,Vegetables,Garlic,Garlic,India,,,,12.25,,,,,Active
2026-07-31,Vegetables,Garlic,Garlic,China,1kg,,8.0,,,8.0,,Rawabi,Active
2026-07-31,Vegetables,Garlic,Garlic,China,250g,,2.0,,,8.0,,Rawabi,Active
2026-07-31,Vegetables,Garlic Packet Big,Garlic,China,,,9.0,,,,,,Active
2026-07-31,Vegetables,Garlic Small Pkt ( ),Garlic,China,,,4.5,,,,,,Active
2026-07-31,Vegetables,Ashgourd,Gourds,Oman,1kg,,6.0,,,6.0,,Rawabi,Active
2026-07-31,Vegetables,Bitter Gourd,Gourds,India,1kg,,17.0,,,17.0,,Rawabi,Active
2026-07-31,Vegetables,Bottle Gourd Doha,Gourds,,1kg,,6.5,,,6.5,,Rawabi,Active
2026-07-31,Vegetables,Ivy Gourd (Kovakka) Indian,Gourds,India,1kg,,16.5,,,16.5,,Rawabi,Active
2026-07-31,Vegetables,Ridge Gourd,Gourds,India,1kg,,17.0,,,17.0,,Rawabi,Active
2026-07-31,Vegetables,Snake Gourd,Gourds,India,1kg,,17.0,,,17.0,,Rawabi,Active
2026-07-31,Vegetables,Baby Fennel Africa-Packet,Herbs,,,,22.5,,,,,,Active
2026-07-31,Vegetables,Celery,Herbs,Spain,,,,20.0,,,,,Active
2026-07-31,Vegetables,Celery Stick,Herbs,Spain,1kg,,35.0,,,35.0,,Rawabi,Active
2026-07-31,Vegetables,Celery Stick,Herbs,Spain,250g,,8.75,,,35.0,,Rawabi,Active
2026-07-31,Vegetables,Curry Leaves,Herbs,Uganda,,,35.0,,,,,,Active
2026-07-31,Vegetables,Green Basil ( ),Herbs,Kenya,,,,16.0,,,,,Active
2026-07-31,Vegetables,Mint Leaves -Packet,Herbs,Jordan,,,3.5,,,,,,Active
2026-07-31,Vegetables,Parsley Leaves 1 Bunch,Herbs,Saudi,,,2.0,,,,,,Active
2026-07-31,Vegetables,Rosemary,Herbs,Kenya,1.0pc,,12.0,,,12000.0,,Rawabi,Active
2026-07-31,Vegetables,Lady Finger,Lady Finger,India,1kg,,17.0,,,17.0,,Rawabi,Active
2026-07-31,Vegetables,Arugula (Jerjir)Leaves Doha,Leafy Vegetables,,500g,,3.75,,,7.5,,Rawabi,Active
2026-07-31,Vegetables,Arugula (Jerjir)Leaves Doha 1 Bunch,Leafy Vegetables,,,,7.5,,,,,,Active
2026-07-31,Vegetables,Baby Spinach Leaves -Packet,Leafy Vegetables,Italy,,,11.0,,,,,,Active
2026-07-31,Vegetables,Kangkong Doha,Leafy Vegetables,,1.0pc,,4.0,,,4000.0,,Rawabi,Active
2026-07-31,Vegetables,Lettuce,Leafy Vegetables,Jordan,1kg,,3.5,,,3.5,,Rawabi,Active
2026-07-31,Vegetables,Lettuce,Leafy Vegetables,Jordan,500g,,2.0,,,4.0,,Rawabi,Active
2026-07-31,Vegetables,Lettuce Gem Tray,Leafy Vegetables,Spain,,,,15.0,,,,,Active
2026-07-31,Vegetables,Lettuce Ice Berge,Leafy Vegetables,Spain,1kg,,38.0,,,38.0,,Rawabi,Active
2026-07-31,Vegetables,Lettuce Ice Berge,Leafy Vegetables,Spain,250g,,9.5,,,38.0,,Rawabi,Active
2026-07-31,Vegetables,Lettuce Lollo Rossa,Leafy Vegetables,,,,,18.0,,,,,Active
2026-07-31,Vegetables,Molokhia Doha,Leafy Vegetables,,,,4.5,,,,,,Active
2026-07-31,Vegetables,Molokhia Doha,Leafy Vegetables,,250g,,1.25,,,5.0,,Rawabi,Active
2026-07-31,Vegetables,Red Chard Mix,Leafy Vegetables,Italy,125g,,,10.0,,,80.0,Family,Active
2026-07-31,Vegetables,Red Spinach Doha 1 Bunch,Leafy Vegetables,,,,3.5,,,,,,Active
2026-07-31,Vegetables,Leeks,Leeks/Spring Onions,Holland,1kg,,34.0,,,34.0,,Rawabi,Active
2026-07-31,Vegetables,Leeks,Leeks/Spring Onions,Holland,250g,,8.5,,,34.0,,Rawabi,Active
2026-07-31,Vegetables,Agrico Mushroom White Bottom,Mushrooms,Qatar,250g,,,7.0,,,28.0,Family,Active
2026-07-31,Vegetables,Mushroom Brown Doha-Packet,Mushrooms,,,,8.5,,,,,,Active
2026-07-31,Vegetables,Mushroom Slice Doha-Packet,Mushrooms,,,,8.5,,,,,,Active
2026-07-31,Vegetables,Mushroom White Doha-Packet,Mushrooms,,,,7.0,,,,,,Active
2026-07-31,Vegetables,Onion Big,Onion,India,1kg,,3.5,,,3.5,,Rawabi,Active
2026-07-31,Vegetables,Onion Medium Bag,Onion,India,,,16.0,,,,,,Active
2026-07-31,Vegetables,Onion Small,Onion,India,1kg,,18.5,,,18.5,,Rawabi,Active
2026-07-31,Vegetables,Onion Small Bag,Onion,India,,,11.0,,,,,,Active
2026-07-31,Vegetables,Onion White,Onion,Spain,1kg,,11.0,,,11.0,,Rawabi,Active
2026-07-31,Vegetables,Bagal,Other Vegetables,,,,,4.0,,,,,Active
2026-07-31,Vegetables,Bagal Leaves,Other Vegetables,,1.0pc,,8.0,,,8000.0,,Rawabi,Active
2026-07-31,Vegetables,Colacasia,Other Vegetables,India,1kg,,17.0,,,17.0,,Rawabi,Active
2026-07-31,Vegetables,Drumstick,Other Vegetables,India,1kg,,19.5,,,19.5,,Rawabi,Active
2026-07-31,Vegetables,Eggplant,Other Vegetables,Holland,,,,28.0,,,,,Active
2026-07-31,Vegetables,Eggplant Large,Other Vegetables,Lebanon,,,,14.5,,,,,Active
2026-07-31,Vegetables,Eggplant Premium,Other Vegetables,Oman,1kg,,6.75,,,6.75,,Rawabi,Active
2026-07-31,Vegetables,Eggplant Purple,Other Vegetables,Qatar,,,,5.5,,,,,Active
2026-07-31,Vegetables,Green Spianch Doha 1 Bunch,Other Vegetables,,,,3.5,,,,,,Active
2026-07-31,Vegetables,Lollo Bioanda,Other Vegetables,Holland,1kg,,16.0,,,16.0,,Rawabi,Active
2026-07-31,Vegetables,Lollo Bioanda,Other Vegetables,Holland,250g,,4.0,,,16.0,,Rawabi,Active
2026-07-31,Vegetables,Longan -Packet,Other Vegetables,Thailand,,,24.0,,,,,,Active
2026-07-31,Vegetables,Palak Doha Pc,Other Vegetables,,,,3.0,,,,,,Active
2026-07-31,Vegetables,Rambutan -Packet,Other Vegetables,Thailand,,,25.0,,,,,,Active
2026-07-31,Vegetables,Beans,Peas & Beans,India,1kg,,20.0,,,20.0,,Rawabi,Active
2026-07-31,Vegetables,Potato,Potatoes & Starchy Vegetables,Egypt,1kg,,3.5,,,3.5,,Rawabi,Active
2026-07-31,Vegetables,Potato Bag,Potatoes & Starchy Vegetables,Pakistan,,,9.0,,,,,,Active
2026-07-31,Vegetables,Potato Syria,Potatoes & Starchy Vegetables,,1kg,,3.0,,,3.0,,Rawabi,Active
2026-07-31,Vegetables,Sweet Potato,Potatoes & Starchy Vegetables,Usa,,,,15.5,,,,,Active
2026-07-31,Vegetables,Sweet Potato By Air,Potatoes & Starchy Vegetables,Uganda,1kg,,20.0,,,20.0,,Rawabi,Active
2026-07-31,Vegetables,Yam,Potatoes & Starchy Vegetables,India,1kg,,12.75,,,12.75,,Rawabi,Active
2026-07-31,Vegetables,Butter Nut Pumpkin Africa,Pumpkin,,1kg,,8.5,,,8.5,,Rawabi,Active
2026-07-31,Vegetables,Disco Pumpkin,Pumpkin,India,1kg,,16.0,,,16.0,,Rawabi,Active
2026-07-31,Vegetables,Pumpkin,Pumpkin,Oman,1kg,,4.75,,,4.75,,Rawabi,Active
2026-07-31,Vegetables,Pumpkin Mathan Green,Pumpkin,India,,,,18.0,,,,,Active
2026-07-31,Vegetables,Radish Red -Packet,Raddish,Holland,,,5.5,,,,,,Active
2026-07-31,Vegetables,Red Radish,Raddish,Holland,1kg,,30.0,,,30.0,,Rawabi,Active
2026-07-31,Vegetables,Cherry Tomato -Packet,Tomato,Morocco,,,12.0,,,,,,Active
2026-07-31,Vegetables,Tomato Green House,Tomato,Jordan,1kg,,5.75,,,5.75,,Rawabi,Active
2026-07-31,Vegetables,Tomato Green House Syria,Tomato,,1kg,,5.0,,,5.0,,Rawabi,Active
2026-07-31,Vegetables,Turmeric,Turmeric,India,1kg,,17.0,,,17.0,,Rawabi,Active
2026-07-31,Vegetables,Turmeric,Turmeric,India,250g,,4.25,,,17.0,,Rawabi,Active
2026-07-31,Vegetables,Fennel,Herbs,,,,,,,,,,Market Out
2026-07-31,Vegetables,Mushroom Slice,Mushrooms,Qatar,,,,,,,,,Market Out
2026-07-31,Vegetables,Mushrooms Portobello,Mushrooms,,,,,,,,,,Market Out
2026-07-31,Vegetables,Squash ( )-,Other Vegetables,Lebanon,,,,,,,,,Market Out
2026-07-31,Vegetables,Tomato Tommys Pkt ( ),Tomato,Spain,500g,,,,,,,,Market Out
2026-07-30,Fruits,Ash Banana,Green Banana,Sri Lanka,,,,9.5,,,,,Active
2026-07-30,Vegetables,Beetroot Cooked,Beetroot,,500g,,,22.0,,,44.0,Family,Active
2026-07-30,Vegetables,Capsicum Mix Pkt,Capsicum,Holland,4.0pcs,,,20.0,,,5000.0,Family,Active
2026-07-30,Vegetables,Mixed Chilli Red & Green Pkt,Chillies & Spicy,,,,,8.0,,,,,Active
2026-07-30,Vegetables,Sambar Mixed Vegetable,Combo Pack,,,,,10.0,,,,,Active
2026-07-30,Vegetables,Celery,Herbs,Spain,,,,20.0,,,,,Active
2026-07-30,Vegetables,Fennel,Herbs,,,,,22.5,,,,,Active
2026-07-30,Vegetables,Lettuce Lollo Rossa,Leafy Vegetables,,,,,18.0,,,,,Active
2026-07-30,Vegetables,Red Chard Mix,Leafy Vegetables,Italy,125g,,,10.0,,,80.0,Family,Active
2026-07-30,Vegetables,Agrico Mushroom White Bottom,Mushrooms,Qatar,250g,,,7.0,,,28.0,Family,Active
2026-07-30,Vegetables,Mushroom Slice,Mushrooms,Qatar,,,,8.5,,,,,Active
2026-07-30,Vegetables,Mushrooms Portobello,Mushrooms,,,,,11.25,,,,,Active
2026-07-30,Vegetables,Bagal,Other Vegetables,,,,,4.0,,,,,Active
2026-07-30,Vegetables,Eggplant,Other Vegetables,Holland,,,,28.0,,,,,Active
2026-07-30,Vegetables,Eggplant Large,Other Vegetables,Lebanon,,,,14.5,,,,,Active
2026-07-30,Vegetables,Eggplant Purple,Other Vegetables,Qatar,,,,7.0,,,,,Active
2026-07-30,Vegetables,Squash ( )-,Other Vegetables,Lebanon,,,,32.0,,,,,Active
2026-07-30,Vegetables,Pumpkin Mathan Green,Pumpkin,India,,,,18.0,,,,,Active
2026-07-30,Vegetables,Red Radish,Raddish,Holland,1kg,,,32.0,,,32.0,Family,Active
2026-07-30,Vegetables,Tomato Tommys Pkt ( ),Tomato,Spain,500g,,,44.0,,,88.0,Family,Active
2026-07-30,Fruits,Apple Africa,Apples,,1kg,,,,,,,,Market Out
2026-07-30,Fruits,Apple Gala,Apples,France,1kg,,,,,,,,Market Out
2026-07-30,Fruits,Apple Golden,Apples,Italy,1kg,,,,,,,,Market Out
2026-07-30,Fruits,Apple Green,Apples,Spain,1kg,,,,,,,,Market Out
2026-07-30,Fruits,Apple Red,Apples,Usa,1kg,,,,,,,,Market Out
2026-07-30,Fruits,Apple Ukraine,Apples,,1kg,,,,,,,,Market Out
2026-07-30,Fruits,Pineapple,Apples,India,1kg,,,,,,,,Market Out
2026-07-30,Fruits,Pineapple Golden,Apples,Kenya,1kg,,,,,,,,Market Out
2026-07-30,Fruits,Avocado,Avocado,Uganda,1kg,,,,,,,,Market Out
2026-07-30,Fruits,Avocado Hass,Avocado,Uganda,1kg,,,,,,,,Market Out
2026-07-30,Fruits,Banana,Banana,Philippines,1kg,,,,,,,,Market Out
2026-07-30,Fruits,Banana Flower,Banana,,1kg,,,,,,,,Market Out
2026-07-30,Fruits,Banana Yellow,Banana,India,1kg,,,,,,,,Market Out
2026-07-30,Fruits,Kadali Banana By Air,Banana,India,1kg,,,,,,,,Market Out
2026-07-30,Fruits,Kadhali Banana,Banana,India,1kg,,,,,,,,Market Out
2026-07-30,Fruits,Black Berry -Packet,Berries,Morocco,,,,,,,,,Market Out
2026-07-30,Fruits,Blackberry -Packet,Berries,Usa,,,,,,,,,Market Out
2026-07-30,Fruits,Blueberry -Packet,Berries,Morocco,,,,,,,,,Market Out
2026-07-30,Fruits,Raspberry Africa Packet,Berries,,,,,,,,,,Market Out
2026-07-30,Fruits,Lemon Africa,Citrus Fruits,,1kg,,,,,,,,Market Out
2026-07-30,Fruits,Lemon Africa,Citrus Fruits,,250g,,,,,,,,Market Out
2026-07-30,Fruits,Lime,Citrus Fruits,Vietnam,1kg,,,,,,,,Market Out
2026-07-30,Fruits,Lime,Citrus Fruits,Vietnam,250g,,,,,,,,Market Out
2026-07-30,Fruits,Mandarin,Citrus Fruits,China,1kg,,,,,,,,Market Out
2026-07-30,Fruits,Mandarine Nadarcott,Citrus Fruits,Egypt,1kg,,,,,,,,Market Out
2026-07-30,Fruits,Orange Navel Africa,Citrus Fruits,,1kg,,,,,,,,Market Out
2026-07-30,Fruits,Orange Valencia,Citrus Fruits,Egypt,1kg,,,,,,,,Market Out
2026-07-30,Fruits,Coconut,Coconut,India,1.0pc,,,,,,,,Market Out
2026-07-30,Fruits,Coconut Grated,Coconut,India,1.0pc,,,,,,,,Market Out
2026-07-30,Fruits,Coconut Young,Coconut,Sri Lanka,1.0pc,,,,,,,,Market Out
2026-07-30,Fruits,Grape White Packet,Grapes,Egypt,1kg,,,,,,,,Market Out
2026-07-30,Fruits,Grapefruit Africa,Grapes,,1kg,,,,,,,,Market Out
2026-07-30,Fruits,Grapes Red -Packet,Grapes,India,,,,,,,,,Market Out
2026-07-30,Fruits,Grapes White,Grapes,Australia,1kg,,,,,,,,Market Out
2026-07-30,Fruits,Grapes White,Grapes,Australia,500g,,,,,,,,Market Out
2026-07-30,Fruits,Green Banana,Green Banana,Uganda,1kg,,,,,,,,Market Out
2026-07-30,Fruits,Green Banana,Green Banana,India,1kg,,,,,,,,Market Out
2026-07-30,Fruits,Kiwi Gold New Zealand,Kiwi,,1kg,,,,,,,,Market Out
2026-07-30,Fruits,Kiwi Gold New Zealand,Kiwi,,250g,,,,,,,,Market Out
2026-07-30,Fruits,Kiwi Greece,Kiwi,,1kg,,,,,,,,Market Out
2026-07-30,Fruits,Mango Badami Air,Mangoes,India,1kg,,,,,,,,Market Out
2026-07-30,Fruits,Mango Galbetor Yeman,Mangoes,,1kg,,,,,,,,Market Out
2026-07-30,Fruits,Mango Yemen Cartoon,Mangoes,,,,,,,,,,Market Out
2026-07-30,Fruits,Mangosteen Packet,Mangoes,Thailand,,,,,,,,,Market Out
2026-07-30,Fruits,Sweet Melon,Melons,Jordan,1kg,,,,,,,,Market Out
2026-07-30,Fruits,Water Melon,Melons,Jordan,1kg,,,,,,,,Market Out
2026-07-30,Fruits,Papaya,Papaya,Sri Lanka,1kg,,,,,,,,Market Out
2026-07-30,Fruits,Plums Red Africa,Plums,,1kg,,,,,,,,Market Out
2026-07-30,Fruits,Pomegranate,Pomegranates,India,1kg,,,,,,,,Market Out
2026-07-30,Fruits,Pomegranate,Pomegranates,India,500g,,,,,,,,Market Out
2026-07-30,Fruits,Pomegranate,Pomegranates,Peru,1kg,,,,,,,,Market Out
2026-07-30,Fruits,Pomegranate -Carton,Pomegranates,India,,,,,,,,,Market Out
2026-07-30,Vegetables,Beetroot,Beetroot,Oman,1kg,,,,,,,,Market Out
2026-07-30,Vegetables,Broccoli,Cabbage & Broccoli,Spain,1kg,,,,,,,,Market Out
2026-07-30,Vegetables,Broccoli,Cabbage & Broccoli,Spain,500g,,,,,,,,Market Out
2026-07-30,Vegetables,Cabbage,Cabbage & Broccoli,Oman,1kg,,,,,,,,Market Out
2026-07-30,Vegetables,Cauliflower Mazra Doha,Cabbage & Broccoli,,1kg,,,,,,,,Market Out
2026-07-30,Vegetables,Capsicum,Capsicum,Holland,1kg,,,,,,,,Market Out
2026-07-30,Vegetables,Capsicum,Capsicum,Holland,500g,,,,,,,,Market Out
2026-07-30,Vegetables,Capsicum 4Color (Packet),Capsicum,Holland,,,,,,,,,Market Out
2026-07-30,Vegetables,Capsicum Green,Capsicum,Jordan,1kg,,,,,,,,Market Out
2026-07-30,Vegetables,Capsicum Green,Capsicum,Jordan,500g,,,,,,,,Market Out
2026-07-30,Vegetables,Carrot,Carrots,Australia,1kg,,,,,,,,Market Out
2026-07-30,Vegetables,Carrot,Carrots,Australia,500g,,,,,,,,Market Out
2026-07-30,Vegetables,Chayote,Chayote,India,1kg,,,,,,,,Market Out
2026-07-30,Vegetables,Chilli,Chillies & Spicy,Uganda,1kg,,,,,,,,Market Out
2026-07-30,Vegetables,Chilli,Chillies & Spicy,Uganda,250g,,,,,,,,Market Out
2026-07-30,Vegetables,Ginger,Chillies & Spicy,China,1kg,,,,,,,,Market Out
2026-07-30,Vegetables,Ginger,Chillies & Spicy,Uganda,1kg,,,,,,,,Market Out
2026-07-30,Vegetables,Ginger,Chillies & Spicy,China,250g,,,,,,,,Market Out
2026-07-30,Vegetables,Ginger,Chillies & Spicy,Uganda,250g,,,,,,,,Market Out
2026-07-30,Vegetables,Green Chilly By Air,Chillies & Spicy,India,1kg,,,,,,,,Market Out
2026-07-30,Vegetables,Green Chilly By Air,Chillies & Spicy,India,250g,,,,,,,,Market Out
2026-07-30,Vegetables,Hot Pepper Mix,Chillies & Spicy,Uganda,1kg,,,,,,,,Market Out
2026-07-30,Vegetables,Hot Pepper Mix,Chillies & Spicy,Uganda,250g,,,,,,,,Market Out
2026-07-30,Vegetables,Zucchini,Courgettes & Artichoke,Jordan,1kg,,,,,,,,Market Out
2026-07-30,Vegetables,Cucumber Mazra Doha,Cucumber,,1kg,,,,,,,,Market Out
2026-07-30,Vegetables,Cucumber Premium Doha,Cucumber,,1kg,,,,,,,,Market Out
2026-07-30,Vegetables,Yellow Cucumber,Cucumber,India,1kg,,,,,,,,Market Out
2026-07-30,Vegetables,Garlic,Garlic,India,,,,,,,,,Market Out
2026-07-30,Vegetables,Garlic,Garlic,China,1kg,,,,,,,,Market Out
2026-07-30,Vegetables,Garlic,Garlic,China,250g,,,,,,,,Market Out
2026-07-30,Vegetables,Garlic Packet Big,Garlic,China,,,,,,,,,Market Out
2026-07-30,Vegetables,Garlic Small Pkt ( ),Garlic,China,,,,,,,,,Market Out
2026-07-30,Vegetables,Ashgourd,Gourds,Oman,1kg,,,,,,,,Market Out
2026-07-30,Vegetables,Bitter Gourd,Gourds,India,1kg,,,,,,,,Market Out
2026-07-30,Vegetables,Bottle Gourd Doha,Gourds,,1kg,,,,,,,,Market Out
2026-07-30,Vegetables,Ivy Gourd (Kovakka) Indian,Gourds,India,1kg,,,,,,,,Market Out
2026-07-30,Vegetables,Ridge Gourd,Gourds,India,1kg,,,,,,,,Market Out
2026-07-30,Vegetables,Snake Gourd,Gourds,India,1kg,,,,,,,,Market Out
2026-07-30,Vegetables,Baby Fennel Africa-Packet,Herbs,,,,,,,,,,Market Out
2026-07-30,Vegetables,Celery Stick,Herbs,Spain,1kg,,,,,,,,Market Out
2026-07-30,Vegetables,Celery Stick,Herbs,Spain,250g,,,,,,,,Market Out
2026-07-30,Vegetables,Curry Leaves,Herbs,Uganda,,,,,,,,,Market Out
2026-07-30,Vegetables,Mint Leaves -Packet,Herbs,Jordan,,,,,,,,,Market Out
2026-07-30,Vegetables,Parsley Leaves 1 Bunch,Herbs,Saudi,,,,,,,,,Market Out
2026-07-30,Vegetables,Rosemary,Herbs,Kenya,1.0pc,,,,,,,,Market Out
2026-07-30,Vegetables,Lady Finger,Lady Finger,India,1kg,,,,,,,,Market Out
2026-07-30,Vegetables,Arugula (Jerjir)Leaves Doha,Leafy Vegetables,,500g,,,,,,,,Market Out
2026-07-30,Vegetables,Arugula (Jerjir)Leaves Doha 1 Bunch,Leafy Vegetables,,,,,,,,,,Market Out
2026-07-30,Vegetables,Baby Spinach Leaves -Packet,Leafy Vegetables,Italy,,,,,,,,,Market Out
2026-07-30,Vegetables,Kangkong Doha,Leafy Vegetables,,1.0pc,,,,,,,,Market Out
2026-07-30,Vegetables,Lettuce,Leafy Vegetables,Jordan,1kg,,,,,,,,Market Out
2026-07-30,Vegetables,Lettuce,Leafy Vegetables,Jordan,500g,,,,,,,,Market Out
2026-07-30,Vegetables,Lettuce Ice Berge,Leafy Vegetables,Spain,1kg,,,,,,,,Market Out
2026-07-30,Vegetables,Lettuce Ice Berge,Leafy Vegetables,Spain,250g,,,,,,,,Market Out
2026-07-30,Vegetables,Molokhia Doha,Leafy Vegetables,,,,,,,,,,Market Out
2026-07-30,Vegetables,Molokhia Doha,Leafy Vegetables,,250g,,,,,,,,Market Out
2026-07-30,Vegetables,Red Spinach Doha 1 Bunch,Leafy Vegetables,,,,,,,,,,Market Out
2026-07-30,Vegetables,Leeks,Leeks/Spring Onions,Holland,1kg,,,,,,,,Market Out
2026-07-30,Vegetables,Leeks,Leeks/Spring Onions,Holland,250g,,,,,,,,Market Out
2026-07-30,Vegetables,Mushroom Brown Doha-Packet,Mushrooms,,,,,,,,,,Market Out
2026-07-30,Vegetables,Mushroom Slice Doha-Packet,Mushrooms,,,,,,,,,,Market Out
2026-07-30,Vegetables,Mushroom White Doha-Packet,Mushrooms,,,,,,,,,,Market Out
2026-07-30,Vegetables,Onion Big,Onion,India,1kg,,,,,,,,Market Out
2026-07-30,Vegetables,Onion Medium Bag,Onion,India,,,,,,,,,Market Out
2026-07-30,Vegetables,Onion Small,Onion,India,1kg,,,,,,,,Market Out
2026-07-30,Vegetables,Onion Small Bag,Onion,India,,,,,,,,,Market Out
2026-07-30,Vegetables,Onion White,Onion,Spain,1kg,,,,,,,,Market Out
2026-07-30,Vegetables,Bagal Leaves,Other Vegetables,,1.0pc,,,,,,,,Market Out
2026-07-30,Vegetables,Colacasia,Other Vegetables,India,1kg,,,,,,,,Market Out
2026-07-30,Vegetables,Drumstick,Other Vegetables,India,1kg,,,,,,,,Market Out
2026-07-30,Vegetables,Eggplant Premium,Other Vegetables,Oman,1kg,,,,,,,,Market Out
2026-07-30,Vegetables,Green Spianch Doha 1 Bunch,Other Vegetables,,,,,,,,,,Market Out
2026-07-30,Vegetables,Lollo Bioanda,Other Vegetables,Holland,1kg,,,,,,,,Market Out
2026-07-30,Vegetables,Lollo Bioanda,Other Vegetables,Holland,250g,,,,,,,,Market Out
2026-07-30,Vegetables,Longan -Packet,Other Vegetables,Thailand,,,,,,,,,Market Out
2026-07-30,Vegetables,Palak Doha Pc,Other Vegetables,,,,,,,,,,Market Out
2026-07-30,Vegetables,Rambutan -Packet,Other Vegetables,Thailand,,,,,,,,,Market Out
2026-07-30,Vegetables,Beans,Peas & Beans,India,1kg,,,,,,,,Market Out
2026-07-30,Vegetables,Aravi Big,Potatoes & Starchy Vegetables,India,,,,,,,,,Market Out
2026-07-30,Vegetables,Potato,Potatoes & Starchy Vegetables,Egypt,1kg,,,,,,,,Market Out
2026-07-30,Vegetables,Potato Bag,Potatoes & Starchy Vegetables,Pakistan,,,,,,,,,Market Out
2026-07-30,Vegetables,Potato Syria,Potatoes & Starchy Vegetables,,1kg,,,,,,,,Market Out
2026-07-30,Vegetables,Sweet Potato,Potatoes & Starchy Vegetables,India,,,,,,,,,Market Out
2026-07-30,Vegetables,Sweet Potato,Potatoes & Starchy Vegetables,Usa,,,,,,,,,Market Out
2026-07-30,Vegetables,Sweet Potato By Air,Potatoes & Starchy Vegetables,Uganda,1kg,,,,,,,,Market Out
2026-07-30,Vegetables,Yam,Potatoes & Starchy Vegetables,India,1kg,,,,,,,,Market Out
2026-07-30,Vegetables,Butter Nut Pumpkin Africa,Pumpkin,,1kg,,,,,,,,Market Out
2026-07-30,Vegetables,Disco Pumpkin,Pumpkin,India,1kg,,,,,,,,Market Out
2026-07-30,Vegetables,Pumpkin,Pumpkin,Oman,1kg,,,,,,,,Market Out
2026-07-30,Vegetables,White Pumpkin,Pumpkin,Qatar,,,,,,,,,Market Out
2026-07-30,Vegetables,Radish Red -Packet,Raddish,Holland,,,,,,,,,Market Out
2026-07-30,Vegetables,Cherry Tomato -Packet,Tomato,Morocco,,,,,,,,,Market Out
2026-07-30,Vegetables,Tomato,Tomato,Turkey,,,,,,,,,Market Out
2026-07-30,Vegetables,Tomato Green House,Tomato,Jordan,1kg,,,,,,,,Market Out
2026-07-30,Vegetables,Tomato Green House Syria,Tomato,,1kg,,,,,,,,Market Out
2026-07-30,Vegetables,Turmeric,Turmeric,India,1kg,,,,,,,,Market Out
2026-07-30,Vegetables,Turmeric,Turmeric,India,250g,,,,,,,,Market Out
2026-07-29,Fruits,Apple Africa,Apples,,1kg,,11.0,,,11.0,,Rawabi,Active
2026-07-29,Fruits,Apple Gala,Apples,France,1kg,,11.0,,,11.0,,Rawabi,Active
2026-07-29,Fruits,Apple Golden,Apples,Italy,1kg,,12.0,,,12.0,,Rawabi,Active
2026-07-29,Fruits,Apple Green,Apples,Spain,1kg,,12.0,,,12.0,,Rawabi,Active
2026-07-29,Fruits,Apple Red,Apples,Usa,1kg,,14.5,,,14.5,,Rawabi,Active
2026-07-29,Fruits,Apple Ukraine,Apples,,1kg,,10.0,,,10.0,,Rawabi,Active
2026-07-29,Fruits,Pineapple,Apples,India,1kg,,17.0,,,17.0,,Rawabi,Active
2026-07-29,Fruits,Pineapple Golden,Apples,Kenya,1kg,,13.5,,,13.5,,Rawabi,Active
2026-07-29,Fruits,Avocado,Avocado,Uganda,1kg,,18.75,,,18.75,,Rawabi,Active
2026-07-29,Fruits,Avocado Hass,Avocado,Uganda,1kg,,25.0,,,25.0,,Rawabi,Active
2026-07-29,Fruits,Banana,Banana,Philippines,1kg,,7.5,,,7.5,,Rawabi,Active
2026-07-29,Fruits,Banana Flower,Banana,,1kg,,17.0,,,17.0,,Rawabi,Active
2026-07-29,Fruits,Banana Yellow,Banana,India,1kg,,12.75,,,12.75,,Rawabi,Active
2026-07-29,Fruits,Kadali Banana By Air,Banana,India,1kg,,17.5,,,17.5,,Rawabi,Active
2026-07-29,Fruits,Kadhali Banana,Banana,India,1kg,,16.5,,,16.5,,Rawabi,Active
2026-07-29,Fruits,Black Berry -Packet,Berries,Morocco,,,24.5,,,,,,Active
2026-07-29,Fruits,Blackberry -Packet,Berries,Usa,,,24.0,,,,,,Active
2026-07-29,Fruits,Blueberry -Packet,Berries,Morocco,,,13.0,,,,,,Active
2026-07-29,Fruits,Raspberry Africa Packet,Berries,,,,26.0,,,,,,Active
2026-07-29,Fruits,Lemon Africa,Citrus Fruits,,1kg,,8.5,,,8.5,,Rawabi,Active
2026-07-29,Fruits,Lemon Africa,Citrus Fruits,,250g,,2.25,,,9.0,,Rawabi,Active
2026-07-29,Fruits,Lime,Citrus Fruits,Vietnam,1kg,,10.5,,,10.5,,Rawabi,Active
2026-07-29,Fruits,Lime,Citrus Fruits,Vietnam,250g,,2.75,,,11.0,,Rawabi,Active
2026-07-29,Fruits,Mandarin,Citrus Fruits,China,1kg,,13.5,,,13.5,,Rawabi,Active
2026-07-29,Fruits,Mandarine Nadarcott,Citrus Fruits,Egypt,1kg,,8.5,,,8.5,,Rawabi,Active
2026-07-29,Fruits,Orange Navel Africa,Citrus Fruits,,1kg,,9.75,,,9.75,,Rawabi,Active
2026-07-29,Fruits,Orange Valencia,Citrus Fruits,Egypt,1kg,,5.75,,,5.75,,Rawabi,Active
2026-07-29,Fruits,Coconut,Coconut,India,1.0pc,,3.0,,,3000.0,,Rawabi,Active
2026-07-29,Fruits,Coconut Grated,Coconut,India,1.0pc,,3.5,,,3500.0,,Rawabi,Active
2026-07-29,Fruits,Coconut Young,Coconut,Sri Lanka,1.0pc,,11.0,,,11000.0,,Rawabi,Active
2026-07-29,Fruits,Grape White Packet,Grapes,Egypt,1kg,,8.75,,,8.75,,Rawabi,Active
2026-07-29,Fruits,Grapefruit Africa,Grapes,,1kg,,8.75,,,8.75,,Rawabi,Active
2026-07-29,Fruits,Grapes Red -Packet,Grapes,India,,,9.0,,,,,,Active
2026-07-29,Fruits,Grapes White,Grapes,Australia,1kg,,50.0,,,50.0,,Rawabi,Active
2026-07-29,Fruits,Grapes White,Grapes,Australia,500g,,25.0,,,50.0,,Rawabi,Active
2026-07-29,Fruits,Green Banana,Green Banana,Uganda,1kg,,18.0,,,18.0,,Rawabi,Active
2026-07-29,Fruits,Green Banana,Green Banana,India,1kg,,7.75,,,7.75,,Rawabi,Active
2026-07-29,Fruits,Kiwi Gold New Zealand,Kiwi,,1kg,,60.0,,,60.0,,Rawabi,Active
2026-07-29,Fruits,Kiwi Gold New Zealand,Kiwi,,250g,,15.0,,,60.0,,Rawabi,Active
2026-07-29,Fruits,Kiwi Greece,Kiwi,,1kg,,28.0,,,28.0,,Rawabi,Active
2026-07-29,Fruits,Mango Badami Air,Mangoes,India,1kg,,18.0,,,18.0,,Rawabi,Active
2026-07-29,Fruits,Mango Galbetor Yeman,Mangoes,,1kg,,13.5,,,13.5,,Rawabi,Active
2026-07-29,Fruits,Mango Yemen Cartoon,Mangoes,,,,35.0,,,,,,Active
2026-07-29,Fruits,Mangosteen Packet,Mangoes,Thailand,,,25.0,,,,,,Active
2026-07-29,Fruits,Sweet Melon,Melons,Jordan,1kg,,3.5,,,3.5,,Rawabi,Active
2026-07-29,Fruits,Water Melon,Melons,Jordan,1kg,,3.5,,,3.5,,Rawabi,Active
2026-07-29,Fruits,Papaya,Papaya,Sri Lanka,1kg,,17.5,,,17.5,,Rawabi,Active
2026-07-29,Fruits,Plums Red Africa,Plums,,1kg,,15.5,,,15.5,,Rawabi,Active
2026-07-29,Fruits,Pomegranate,Pomegranates,India,1kg,,21.0,,,21.0,,Rawabi,Active
2026-07-29,Fruits,Pomegranate,Pomegranates,India,500g,,10.5,,,21.0,,Rawabi,Active
2026-07-29,Fruits,Pomegranate,Pomegranates,Peru,1kg,,24.0,,,24.0,,Rawabi,Active
2026-07-29,Fruits,Pomegranate -Carton,Pomegranates,India,,,30.0,,,,,,Active
2026-07-29,Vegetables,Beetroot,Beetroot,Oman,1kg,,6.5,,,6.5,,Rawabi,Active
2026-07-29,Vegetables,Beetroot Cooked,Beetroot,,500g,,,22.0,,,44.0,Family,Active
2026-07-29,Vegetables,Broccoli,Cabbage & Broccoli,Spain,1kg,,20.0,,,20.0,,Rawabi,Active
2026-07-29,Vegetables,Broccoli,Cabbage & Broccoli,Spain,500g,,11.0,,,22.0,,Rawabi,Active
2026-07-29,Vegetables,Cabbage,Cabbage & Broccoli,Oman,1kg,,4.5,,,4.5,,Rawabi,Active
2026-07-29,Vegetables,Cauliflower Mazra Doha,Cabbage & Broccoli,,1kg,,7.0,,,7.0,,Rawabi,Active
2026-07-29,Vegetables,Capsicum,Capsicum,Holland,1kg,,35.0,,,35.0,,Rawabi,Active
2026-07-29,Vegetables,Capsicum,Capsicum,Holland,500g,,17.5,,,35.0,,Rawabi,Active
2026-07-29,Vegetables,Capsicum 4Color (Packet),Capsicum,Holland,,,22.0,,,,,,Active
2026-07-29,Vegetables,Capsicum Green,Capsicum,Jordan,1kg,,4.5,,,4.5,,Rawabi,Active
2026-07-29,Vegetables,Capsicum Green,Capsicum,Jordan,500g,,2.5,,,5.0,,Rawabi,Active
2026-07-29,Vegetables,Capsicum Mix Pkt,Capsicum,Holland,4.0pcs,,,20.0,,,5000.0,Family,Active
2026-07-29,Vegetables,Carrot,Carrots,Australia,1kg,,7.0,,,7.0,,Rawabi,Active
2026-07-29,Vegetables,Carrot,Carrots,Australia,500g,,3.5,,,7.0,,Rawabi,Active
2026-07-29,Vegetables,Chayote,Chayote,India,1kg,,16.0,,,16.0,,Rawabi,Active
2026-07-29,Vegetables,Chilli,Chillies & Spicy,Uganda,1kg,,20.0,,,20.0,,Rawabi,Active
2026-07-29,Vegetables,Chilli,Chillies & Spicy,Uganda,250g,,5.0,,,20.0,,Rawabi,Active
2026-07-29,Vegetables,Ginger,Chillies & Spicy,China,1kg,,8.0,,,8.0,,Rawabi,Active
2026-07-29,Vegetables,Ginger,Chillies & Spicy,Uganda,1kg,,19.0,,,19.0,,Rawabi,Active
2026-07-29,Vegetables,Ginger,Chillies & Spicy,China,250g,,2.0,,,8.0,,Rawabi,Active
2026-07-29,Vegetables,Ginger,Chillies & Spicy,Uganda,250g,,4.75,,,19.0,,Rawabi,Active
2026-07-29,Vegetables,Green Chilly By Air,Chillies & Spicy,India,1kg,,18.0,,,18.0,,Rawabi,Active
2026-07-29,Vegetables,Green Chilly By Air,Chillies & Spicy,India,250g,,4.5,,,18.0,,Rawabi,Active
2026-07-29,Vegetables,Hot Pepper Mix,Chillies & Spicy,Uganda,1kg,,32.5,,,32.5,,Rawabi,Active
2026-07-29,Vegetables,Hot Pepper Mix,Chillies & Spicy,Uganda,250g,,8.25,,,33.0,,Rawabi,Active
2026-07-29,Vegetables,Mixed Chilli Red & Green Pkt,Chillies & Spicy,,,,,8.0,,,,,Active
2026-07-29,Vegetables,Sambar Mixed Vegetable,Combo Pack,,,,,10.0,,,,,Active
2026-07-29,Vegetables,Zucchini,Courgettes & Artichoke,Jordan,1kg,,4.5,,,4.5,,Rawabi,Active
2026-07-29,Vegetables,Cucumber Mazra Doha,Cucumber,,1kg,,7.5,,,7.5,,Rawabi,Active
2026-07-29,Vegetables,Cucumber Premium Doha,Cucumber,,1kg,,7.5,,,7.5,,Rawabi,Active
2026-07-29,Vegetables,Yellow Cucumber,Cucumber,India,1kg,,14.75,,,14.75,,Rawabi,Active
2026-07-29,Vegetables,Garlic,Garlic,India,,,,12.25,,,,,Active
2026-07-29,Vegetables,Garlic,Garlic,China,1kg,,8.0,,,8.0,,Rawabi,Active
2026-07-29,Vegetables,Garlic,Garlic,China,250g,,2.0,,,8.0,,Rawabi,Active
2026-07-29,Vegetables,Garlic Packet Big,Garlic,China,,,9.0,,,,,,Active
2026-07-29,Vegetables,Garlic Small Pkt ( ),Garlic,China,,,4.5,,,,,,Active
2026-07-29,Vegetables,Ashgourd,Gourds,Oman,1kg,,4.75,,,4.75,,Rawabi,Active
2026-07-29,Vegetables,Bitter Gourd,Gourds,India,1kg,,17.0,,,17.0,,Rawabi,Active
2026-07-29,Vegetables,Bottle Gourd Doha,Gourds,,1kg,,6.5,,,6.5,,Rawabi,Active
2026-07-29,Vegetables,Ivy Gourd (Kovakka) Indian,Gourds,India,1kg,,16.5,,,16.5,,Rawabi,Active
2026-07-29,Vegetables,Ridge Gourd,Gourds,India,1kg,,17.0,,,17.0,,Rawabi,Active
2026-07-29,Vegetables,Snake Gourd,Gourds,India,1kg,,17.0,,,17.0,,Rawabi,Active
2026-07-29,Vegetables,Baby Fennel Africa-Packet,Herbs,,,,22.5,,,,,,Active
2026-07-29,Vegetables,Celery,Herbs,Spain,,,,20.0,,,,,Active
2026-07-29,Vegetables,Celery Stick,Herbs,Spain,1kg,,35.0,,,35.0,,Rawabi,Active
2026-07-29,Vegetables,Celery Stick,Herbs,Spain,250g,,8.75,,,35.0,,Rawabi,Active
2026-07-29,Vegetables,Curry Leaves,Herbs,Uganda,,,35.0,,,,,,Active
2026-07-29,Vegetables,Fennel,Herbs,,,,,22.5,,,,,Active
2026-07-29,Vegetables,Mint Leaves -Packet,Herbs,Jordan,,,3.5,,,,,,Active
2026-07-29,Vegetables,Parsley Leaves 1 Bunch,Herbs,Saudi,,,2.0,,,,,,Active
2026-07-29,Vegetables,Rosemary,Herbs,Kenya,1.0pc,,12.0,,,12000.0,,Rawabi,Active
2026-07-29,Vegetables,Lady Finger,Lady Finger,India,1kg,,17.0,,,17.0,,Rawabi,Active
2026-07-29,Vegetables,Arugula (Jerjir)Leaves Doha,Leafy Vegetables,,500g,,3.75,,,7.5,,Rawabi,Active
2026-07-29,Vegetables,Arugula (Jerjir)Leaves Doha 1 Bunch,Leafy Vegetables,,,,7.5,,,,,,Active
2026-07-29,Vegetables,Baby Spinach Leaves -Packet,Leafy Vegetables,Italy,,,11.0,,,,,,Active
2026-07-29,Vegetables,Kangkong Doha,Leafy Vegetables,,1.0pc,,4.0,,,4000.0,,Rawabi,Active
2026-07-29,Vegetables,Lettuce,Leafy Vegetables,Jordan,1kg,,3.5,,,3.5,,Rawabi,Active
2026-07-29,Vegetables,Lettuce,Leafy Vegetables,Jordan,500g,,2.0,,,4.0,,Rawabi,Active
2026-07-29,Vegetables,Lettuce Ice Berge,Leafy Vegetables,Spain,1kg,,38.0,,,38.0,,Rawabi,Active
2026-07-29,Vegetables,Lettuce Ice Berge,Leafy Vegetables,Spain,250g,,9.5,,,38.0,,Rawabi,Active
2026-07-29,Vegetables,Molokhia Doha,Leafy Vegetables,,,,4.5,,,,,,Active
2026-07-29,Vegetables,Molokhia Doha,Leafy Vegetables,,250g,,1.25,,,5.0,,Rawabi,Active
2026-07-29,Vegetables,Red Spinach Doha 1 Bunch,Leafy Vegetables,,,,3.5,,,,,,Active
2026-07-29,Vegetables,Leeks,Leeks/Spring Onions,Holland,1kg,,34.0,,,34.0,,Rawabi,Active
2026-07-29,Vegetables,Leeks,Leeks/Spring Onions,Holland,250g,,8.5,,,34.0,,Rawabi,Active
2026-07-29,Vegetables,Agrico Mushroom White Bottom,Mushrooms,Qatar,250g,,,7.0,,,28.0,Family,Active
2026-07-29,Vegetables,Mushroom Brown Doha-Packet,Mushrooms,,,,8.5,,,,,,Active
2026-07-29,Vegetables,Mushroom Slice,Mushrooms,Qatar,,,,8.5,,,,,Active
2026-07-29,Vegetables,Mushroom Slice Doha-Packet,Mushrooms,,,,8.5,,,,,,Active
2026-07-29,Vegetables,Mushroom White Doha-Packet,Mushrooms,,,,7.0,,,,,,Active
2026-07-29,Vegetables,Mushrooms Portobello,Mushrooms,,,,,11.25,,,,,Active
2026-07-29,Vegetables,Onion Big,Onion,India,1kg,,3.5,,,3.5,,Rawabi,Active
2026-07-29,Vegetables,Onion Medium Bag,Onion,India,,,16.0,,,,,,Active
2026-07-29,Vegetables,Onion Small,Onion,India,1kg,,18.5,,,18.5,,Rawabi,Active
2026-07-29,Vegetables,Onion Small Bag,Onion,India,,,11.0,,,,,,Active
2026-07-29,Vegetables,Onion White,Onion,Spain,1kg,,11.0,,,11.0,,Rawabi,Active
2026-07-29,Vegetables,Bagal,Other Vegetables,,,,,4.0,,,,,Active
2026-07-29,Vegetables,Bagal Leaves,Other Vegetables,,1.0pc,,8.0,,,8000.0,,Rawabi,Active
2026-07-29,Vegetables,Colacasia,Other Vegetables,India,1kg,,17.0,,,17.0,,Rawabi,Active
2026-07-29,Vegetables,Drumstick,Other Vegetables,India,1kg,,19.5,,,19.5,,Rawabi,Active
2026-07-29,Vegetables,Eggplant,Other Vegetables,Holland,,,,28.0,,,,,Active
2026-07-29,Vegetables,Eggplant Large,Other Vegetables,Lebanon,,,,14.5,,,,,Active
2026-07-29,Vegetables,Eggplant Premium,Other Vegetables,Oman,1kg,,6.75,,,6.75,,Rawabi,Active
2026-07-29,Vegetables,Eggplant Purple,Other Vegetables,Qatar,,,,7.0,,,,,Active
2026-07-29,Vegetables,Green Spianch Doha 1 Bunch,Other Vegetables,,,,3.5,,,,,,Active
2026-07-29,Vegetables,Lollo Bioanda,Other Vegetables,Holland,1kg,,16.0,,,16.0,,Rawabi,Active
2026-07-29,Vegetables,Lollo Bioanda,Other Vegetables,Holland,250g,,4.0,,,16.0,,Rawabi,Active
2026-07-29,Vegetables,Longan -Packet,Other Vegetables,Thailand,,,24.0,,,,,,Active
2026-07-29,Vegetables,Palak Doha Pc,Other Vegetables,,,,3.0,,,,,,Active
2026-07-29,Vegetables,Rambutan -Packet,Other Vegetables,Thailand,,,25.0,,,,,,Active
2026-07-29,Vegetables,Beans,Peas & Beans,India,1kg,,20.0,,,20.0,,Rawabi,Active
2026-07-29,Vegetables,Aravi Big,Potatoes & Starchy Vegetables,India,,,,9.0,,,,,Active
2026-07-29,Vegetables,Potato,Potatoes & Starchy Vegetables,Egypt,1kg,,3.5,,,3.5,,Rawabi,Active
2026-07-29,Vegetables,Potato Bag,Potatoes & Starchy Vegetables,Pakistan,,,7.0,,,,,,Active
2026-07-29,Vegetables,Potato Syria,Potatoes & Starchy Vegetables,,1kg,,3.0,,,3.0,,Rawabi,Active
2026-07-29,Vegetables,Sweet Potato,Potatoes & Starchy Vegetables,India,,,,10.0,,,,,Active
2026-07-29,Vegetables,Sweet Potato,Potatoes & Starchy Vegetables,Usa,,,,15.5,,,,,Active
2026-07-29,Vegetables,Sweet Potato By Air,Potatoes & Starchy Vegetables,Uganda,1kg,,20.0,,,20.0,,Rawabi,Active
2026-07-29,Vegetables,Yam,Potatoes & Starchy Vegetables,India,1kg,,12.75,,,12.75,,Rawabi,Active
2026-07-29,Vegetables,Butter Nut Pumpkin Africa,Pumpkin,,1kg,,8.5,,,8.5,,Rawabi,Active
2026-07-29,Vegetables,Disco Pumpkin,Pumpkin,India,1kg,,16.0,,,16.0,,Rawabi,Active
2026-07-29,Vegetables,Pumpkin,Pumpkin,Oman,1kg,,4.5,,,4.5,,Rawabi,Active
2026-07-29,Vegetables,Pumpkin Mathan Green,Pumpkin,India,,,,18.0,,,,,Active
2026-07-29,Vegetables,White Pumpkin,Pumpkin,Qatar,,,,7.0,,,,,Active
2026-07-29,Vegetables,Radish Red -Packet,Raddish,Holland,,,5.5,,,,,,Active
2026-07-29,Vegetables,Red Radish,Raddish,Holland,1kg,,30.0,,,30.0,,Rawabi,Active
2026-07-29,Vegetables,Cherry Tomato -Packet,Tomato,Morocco,,,12.0,,,,,,Active
2026-07-29,Vegetables,Tomato,Tomato,Turkey,,,,1.25,,,,,Active
2026-07-29,Vegetables,Tomato Green House,Tomato,Jordan,1kg,,5.75,,,5.75,,Rawabi,Active
2026-07-29,Vegetables,Tomato Green House Syria,Tomato,,1kg,,5.0,,,5.0,,Rawabi,Active
2026-07-29,Vegetables,Turmeric,Turmeric,India,1kg,,17.0,,,17.0,,Rawabi,Active
2026-07-29,Vegetables,Turmeric,Turmeric,India,250g,,4.25,,,17.0,,Rawabi,Active
2026-07-29,Vegetables,Chilly Red,Chillies & Spicy,Holland,,,,,,,,,Market Out
2026-07-29,Vegetables,Baby Corn,Corns & Baby Corn,Thailand,125g,,,,,,,,Market Out
2026-07-29,Vegetables,Lettuce Gem Tray,Leafy Vegetables,Spain,,,,,,,,,Market Out
2026-07-29,Vegetables,Lettuce Lollo Rossa,Leafy Vegetables,,,,,,,,,,Market Out
2026-07-29,Vegetables,Red Chard Mix,Leafy Vegetables,Italy,125g,,,,,,,,Market Out
2026-07-29,Vegetables,Mung Bean Sprouts Pkts,Sprouts,,,,,,,,,,Market Out
2026-07-29,Vegetables,Tomato Tommys Pkt ( ),Tomato,Spain,500g,,,,,,,,Market Out
2026-07-28,Fruits,Apple Africa,Apples,,1kg,,11.0,,,11.0,,Rawabi,Active
2026-07-28,Fruits,Apple Gala,Apples,France,1kg,,11.0,,,11.0,,Rawabi,Active
2026-07-28,Fruits,Apple Golden,Apples,Italy,1kg,,12.0,,,12.0,,Rawabi,Active
2026-07-28,Fruits,Apple Green,Apples,Spain,1kg,,12.0,,,12.0,,Rawabi,Active
2026-07-28,Fruits,Apple Red,Apples,Usa,1kg,,14.5,,,14.5,,Rawabi,Active
2026-07-28,Fruits,Apple Ukraine,Apples,,1kg,,10.0,,,10.0,,Rawabi,Active
2026-07-28,Fruits,Pineapple,Apples,India,1kg,,17.0,,,17.0,,Rawabi,Active
2026-07-28,Fruits,Pineapple Golden,Apples,Kenya,1kg,,13.5,,,13.5,,Rawabi,Active
2026-07-28,Fruits,Avocado,Avocado,Uganda,1kg,,18.75,,,18.75,,Rawabi,Active
2026-07-28,Fruits,Avocado Hass,Avocado,Uganda,1kg,,25.0,,,25.0,,Rawabi,Active
2026-07-28,Fruits,Banana,Banana,Philippines,1kg,,7.5,,,7.5,,Rawabi,Active
2026-07-28,Fruits,Banana Flower,Banana,,1kg,,17.0,,,17.0,,Rawabi,Active
2026-07-28,Fruits,Banana Yellow,Banana,India,1kg,,12.75,,,12.75,,Rawabi,Active
2026-07-28,Fruits,Kadali Banana By Air,Banana,India,1kg,,17.5,,,17.5,,Rawabi,Active
2026-07-28,Fruits,Kadhali Banana,Banana,India,1kg,,16.5,,,16.5,,Rawabi,Active
2026-07-28,Fruits,Black Berry -Packet,Berries,Morocco,,,24.5,,,,,,Active
2026-07-28,Fruits,Blackberry -Packet,Berries,Usa,,,24.0,,,,,,Active
2026-07-28,Fruits,Blueberry -Packet,Berries,Morocco,,,13.0,,,,,,Active
2026-07-28,Fruits,Raspberry Africa Packet,Berries,,,,26.0,,,,,,Active
2026-07-28,Fruits,Lemon Africa,Citrus Fruits,,1kg,,8.5,,,8.5,,Rawabi,Active
2026-07-28,Fruits,Lemon Africa,Citrus Fruits,,250g,,2.25,,,9.0,,Rawabi,Active
2026-07-28,Fruits,Lime,Citrus Fruits,Vietnam,1kg,,10.5,,,10.5,,Rawabi,Active
2026-07-28,Fruits,Lime,Citrus Fruits,Vietnam,250g,,2.75,,,11.0,,Rawabi,Active
2026-07-28,Fruits,Mandarin,Citrus Fruits,China,1kg,,13.5,,,13.5,,Rawabi,Active
2026-07-28,Fruits,Mandarine Nadarcott,Citrus Fruits,Egypt,1kg,,8.5,,,8.5,,Rawabi,Active
2026-07-28,Fruits,Orange Navel Africa,Citrus Fruits,,1kg,,9.75,,,9.75,,Rawabi,Active
2026-07-28,Fruits,Orange Valencia,Citrus Fruits,Egypt,1kg,,5.75,,,5.75,,Rawabi,Active
2026-07-28,Fruits,Coconut,Coconut,India,1.0pc,,3.0,,,3000.0,,Rawabi,Active
2026-07-28,Fruits,Coconut Grated,Coconut,India,1.0pc,,3.5,,,3500.0,,Rawabi,Active
2026-07-28,Fruits,Coconut Young,Coconut,Sri Lanka,1.0pc,,11.0,,,11000.0,,Rawabi,Active
2026-07-28,Fruits,Grape White Packet,Grapes,Egypt,1kg,,8.75,,,8.75,,Rawabi,Active
2026-07-28,Fruits,Grapefruit Africa,Grapes,,1kg,,8.75,,,8.75,,Rawabi,Active
2026-07-28,Fruits,Grapes Red -Packet,Grapes,India,,,9.0,,,,,,Active
2026-07-28,Fruits,Grapes White,Grapes,Australia,1kg,,50.0,,,50.0,,Rawabi,Active
2026-07-28,Fruits,Grapes White,Grapes,Australia,500g,,25.0,,,50.0,,Rawabi,Active
2026-07-28,Fruits,Green Banana,Green Banana,Uganda,1kg,,18.0,,,18.0,,Rawabi,Active
2026-07-28,Fruits,Green Banana,Green Banana,India,1kg,,7.75,,,7.75,,Rawabi,Active
2026-07-28,Fruits,Kiwi Gold New Zealand,Kiwi,,1kg,,60.0,,,60.0,,Rawabi,Active
2026-07-28,Fruits,Kiwi Gold New Zealand,Kiwi,,250g,,15.0,,,60.0,,Rawabi,Active
2026-07-28,Fruits,Kiwi Greece,Kiwi,,1kg,,28.0,,,28.0,,Rawabi,Active
2026-07-28,Fruits,Mango Badami Air,Mangoes,India,1kg,,18.0,,,18.0,,Rawabi,Active
2026-07-28,Fruits,Mango Galbetor Yeman,Mangoes,,1kg,,13.5,,,13.5,,Rawabi,Active
2026-07-28,Fruits,Mango Yemen Cartoon,Mangoes,,,,35.0,,,,,,Active
2026-07-28,Fruits,Mangosteen Packet,Mangoes,Thailand,,,25.0,,,,,,Active
2026-07-28,Fruits,Sweet Melon,Melons,Jordan,1kg,,3.5,,,3.5,,Rawabi,Active
2026-07-28,Fruits,Water Melon,Melons,Jordan,1kg,,3.5,,,3.5,,Rawabi,Active
2026-07-28,Fruits,Papaya,Papaya,Sri Lanka,1kg,,17.5,,,17.5,,Rawabi,Active
2026-07-28,Fruits,Plums Red Africa,Plums,,1kg,,15.5,,,15.5,,Rawabi,Active
2026-07-28,Fruits,Pomegranate,Pomegranates,India,1kg,,21.0,,,21.0,,Rawabi,Active
2026-07-28,Fruits,Pomegranate,Pomegranates,India,500g,,10.5,,,21.0,,Rawabi,Active
2026-07-28,Fruits,Pomegranate,Pomegranates,Peru,1kg,,24.0,,,24.0,,Rawabi,Active
2026-07-28,Fruits,Pomegranate -Carton,Pomegranates,India,,,30.0,,,,,,Active
2026-07-28,Vegetables,Beetroot,Beetroot,Oman,1kg,,8.5,,,8.5,,Rawabi,Active
2026-07-28,Vegetables,Broccoli,Cabbage & Broccoli,Spain,1kg,,20.0,,,20.0,,Rawabi,Active
2026-07-28,Vegetables,Broccoli,Cabbage & Broccoli,Spain,500g,,11.0,,,22.0,,Rawabi,Active
2026-07-28,Vegetables,Cabbage,Cabbage & Broccoli,Oman,1kg,,4.5,,,4.5,,Rawabi,Active
2026-07-28,Vegetables,Cauliflower Mazra Doha,Cabbage & Broccoli,,1kg,,7.0,,,7.0,,Rawabi,Active
2026-07-28,Vegetables,Capsicum,Capsicum,Holland,1kg,,35.0,,,35.0,,Rawabi,Active
2026-07-28,Vegetables,Capsicum,Capsicum,Holland,500g,,17.5,,,35.0,,Rawabi,Active
2026-07-28,Vegetables,Capsicum 4Color (Packet),Capsicum,Holland,,,22.0,,,,,,Active
2026-07-28,Vegetables,Capsicum Green,Capsicum,Jordan,1kg,,5.0,,,5.0,,Rawabi,Active
2026-07-28,Vegetables,Capsicum Green,Capsicum,Jordan,500g,,2.5,,,5.0,,Rawabi,Active
2026-07-28,Vegetables,Carrot,Carrots,Australia,1kg,,7.0,,,7.0,,Rawabi,Active
2026-07-28,Vegetables,Carrot,Carrots,Australia,500g,,3.5,,,7.0,,Rawabi,Active
2026-07-28,Vegetables,Chayote,Chayote,India,1kg,,16.0,,,16.0,,Rawabi,Active
2026-07-28,Vegetables,Chilli,Chillies & Spicy,Uganda,1kg,,20.0,,,20.0,,Rawabi,Active
2026-07-28,Vegetables,Chilli,Chillies & Spicy,Uganda,250g,,5.0,,,20.0,,Rawabi,Active
2026-07-28,Vegetables,Chilly Red,Chillies & Spicy,Holland,,,,15.0,,,,,Active
2026-07-28,Vegetables,Ginger,Chillies & Spicy,China,1kg,,8.0,,,8.0,,Rawabi,Active
2026-07-28,Vegetables,Ginger,Chillies & Spicy,Uganda,1kg,,19.0,,,19.0,,Rawabi,Active
2026-07-28,Vegetables,Ginger,Chillies & Spicy,China,250g,,2.0,,,8.0,,Rawabi,Active
2026-07-28,Vegetables,Ginger,Chillies & Spicy,Uganda,250g,,4.75,,,19.0,,Rawabi,Active
2026-07-28,Vegetables,Green Chilly By Air,Chillies & Spicy,India,1kg,,18.0,,,18.0,,Rawabi,Active
2026-07-28,Vegetables,Green Chilly By Air,Chillies & Spicy,India,250g,,4.5,,,18.0,,Rawabi,Active
2026-07-28,Vegetables,Hot Pepper Mix,Chillies & Spicy,Uganda,1kg,,32.5,,,32.5,,Rawabi,Active
2026-07-28,Vegetables,Hot Pepper Mix,Chillies & Spicy,Uganda,250g,,8.25,,,33.0,,Rawabi,Active
2026-07-28,Vegetables,Mixed Chilli Red & Green Pkt,Chillies & Spicy,,,,,8.0,,,,,Active
2026-07-28,Vegetables,Sambar Mixed Vegetable,Combo Pack,,,,,10.0,,,,,Active
2026-07-28,Vegetables,Baby Corn,Corns & Baby Corn,Thailand,125g,,,8.0,,,64.0,Family,Active
2026-07-28,Vegetables,Zucchini,Courgettes & Artichoke,Jordan,1kg,,4.5,,,4.5,,Rawabi,Active
2026-07-28,Vegetables,Cucumber Mazra Doha,Cucumber,,1kg,,7.5,,,7.5,,Rawabi,Active
2026-07-28,Vegetables,Cucumber Premium Doha,Cucumber,,1kg,,7.5,,,7.5,,Rawabi,Active
2026-07-28,Vegetables,Yellow Cucumber,Cucumber,India,1kg,,14.75,,,14.75,,Rawabi,Active
2026-07-28,Vegetables,Garlic,Garlic,China,1kg,,8.0,,,8.0,,Rawabi,Active
2026-07-28,Vegetables,Garlic,Garlic,China,250g,,2.0,,,8.0,,Rawabi,Active
2026-07-28,Vegetables,Garlic Packet Big,Garlic,China,,,9.0,,,,,,Active
2026-07-28,Vegetables,Garlic Small Pkt ( ),Garlic,China,,,4.5,,,,,,Active
2026-07-28,Vegetables,Ashgourd,Gourds,Oman,1kg,,4.75,,,4.75,,Rawabi,Active
2026-07-28,Vegetables,Bitter Gourd,Gourds,India,1kg,,17.0,,,17.0,,Rawabi,Active
2026-07-28,Vegetables,Bottle Gourd Doha,Gourds,,1kg,,6.5,,,6.5,,Rawabi,Active
2026-07-28,Vegetables,Ivy Gourd (Kovakka) Indian,Gourds,India,1kg,,16.5,,,16.5,,Rawabi,Active
2026-07-28,Vegetables,Ridge Gourd,Gourds,India,1kg,,17.0,,,17.0,,Rawabi,Active
2026-07-28,Vegetables,Snake Gourd,Gourds,India,1kg,,17.0,,,17.0,,Rawabi,Active
2026-07-28,Vegetables,Baby Fennel Africa-Packet,Herbs,,,,22.5,,,,,,Active
2026-07-28,Vegetables,Celery,Herbs,Spain,,,,20.0,,,,,Active
2026-07-28,Vegetables,Celery Stick,Herbs,Spain,1kg,,35.0,,,35.0,,Rawabi,Active
2026-07-28,Vegetables,Celery Stick,Herbs,Spain,250g,,8.75,,,35.0,,Rawabi,Active
2026-07-28,Vegetables,Curry Leaves,Herbs,Uganda,,,35.0,,,,,,Active
2026-07-28,Vegetables,Mint Leaves -Packet,Herbs,Jordan,,,3.5,,,,,,Active
2026-07-28,Vegetables,Parsley Leaves 1 Bunch,Herbs,Saudi,,,2.0,,,,,,Active
2026-07-28,Vegetables,Rosemary,Herbs,Kenya,1.0pc,,12.0,,,12000.0,,Rawabi,Active
2026-07-28,Vegetables,Lady Finger,Lady Finger,India,1kg,,17.0,,,17.0,,Rawabi,Active
2026-07-28,Vegetables,Arugula (Jerjir)Leaves Doha,Leafy Vegetables,,500g,,3.75,,,7.5,,Rawabi,Active
2026-07-28,Vegetables,Arugula (Jerjir)Leaves Doha 1 Bunch,Leafy Vegetables,,,,7.5,,,,,,Active
2026-07-28,Vegetables,Baby Spinach Leaves -Packet,Leafy Vegetables,Italy,,,11.0,,,,,,Active
2026-07-28,Vegetables,Kangkong Doha,Leafy Vegetables,,1.0pc,,4.0,,,4000.0,,Rawabi,Active
2026-07-28,Vegetables,Lettuce,Leafy Vegetables,Jordan,1kg,,4.0,,,4.0,,Rawabi,Active
2026-07-28,Vegetables,Lettuce,Leafy Vegetables,Jordan,500g,,2.0,,,4.0,,Rawabi,Active
2026-07-28,Vegetables,Lettuce Gem Tray,Leafy Vegetables,Spain,,,,15.0,,,,,Active
2026-07-28,Vegetables,Lettuce Ice Berge,Leafy Vegetables,Spain,1kg,,38.0,,,38.0,,Rawabi,Active
2026-07-28,Vegetables,Lettuce Ice Berge,Leafy Vegetables,Spain,250g,,9.5,,,38.0,,Rawabi,Active
2026-07-28,Vegetables,Lettuce Lollo Rossa,Leafy Vegetables,,,,,18.0,,,,,Active
2026-07-28,Vegetables,Molokhia Doha,Leafy Vegetables,,,,4.5,,,,,,Active
2026-07-28,Vegetables,Molokhia Doha,Leafy Vegetables,,250g,,1.25,,,5.0,,Rawabi,Active
2026-07-28,Vegetables,Red Chard Mix,Leafy Vegetables,Italy,125g,,,10.0,,,80.0,Family,Active
2026-07-28,Vegetables,Red Spinach Doha 1 Bunch,Leafy Vegetables,,,,3.5,,,,,,Active
2026-07-28,Vegetables,Leeks,Leeks/Spring Onions,Holland,1kg,,34.0,,,34.0,,Rawabi,Active
2026-07-28,Vegetables,Leeks,Leeks/Spring Onions,Holland,250g,,8.5,,,34.0,,Rawabi,Active
2026-07-28,Vegetables,Agrico Mushroom White Bottom,Mushrooms,Qatar,250g,,,7.0,,,28.0,Family,Active
2026-07-28,Vegetables,Mushroom Brown Doha-Packet,Mushrooms,,,,8.5,,,,,,Active
2026-07-28,Vegetables,Mushroom Slice Doha-Packet,Mushrooms,,,,8.5,,,,,,Active
2026-07-28,Vegetables,Mushroom White Doha-Packet,Mushrooms,,,,7.0,,,,,,Active
2026-07-28,Vegetables,Onion Big,Onion,India,1kg,,3.0,,,3.0,,Rawabi,Active
2026-07-28,Vegetables,Onion Medium Bag,Onion,India,,,16.0,,,,,,Active
2026-07-28,Vegetables,Onion Small,Onion,India,1kg,,18.5,,,18.5,,Rawabi,Active
2026-07-28,Vegetables,Onion Small Bag,Onion,India,,,11.0,,,,,,Active
2026-07-28,Vegetables,Onion White,Onion,Spain,1kg,,11.0,,,11.0,,Rawabi,Active
2026-07-28,Vegetables,Bagal,Other Vegetables,,,,,4.0,,,,,Active
2026-07-28,Vegetables,Bagal Leaves,Other Vegetables,,1.0pc,,8.0,,,8000.0,,Rawabi,Active
2026-07-28,Vegetables,Colacasia,Other Vegetables,India,1kg,,17.0,,,17.0,,Rawabi,Active
2026-07-28,Vegetables,Drumstick,Other Vegetables,India,1kg,,19.5,,,19.5,,Rawabi,Active
2026-07-28,Vegetables,Eggplant,Other Vegetables,Holland,,,,28.0,,,,,Active
2026-07-28,Vegetables,Eggplant Large,Other Vegetables,Lebanon,,,,14.5,,,,,Active
2026-07-28,Vegetables,Eggplant Premium,Other Vegetables,Oman,1kg,,6.75,,,6.75,,Rawabi,Active
2026-07-28,Vegetables,Eggplant Purple,Other Vegetables,Qatar,,,,7.0,,,,,Active
2026-07-28,Vegetables,Green Spianch Doha 1 Bunch,Other Vegetables,,,,3.5,,,,,,Active
2026-07-28,Vegetables,Lollo Bioanda,Other Vegetables,Holland,1kg,,16.0,,,16.0,,Rawabi,Active
2026-07-28,Vegetables,Lollo Bioanda,Other Vegetables,Holland,250g,,4.0,,,16.0,,Rawabi,Active
2026-07-28,Vegetables,Longan -Packet,Other Vegetables,Thailand,,,24.0,,,,,,Active
2026-07-28,Vegetables,Palak Doha Pc,Other Vegetables,,,,3.0,,,,,,Active
2026-07-28,Vegetables,Rambutan -Packet,Other Vegetables,Thailand,,,25.0,,,,,,Active
2026-07-28,Vegetables,Beans,Peas & Beans,India,1kg,,20.0,,,20.0,,Rawabi,Active
2026-07-28,Vegetables,Potato,Potatoes & Starchy Vegetables,Egypt,1kg,,3.5,,,3.5,,Rawabi,Active
2026-07-28,Vegetables,Potato Bag,Potatoes & Starchy Vegetables,Pakistan,,,7.0,,,,,,Active
2026-07-28,Vegetables,Potato Syria,Potatoes & Starchy Vegetables,,1kg,,3.0,,,3.0,,Rawabi,Active
2026-07-28,Vegetables,Sweet Potato,Potatoes & Starchy Vegetables,India,,,,10.0,,,,,Active
2026-07-28,Vegetables,Sweet Potato By Air,Potatoes & Starchy Vegetables,Uganda,1kg,,20.0,,,20.0,,Rawabi,Active
2026-07-28,Vegetables,Yam,Potatoes & Starchy Vegetables,India,1kg,,12.75,,,12.75,,Rawabi,Active
2026-07-28,Vegetables,Butter Nut Pumpkin Africa,Pumpkin,,1kg,,8.5,,,8.5,,Rawabi,Active
2026-07-28,Vegetables,Disco Pumpkin,Pumpkin,India,1kg,,16.0,,,16.0,,Rawabi,Active
2026-07-28,Vegetables,Pumpkin,Pumpkin,Oman,1kg,,4.5,,,4.5,,Rawabi,Active
2026-07-28,Vegetables,Pumpkin Mathan Green,Pumpkin,India,,,,18.0,,,,,Active
2026-07-28,Vegetables,Radish Red -Packet,Raddish,Holland,,,5.5,,,,,,Active
2026-07-28,Vegetables,Red Radish,Raddish,Holland,1kg,,30.0,32.0,,30.0,32.0,Rawabi,Active
2026-07-28,Vegetables,Mung Bean Sprouts Pkts,Sprouts,,,,,6.5,,,,,Active
2026-07-28,Vegetables,Cherry Tomato -Packet,Tomato,Morocco,,,12.0,,,,,,Active
2026-07-28,Vegetables,Tomato,Tomato,Turkey,,,,1.25,,,,,Active
2026-07-28,Vegetables,Tomato Green House,Tomato,Jordan,1kg,,5.75,,,5.75,,Rawabi,Active
2026-07-28,Vegetables,Tomato Green House Syria,Tomato,,1kg,,5.0,,,5.0,,Rawabi,Active
2026-07-28,Vegetables,Tomato Tommys Pkt ( ),Tomato,Spain,500g,,,44.0,,,88.0,Family,Active
2026-07-28,Vegetables,Turmeric,Turmeric,India,,,,3.5,,,,,Active
2026-07-28,Vegetables,Turmeric,Turmeric,India,1kg,,17.0,,,17.0,,Rawabi,Active
2026-07-28,Vegetables,Turmeric,Turmeric,India,250g,,4.25,,,17.0,,Rawabi,Active
2026-07-28,Fruits,Ash Banana,Green Banana,Sri Lanka,,,,,,,,,Market Out
2026-07-28,Vegetables,Cabbage Sliced,Cabbage & Broccoli,,1kg,,,,,,,,Market Out
2026-07-28,Vegetables,Chilly Round Green,Chillies & Spicy,India,,,,,,,,,Market Out
2026-07-28,Vegetables,Hot Chilli,Chillies & Spicy,Qatar,,,,,,,,,Market Out
2026-07-28,Vegetables,Pinakbet Mixed,Combo Pack,,1kg,,,,,,,,Market Out
2026-07-28,Vegetables,Peeled Garlic,Garlic,,250g,,,,,,,,Market Out
2026-07-28,Vegetables,Fennel,Herbs,,,,,,,,,,Market Out
2026-07-28,Vegetables,Mushroom Slice,Mushrooms,Qatar,,,,,,,,,Market Out
2026-07-28,Vegetables,Mushrooms Portobello,Mushrooms,,,,,,,,,,Market Out
2026-07-28,Vegetables,Squash ( )-,Other Vegetables,Lebanon,,,,,,,,,Market Out
2026-07-28,Vegetables,Aravi Big,Potatoes & Starchy Vegetables,India,,,,,,,,,Market Out
2026-07-27,Fruits,Apple Africa,Apples,,1kg,,11.0,,,11.0,,Rawabi,Active
2026-07-27,Fruits,Apple Gala,Apples,France,1kg,,11.0,,,11.0,,Rawabi,Active
2026-07-27,Fruits,Apple Golden,Apples,Italy,1kg,,12.0,,,12.0,,Rawabi,Active
2026-07-27,Fruits,Apple Green,Apples,Spain,1kg,,12.0,,,12.0,,Rawabi,Active
2026-07-27,Fruits,Apple Red,Apples,Usa,1kg,,14.5,,,14.5,,Rawabi,Active
2026-07-27,Fruits,Apple Ukraine,Apples,,1kg,,10.0,,,10.0,,Rawabi,Active
2026-07-27,Fruits,Pineapple,Apples,India,1kg,,17.0,,,17.0,,Rawabi,Active
2026-07-27,Fruits,Pineapple Golden,Apples,Kenya,1kg,,13.5,,,13.5,,Rawabi,Active
2026-07-27,Fruits,Avocado,Avocado,Uganda,1kg,,18.75,,,18.75,,Rawabi,Active
2026-07-27,Fruits,Avocado Hass,Avocado,Uganda,1kg,,25.0,,,25.0,,Rawabi,Active
2026-07-27,Fruits,Banana,Banana,Philippines,1kg,,7.5,,,7.5,,Rawabi,Active
2026-07-27,Fruits,Banana Flower,Banana,,1kg,,17.0,,,17.0,,Rawabi,Active
2026-07-27,Fruits,Banana Yellow,Banana,India,1kg,,12.75,,,12.75,,Rawabi,Active
2026-07-27,Fruits,Kadali Banana By Air,Banana,India,1kg,,17.5,,,17.5,,Rawabi,Active
2026-07-27,Fruits,Kadhali Banana,Banana,India,1kg,,16.5,,,16.5,,Rawabi,Active
2026-07-27,Fruits,Black Berry -Packet,Berries,Morocco,,,24.5,,,,,,Active
2026-07-27,Fruits,Blackberry -Packet,Berries,Usa,,,24.0,,,,,,Active
2026-07-27,Fruits,Blueberry -Packet,Berries,Morocco,,,13.0,,,,,,Active
2026-07-27,Fruits,Raspberry Africa Packet,Berries,,,,26.0,,,,,,Active
2026-07-27,Fruits,Lemon Africa,Citrus Fruits,,1kg,,8.5,,,8.5,,Rawabi,Active
2026-07-27,Fruits,Lemon Africa,Citrus Fruits,,250g,,2.25,,,9.0,,Rawabi,Active
2026-07-27,Fruits,Lime,Citrus Fruits,Vietnam,1kg,,10.5,,,10.5,,Rawabi,Active
2026-07-27,Fruits,Lime,Citrus Fruits,Vietnam,250g,,2.75,,,11.0,,Rawabi,Active
2026-07-27,Fruits,Mandarin,Citrus Fruits,China,1kg,,13.5,,,13.5,,Rawabi,Active
2026-07-27,Fruits,Mandarine Nadarcott,Citrus Fruits,Egypt,1kg,,8.5,,,8.5,,Rawabi,Active
2026-07-27,Fruits,Orange Navel Africa,Citrus Fruits,,1kg,,9.75,,,9.75,,Rawabi,Active
2026-07-27,Fruits,Orange Valencia,Citrus Fruits,Egypt,1kg,,4.75,,,4.75,,Rawabi,Active
2026-07-27,Fruits,Coconut,Coconut,India,1.0pc,,3.0,,,3000.0,,Rawabi,Active
2026-07-27,Fruits,Coconut Grated,Coconut,India,1.0pc,,3.5,,,3500.0,,Rawabi,Active
2026-07-27,Fruits,Coconut Young,Coconut,Sri Lanka,1.0pc,,11.0,,,11000.0,,Rawabi,Active
2026-07-27,Fruits,Grapefruit Africa,Grapes,,1kg,,8.75,,,8.75,,Rawabi,Active
2026-07-27,Fruits,Grapes Red -Packet,Grapes,India,,,9.0,,,,,,Active
2026-07-27,Fruits,Grapes White,Grapes,Australia,1kg,,50.0,,,50.0,,Rawabi,Active
2026-07-27,Fruits,Grapes White,Grapes,Australia,500g,,25.0,,,50.0,,Rawabi,Active
2026-07-27,Fruits,Ash Banana,Green Banana,Sri Lanka,,,,9.5,,,,,Active
2026-07-27,Fruits,Green Banana,Green Banana,Uganda,1kg,,17.75,,,17.75,,Rawabi,Active
2026-07-27,Fruits,Kiwi Gold New Zealand,Kiwi,,1kg,,60.0,,,60.0,,Rawabi,Active
2026-07-27,Fruits,Kiwi Gold New Zealand,Kiwi,,250g,,15.0,,,60.0,,Rawabi,Active
2026-07-27,Fruits,Kiwi Greece,Kiwi,,1kg,,28.0,,,28.0,,Rawabi,Active
2026-07-27,Fruits,Mango Badami Air,Mangoes,India,1kg,,18.0,,,18.0,,Rawabi,Active
2026-07-27,Fruits,Mango Galbetor Yeman,Mangoes,,1kg,,13.5,,,13.5,,Rawabi,Active
2026-07-27,Fruits,Mango Yemen Cartoon,Mangoes,,,,35.0,,,,,,Active
2026-07-27,Fruits,Mangosteen Packet,Mangoes,Thailand,,,25.0,,,,,,Active
2026-07-27,Fruits,Sweet Melon,Melons,Jordan,1kg,,3.5,,,3.5,,Rawabi,Active
2026-07-27,Fruits,Water Melon,Melons,Jordan,1kg,,3.5,,,3.5,,Rawabi,Active
2026-07-27,Fruits,Papaya,Papaya,Sri Lanka,1kg,,17.5,,,17.5,,Rawabi,Active
2026-07-27,Fruits,Plums Red Africa,Plums,,1kg,,15.5,,,15.5,,Rawabi,Active
2026-07-27,Fruits,Pomegranate,Pomegranates,India,1kg,,21.0,,,21.0,,Rawabi,Active
2026-07-27,Fruits,Pomegranate,Pomegranates,India,500g,,10.5,,,21.0,,Rawabi,Active
2026-07-27,Fruits,Pomegranate,Pomegranates,Peru,1kg,,24.0,,,24.0,,Rawabi,Active
2026-07-27,Fruits,Pomegranate -Carton,Pomegranates,India,,,30.0,,,,,,Active
2026-07-27,Vegetables,Beetroot,Beetroot,Oman,1kg,,8.5,,,8.5,,Rawabi,Active
2026-07-27,Vegetables,Broccoli,Cabbage & Broccoli,Spain,1kg,,20.0,,,20.0,,Rawabi,Active
2026-07-27,Vegetables,Broccoli,Cabbage & Broccoli,Spain,500g,,11.0,,,22.0,,Rawabi,Active
2026-07-27,Vegetables,Cabbage,Cabbage & Broccoli,Oman,1kg,,4.5,,,4.5,,Rawabi,Active
2026-07-27,Vegetables,Cabbage Sliced,Cabbage & Broccoli,,1kg,,,10.0,,,10.0,Family,Active
2026-07-27,Vegetables,Cauliflower Mazra Doha,Cabbage & Broccoli,,1kg,,7.0,,,7.0,,Rawabi,Active
2026-07-27,Vegetables,Capsicum,Capsicum,Holland,1kg,,35.0,,,35.0,,Rawabi,Active
2026-07-27,Vegetables,Capsicum,Capsicum,Holland,500g,,17.5,,,35.0,,Rawabi,Active
2026-07-27,Vegetables,Capsicum 4Color (Packet),Capsicum,Holland,,,22.0,,,,,,Active
2026-07-27,Vegetables,Capsicum Green,Capsicum,Jordan,1kg,,5.0,,,5.0,,Rawabi,Active
2026-07-27,Vegetables,Capsicum Green,Capsicum,Jordan,500g,,2.5,,,5.0,,Rawabi,Active
2026-07-27,Vegetables,Carrot,Carrots,Australia,1kg,,7.0,,,7.0,,Rawabi,Active
2026-07-27,Vegetables,Carrot,Carrots,Australia,500g,,3.5,,,7.0,,Rawabi,Active
2026-07-27,Vegetables,Chayote,Chayote,India,1kg,,16.0,,,16.0,,Rawabi,Active
2026-07-27,Vegetables,Chilli,Chillies & Spicy,Uganda,1kg,,20.0,,,20.0,,Rawabi,Active
2026-07-27,Vegetables,Chilli,Chillies & Spicy,Uganda,250g,,5.0,,,20.0,,Rawabi,Active
2026-07-27,Vegetables,Chilly Red,Chillies & Spicy,Holland,,,,15.0,,,,,Active
2026-07-27,Vegetables,Chilly Round Green,Chillies & Spicy,India,,,,9.5,,,,,Active
2026-07-27,Vegetables,Ginger,Chillies & Spicy,China,1kg,,8.0,,,8.0,,Rawabi,Active
2026-07-27,Vegetables,Ginger,Chillies & Spicy,Uganda,1kg,,19.0,,,19.0,,Rawabi,Active
2026-07-27,Vegetables,Ginger,Chillies & Spicy,China,250g,,2.0,,,8.0,,Rawabi,Active
2026-07-27,Vegetables,Ginger,Chillies & Spicy,Uganda,250g,,4.75,,,19.0,,Rawabi,Active
2026-07-27,Vegetables,Green Chilly By Air,Chillies & Spicy,India,1kg,,18.0,,,18.0,,Rawabi,Active
2026-07-27,Vegetables,Green Chilly By Air,Chillies & Spicy,India,250g,,4.5,,,18.0,,Rawabi,Active
2026-07-27,Vegetables,Hot Chilli,Chillies & Spicy,Qatar,,,,2.0,,,,,Active
2026-07-27,Vegetables,Hot Pepper Mix,Chillies & Spicy,Uganda,1kg,,32.5,,,32.5,,Rawabi,Active
2026-07-27,Vegetables,Hot Pepper Mix,Chillies & Spicy,Uganda,250g,,8.25,,,33.0,,Rawabi,Active
2026-07-27,Vegetables,Pinakbet Mixed,Combo Pack,,1kg,,,25.0,,,25.0,Family,Active
2026-07-27,Vegetables,Baby Corn,Corns & Baby Corn,Thailand,125g,,,8.0,,,64.0,Family,Active
2026-07-27,Vegetables,Zucchini,Courgettes & Artichoke,Jordan,1kg,,5.0,,,5.0,,Rawabi,Active
2026-07-27,Vegetables,Cucumber Mazra Doha,Cucumber,,1kg,,7.5,,,7.5,,Rawabi,Active
2026-07-27,Vegetables,Cucumber Premium Doha,Cucumber,,1kg,,7.5,,,7.5,,Rawabi,Active
2026-07-27,Vegetables,Garlic,Garlic,China,1kg,,8.0,,,8.0,,Rawabi,Active
2026-07-27,Vegetables,Garlic,Garlic,China,250g,,2.0,,,8.0,,Rawabi,Active
2026-07-27,Vegetables,Garlic Packet Big,Garlic,China,,,9.0,,,,,,Active
2026-07-27,Vegetables,Garlic Small Pkt ( ),Garlic,China,,,4.5,,,,,,Active
2026-07-27,Vegetables,Peeled Garlic,Garlic,,250g,,,8.5,,,34.0,Family,Active
2026-07-27,Vegetables,Ashgourd,Gourds,Oman,1kg,,4.75,,,4.75,,Rawabi,Active
2026-07-27,Vegetables,Bitter Gourd,Gourds,India,1kg,,17.0,,,17.0,,Rawabi,Active
2026-07-27,Vegetables,Bottle Gourd Doha,Gourds,,1kg,,5.5,,,5.5,,Rawabi,Active
2026-07-27,Vegetables,Ivy Gourd (Kovakka) Indian,Gourds,India,1kg,,16.5,,,16.5,,Rawabi,Active
2026-07-27,Vegetables,Ridge Gourd,Gourds,India,1kg,,17.0,,,17.0,,Rawabi,Active
2026-07-27,Vegetables,Snake Gourd,Gourds,India,1kg,,17.0,,,17.0,,Rawabi,Active
2026-07-27,Vegetables,Baby Fennel Africa-Packet,Herbs,,,,22.5,,,,,,Active
2026-07-27,Vegetables,Celery Stick,Herbs,Spain,1kg,,35.0,,,35.0,,Rawabi,Active
2026-07-27,Vegetables,Celery Stick,Herbs,Spain,250g,,8.75,,,35.0,,Rawabi,Active
2026-07-27,Vegetables,Curry Leaves,Herbs,Uganda,,,35.0,,,,,,Active
2026-07-27,Vegetables,Fennel,Herbs,,,,,22.5,,,,,Active
2026-07-27,Vegetables,Mint Leaves -Packet,Herbs,Jordan,,,3.5,,,,,,Active
2026-07-27,Vegetables,Parsley Leaves 1 Bunch,Herbs,Saudi,,,2.0,,,,,,Active
2026-07-27,Vegetables,Rosemary,Herbs,Kenya,1.0pc,,12.0,,,12000.0,,Rawabi,Active
2026-07-27,Vegetables,Lady Finger,Lady Finger,India,1kg,,17.0,,,17.0,,Rawabi,Active
2026-07-27,Vegetables,Arugula (Jerjir)Leaves Doha,Leafy Vegetables,,500g,,3.75,,,7.5,,Rawabi,Active
2026-07-27,Vegetables,Arugula (Jerjir)Leaves Doha 1 Bunch,Leafy Vegetables,,,,7.5,,,,,,Active
2026-07-27,Vegetables,Baby Spinach Leaves -Packet,Leafy Vegetables,Italy,,,11.0,,,,,,Active
2026-07-27,Vegetables,Kangkong Doha,Leafy Vegetables,,1.0pc,,4.0,,,4000.0,,Rawabi,Active
2026-07-27,Vegetables,Lettuce,Leafy Vegetables,Jordan,1kg,,4.0,,,4.0,,Rawabi,Active
2026-07-27,Vegetables,Lettuce,Leafy Vegetables,Jordan,500g,,2.0,,,4.0,,Rawabi,Active
2026-07-27,Vegetables,Lettuce Ice Berge,Leafy Vegetables,Spain,1kg,,38.0,,,38.0,,Rawabi,Active
2026-07-27,Vegetables,Lettuce Ice Berge,Leafy Vegetables,Spain,250g,,9.5,,,38.0,,Rawabi,Active
2026-07-27,Vegetables,Lettuce Lollo Rossa,Leafy Vegetables,,,,,18.0,,,,,Active
2026-07-27,Vegetables,Molokhia Doha,Leafy Vegetables,,,,4.5,,,,,,Active
2026-07-27,Vegetables,Molokhia Doha,Leafy Vegetables,,250g,,1.25,,,5.0,,Rawabi,Active
2026-07-27,Vegetables,Red Chard Mix,Leafy Vegetables,Italy,125g,,,10.0,,,80.0,Family,Active
2026-07-27,Vegetables,Red Spinach Doha 1 Bunch,Leafy Vegetables,,,,3.5,,,,,,Active
2026-07-27,Vegetables,Leeks,Leeks/Spring Onions,Holland,1kg,,34.0,,,34.0,,Rawabi,Active
2026-07-27,Vegetables,Leeks,Leeks/Spring Onions,Holland,250g,,8.5,,,34.0,,Rawabi,Active
2026-07-27,Vegetables,Mushroom Brown Doha-Packet,Mushrooms,,,,8.5,,,,,,Active
2026-07-27,Vegetables,Mushroom Slice,Mushrooms,Qatar,,,,8.5,,,,,Active
2026-07-27,Vegetables,Mushroom Slice Doha-Packet,Mushrooms,,,,8.5,,,,,,Active
2026-07-27,Vegetables,Mushroom White Doha-Packet,Mushrooms,,,,7.0,,,,,,Active
2026-07-27,Vegetables,Mushrooms Portobello,Mushrooms,,,,,11.25,,,,,Active
2026-07-27,Vegetables,Onion Big,Onion,India,1kg,,3.0,,,3.0,,Rawabi,Active
2026-07-27,Vegetables,Onion Medium Bag,Onion,India,,,16.0,,,,,,Active
2026-07-27,Vegetables,Onion Small,Onion,India,1kg,,18.5,,,18.5,,Rawabi,Active
2026-07-27,Vegetables,Onion Small Bag,Onion,India,,,11.0,,,,,,Active
2026-07-27,Vegetables,Onion White,Onion,Spain,1kg,,11.0,,,11.0,,Rawabi,Active
2026-07-27,Vegetables,Bagal Leaves,Other Vegetables,,1.0pc,,8.0,,,8000.0,,Rawabi,Active
2026-07-27,Vegetables,Colacasia,Other Vegetables,India,1kg,,17.0,,,17.0,,Rawabi,Active
2026-07-27,Vegetables,Drumstick,Other Vegetables,India,1kg,,19.5,,,19.5,,Rawabi,Active
2026-07-27,Vegetables,Eggplant Large,Other Vegetables,Lebanon,,,,14.5,,,,,Active
2026-07-27,Vegetables,Eggplant Premium,Other Vegetables,Oman,1kg,,6.75,,,6.75,,Rawabi,Active
2026-07-27,Vegetables,Green Spianch Doha 1 Bunch,Other Vegetables,,,,3.5,,,,,,Active
2026-07-27,Vegetables,Lollo Bioanda,Other Vegetables,Holland,1kg,,16.0,,,16.0,,Rawabi,Active
2026-07-27,Vegetables,Lollo Bioanda,Other Vegetables,Holland,250g,,4.0,,,16.0,,Rawabi,Active
2026-07-27,Vegetables,Longan -Packet,Other Vegetables,Thailand,,,24.0,,,,,,Active
2026-07-27,Vegetables,Palak Doha Pc,Other Vegetables,,,,3.0,,,,,,Active
2026-07-27,Vegetables,Rambutan -Packet,Other Vegetables,Thailand,,,25.0,,,,,,Active
2026-07-27,Vegetables,Squash ( )-,Other Vegetables,Lebanon,,,,32.0,,,,,Active
2026-07-27,Vegetables,Beans,Peas & Beans,India,1kg,,20.0,,,20.0,,Rawabi,Active
2026-07-27,Vegetables,Aravi Big,Potatoes & Starchy Vegetables,India,,,,9.0,,,,,Active
2026-07-27,Vegetables,Potato,Potatoes & Starchy Vegetables,Egypt,1kg,,3.5,,,3.5,,Rawabi,Active
2026-07-27,Vegetables,Potato Bag,Potatoes & Starchy Vegetables,Pakistan,,,7.0,,,,,,Active
2026-07-27,Vegetables,Potato Syria,Potatoes & Starchy Vegetables,,1kg,,3.0,,,3.0,,Rawabi,Active
2026-07-27,Vegetables,Sweet Potato,Potatoes & Starchy Vegetables,Usa,,,,15.5,,,,,Active
2026-07-27,Vegetables,Sweet Potato By Air,Potatoes & Starchy Vegetables,Uganda,1kg,,20.0,,,20.0,,Rawabi,Active
2026-07-27,Vegetables,Yam,Potatoes & Starchy Vegetables,India,1kg,,12.75,,,12.75,,Rawabi,Active
2026-07-27,Vegetables,Butter Nut Pumpkin Africa,Pumpkin,,1kg,,8.5,,,8.5,,Rawabi,Active
2026-07-27,Vegetables,Disco Pumpkin,Pumpkin,India,1kg,,16.0,,,16.0,,Rawabi,Active
2026-07-27,Vegetables,Pumpkin,Pumpkin,Oman,1kg,,2.5,,,2.5,,Rawabi,Active
2026-07-27,Vegetables,Radish Red -Packet,Raddish,Holland,,,5.5,,,,,,Active
2026-07-27,Vegetables,Red Radish,Raddish,Holland,1kg,,30.0,32.0,,30.0,32.0,Rawabi,Active
2026-07-27,Vegetables,Cherry Tomato -Packet,Tomato,Morocco,,,12.0,,,,,,Active
2026-07-27,Vegetables,Tomato Green House,Tomato,Jordan,1kg,,5.75,,,5.75,,Rawabi,Active
2026-07-27,Vegetables,Tomato Green House Syria,Tomato,,1kg,,5.5,,,5.5,,Rawabi,Active
2026-07-27,Vegetables,Tomato Tommys Pkt ( ),Tomato,Spain,500g,,,44.0,,,88.0,Family,Active
2026-07-27,Vegetables,Turmeric,Turmeric,India,,,,3.5,,,,,Active
2026-07-27,Vegetables,Turmeric,Turmeric,India,1kg,,17.0,,,17.0,,Rawabi,Active
2026-07-27,Vegetables,Turmeric,Turmeric,India,250g,,4.25,,,17.0,,Rawabi,Active
2026-07-27,Fruits,Grape White Packet,Grapes,Egypt,1kg,,,,,,,,Market Out
2026-07-27,Vegetables,Mixed Chilli Red & Green Pkt,Chillies & Spicy,,,,,,,,,,Market Out
2026-07-27,Vegetables,Sambar Mixed Vegetable,Combo Pack,,,,,,,,,,Market Out
2026-07-27,Vegetables,Yellow Cucumber,Cucumber,India,1kg,,,,,,,,Market Out
2026-07-27,Vegetables,Ash Gourd(Kumbalam),Gourds,India,,,,,,,,,Market Out
2026-07-27,Vegetables,Celery,Herbs,Spain,,,,,,,,,Market Out
2026-07-27,Vegetables,Agrico Mushroom White Bottom,Mushrooms,Qatar,250g,,,,,,,,Market Out
2026-07-27,Vegetables,Bagal,Other Vegetables,,,,,,,,,,Market Out
2026-07-27,Vegetables,Eggplant,Other Vegetables,Holland,,,,,,,,,Market Out
2026-07-27,Vegetables,Eggplant Purple,Other Vegetables,Qatar,,,,,,,,,Market Out
2026-07-27,Vegetables,Pumpkin Mathan Green,Pumpkin,India,,,,,,,,,Market Out
2026-07-27,Vegetables,Mung Bean Sprouts Pkts,Sprouts,,,,,,,,,,Market Out
2026-07-27,Vegetables,Tomato,Tomato,Turkey,,,,,,,,,Market Out
2026-07-26,Fruits,Apple Africa,Apples,,1kg,,11.0,,,11.0,,Rawabi,Active
2026-07-26,Fruits,Apple Gala,Apples,France,1kg,,11.0,,,11.0,,Rawabi,Active
2026-07-26,Fruits,Apple Golden,Apples,Italy,1kg,,12.0,,,12.0,,Rawabi,Active
2026-07-26,Fruits,Apple Green,Apples,Spain,1kg,,12.0,,,12.0,,Rawabi,Active
2026-07-26,Fruits,Apple Red,Apples,Usa,1kg,,14.5,,,14.5,,Rawabi,Active
2026-07-26,Fruits,Apple Ukraine,Apples,,1kg,,10.0,,,10.0,,Rawabi,Active
2026-07-26,Fruits,Pineapple,Apples,India,1kg,,17.0,,,17.0,,Rawabi,Active
2026-07-26,Fruits,Pineapple Golden,Apples,Kenya,1kg,,13.5,,,13.5,,Rawabi,Active
2026-07-26,Fruits,Avocado,Avocado,Uganda,1kg,,18.75,,,18.75,,Rawabi,Active
2026-07-26,Fruits,Avocado Hass,Avocado,Uganda,1kg,,25.0,,,25.0,,Rawabi,Active
2026-07-26,Fruits,Banana,Banana,Philippines,1kg,,7.5,,,7.5,,Rawabi,Active
2026-07-26,Fruits,Banana Flower,Banana,,1kg,,17.0,,,17.0,,Rawabi,Active
2026-07-26,Fruits,Banana Yellow,Banana,India,1kg,,12.75,,,12.75,,Rawabi,Active
2026-07-26,Fruits,Kadali Banana By Air,Banana,India,1kg,,17.5,,,17.5,,Rawabi,Active
2026-07-26,Fruits,Kadhali Banana,Banana,India,1kg,,16.5,,,16.5,,Rawabi,Active
2026-07-26,Fruits,Black Berry -Packet,Berries,Morocco,,,24.5,,,,,,Active
2026-07-26,Fruits,Blackberry -Packet,Berries,Usa,,,24.0,,,,,,Active
2026-07-26,Fruits,Blueberry -Packet,Berries,Morocco,,,13.0,,,,,,Active
2026-07-26,Fruits,Raspberry Africa Packet,Berries,,,,26.0,,,,,,Active
2026-07-26,Fruits,Lemon Africa,Citrus Fruits,,1kg,,8.5,,,8.5,,Rawabi,Active
2026-07-26,Fruits,Lemon Africa,Citrus Fruits,,250g,,2.25,,,9.0,,Rawabi,Active
2026-07-26,Fruits,Lime,Citrus Fruits,Vietnam,1kg,,10.5,,,10.5,,Rawabi,Active
2026-07-26,Fruits,Lime,Citrus Fruits,Vietnam,250g,,2.75,,,11.0,,Rawabi,Active
2026-07-26,Fruits,Mandarin,Citrus Fruits,China,1kg,,13.5,,,13.5,,Rawabi,Active
2026-07-26,Fruits,Mandarine Nadarcott,Citrus Fruits,Egypt,1kg,,8.5,,,8.5,,Rawabi,Active
2026-07-26,Fruits,Orange Navel Africa,Citrus Fruits,,1kg,,9.75,,,9.75,,Rawabi,Active
2026-07-26,Fruits,Orange Valencia,Citrus Fruits,Egypt,1kg,,4.75,,,4.75,,Rawabi,Active
2026-07-26,Fruits,Coconut,Coconut,India,1.0pc,,3.0,,,3000.0,,Rawabi,Active
2026-07-26,Fruits,Coconut Grated,Coconut,India,1.0pc,,3.5,,,3500.0,,Rawabi,Active
2026-07-26,Fruits,Coconut Young,Coconut,Sri Lanka,1.0pc,,11.0,,,11000.0,,Rawabi,Active
2026-07-26,Fruits,Grape White Packet,Grapes,Egypt,1kg,,16.0,,,16.0,,Rawabi,Active
2026-07-26,Fruits,Grapefruit Africa,Grapes,,1kg,,8.75,,,8.75,,Rawabi,Active
2026-07-26,Fruits,Grapes Red -Packet,Grapes,India,,,9.0,,,,,,Active
2026-07-26,Fruits,Grapes White,Grapes,Australia,1kg,,50.0,,,50.0,,Rawabi,Active
2026-07-26,Fruits,Grapes White,Grapes,Australia,500g,,25.0,,,50.0,,Rawabi,Active
2026-07-26,Fruits,Green Banana,Green Banana,Uganda,1kg,,17.75,,,17.75,,Rawabi,Active
2026-07-26,Fruits,Green Banana,Green Banana,India,1kg,,12.0,,,12.0,,Rawabi,Active
2026-07-26,Fruits,Kiwi Gold New Zealand,Kiwi,,1kg,,60.0,,,60.0,,Rawabi,Active
2026-07-26,Fruits,Kiwi Gold New Zealand,Kiwi,,250g,,15.0,,,60.0,,Rawabi,Active
2026-07-26,Fruits,Kiwi Greece,Kiwi,,1kg,,28.0,,,28.0,,Rawabi,Active
2026-07-26,Fruits,Mango Badami Air,Mangoes,India,1kg,,18.0,,,18.0,,Rawabi,Active
2026-07-26,Fruits,Mango Galbetor Yeman,Mangoes,,1kg,,13.5,,,13.5,,Rawabi,Active
2026-07-26,Fruits,Mango Yemen Cartoon,Mangoes,,,,35.0,,,,,,Active
2026-07-26,Fruits,Mangosteen Packet,Mangoes,Thailand,,,25.0,,,,,,Active
2026-07-26,Fruits,Sweet Melon,Melons,Jordan,1kg,,3.5,,,3.5,,Rawabi,Active
2026-07-26,Fruits,Water Melon,Melons,Jordan,1kg,,3.0,,,3.0,,Rawabi,Active
2026-07-26,Fruits,Papaya,Papaya,Sri Lanka,1kg,,17.5,,,17.5,,Rawabi,Active
2026-07-26,Fruits,Plums Red Africa,Plums,,1kg,,15.5,,,15.5,,Rawabi,Active
2026-07-26,Fruits,Pomegranate,Pomegranates,India,1kg,,21.0,,,21.0,,Rawabi,Active
2026-07-26,Fruits,Pomegranate,Pomegranates,India,500g,,10.5,,,21.0,,Rawabi,Active
2026-07-26,Fruits,Pomegranate,Pomegranates,Peru,1kg,,24.0,,,24.0,,Rawabi,Active
2026-07-26,Fruits,Pomegranate -Carton,Pomegranates,India,,,30.0,,,,,,Active
2026-07-26,Vegetables,Beetroot,Beetroot,Oman,1kg,,8.5,,,8.5,,Rawabi,Active
2026-07-26,Vegetables,Broccoli,Cabbage & Broccoli,Spain,1kg,,20.0,,,20.0,,Rawabi,Active
2026-07-26,Vegetables,Broccoli,Cabbage & Broccoli,Spain,500g,,11.0,,,22.0,,Rawabi,Active
2026-07-26,Vegetables,Cabbage,Cabbage & Broccoli,Oman,1kg,,3.0,,,3.0,,Rawabi,Active
2026-07-26,Vegetables,Cauliflower Mazra Doha,Cabbage & Broccoli,,1kg,,7.0,,,7.0,,Rawabi,Active
2026-07-26,Vegetables,Capsicum,Capsicum,Holland,1kg,,35.0,,,35.0,,Rawabi,Active
2026-07-26,Vegetables,Capsicum,Capsicum,Holland,500g,,17.5,,,35.0,,Rawabi,Active
2026-07-26,Vegetables,Capsicum 4Color (Packet),Capsicum,Holland,,,22.0,,,,,,Active
2026-07-26,Vegetables,Capsicum Green,Capsicum,Jordan,1kg,,5.0,,,5.0,,Rawabi,Active
2026-07-26,Vegetables,Capsicum Green,Capsicum,Jordan,500g,,2.5,,,5.0,,Rawabi,Active
2026-07-26,Vegetables,Carrot,Carrots,Australia,1kg,,7.0,,,7.0,,Rawabi,Active
2026-07-26,Vegetables,Carrot,Carrots,Australia,500g,,3.5,,,7.0,,Rawabi,Active
2026-07-26,Vegetables,Chayote,Chayote,India,1kg,,16.0,,,16.0,,Rawabi,Active
2026-07-26,Vegetables,Chilli,Chillies & Spicy,Uganda,1kg,,20.0,,,20.0,,Rawabi,Active
2026-07-26,Vegetables,Chilli,Chillies & Spicy,Uganda,250g,,5.0,,,20.0,,Rawabi,Active
2026-07-26,Vegetables,Chilly Red,Chillies & Spicy,Holland,,,,15.0,,,,,Active
2026-07-26,Vegetables,Chilly Round Green,Chillies & Spicy,India,,,,9.5,,,,,Active
2026-07-26,Vegetables,Ginger,Chillies & Spicy,China,1kg,,8.0,,,8.0,,Rawabi,Active
2026-07-26,Vegetables,Ginger,Chillies & Spicy,Uganda,1kg,,19.0,,,19.0,,Rawabi,Active
2026-07-26,Vegetables,Ginger,Chillies & Spicy,China,250g,,2.0,,,8.0,,Rawabi,Active
2026-07-26,Vegetables,Ginger,Chillies & Spicy,Uganda,250g,,4.75,,,19.0,,Rawabi,Active
2026-07-26,Vegetables,Green Chilly By Air,Chillies & Spicy,India,1kg,,18.0,,,18.0,,Rawabi,Active
2026-07-26,Vegetables,Green Chilly By Air,Chillies & Spicy,India,250g,,4.5,,,18.0,,Rawabi,Active
2026-07-26,Vegetables,Hot Pepper Mix,Chillies & Spicy,Uganda,1kg,,32.5,,,32.5,,Rawabi,Active
2026-07-26,Vegetables,Hot Pepper Mix,Chillies & Spicy,Uganda,250g,,8.25,,,33.0,,Rawabi,Active
2026-07-26,Vegetables,Mixed Chilli Red & Green Pkt,Chillies & Spicy,,,,,8.0,,,,,Active
2026-07-26,Vegetables,Sambar Mixed Vegetable,Combo Pack,,,,,10.0,,,,,Active
2026-07-26,Vegetables,Zucchini,Courgettes & Artichoke,Jordan,1kg,,4.0,,,4.0,,Rawabi,Active
2026-07-26,Vegetables,Cucumber Mazra Doha,Cucumber,,1kg,,7.5,,,7.5,,Rawabi,Active
2026-07-26,Vegetables,Cucumber Premium Doha,Cucumber,,1kg,,7.5,,,7.5,,Rawabi,Active
2026-07-26,Vegetables,Yellow Cucumber,Cucumber,India,1kg,,15.75,,,15.75,,Rawabi,Active
2026-07-26,Vegetables,Garlic,Garlic,India,,,,12.25,,,,,Active
2026-07-26,Vegetables,Garlic,Garlic,Egypt,,,,8.0,,,,,Active
2026-07-26,Vegetables,Garlic,Garlic,China,1kg,,8.0,,,8.0,,Rawabi,Active
2026-07-26,Vegetables,Garlic,Garlic,China,250g,,2.0,,,8.0,,Rawabi,Active
2026-07-26,Vegetables,Garlic Packet Big,Garlic,China,,,9.0,,,,,,Active
2026-07-26,Vegetables,Garlic Small Pkt ( ),Garlic,China,,,4.5,,,,,,Active
2026-07-26,Vegetables,Ash Gourd(Kumbalam),Gourds,India,,,,17.5,,,,,Active
2026-07-26,Vegetables,Bitter Gourd,Gourds,India,1kg,,17.0,,,17.0,,Rawabi,Active
2026-07-26,Vegetables,Bottle Gourd Doha,Gourds,,1kg,,5.5,,,5.5,,Rawabi,Active
2026-07-26,Vegetables,Ivy Gourd (Kovakka) Indian,Gourds,India,1kg,,16.5,,,16.5,,Rawabi,Active
2026-07-26,Vegetables,Ridge Gourd,Gourds,India,1kg,,17.0,,,17.0,,Rawabi,Active
2026-07-26,Vegetables,Snake Gourd,Gourds,India,1kg,,17.0,,,17.0,,Rawabi,Active
2026-07-26,Vegetables,Baby Fennel Africa-Packet,Herbs,,,,22.5,,,,,,Active
2026-07-26,Vegetables,Celery,Herbs,Spain,,,,20.0,,,,,Active
2026-07-26,Vegetables,Celery Stick,Herbs,Spain,1kg,,35.0,,,35.0,,Rawabi,Active
2026-07-26,Vegetables,Celery Stick,Herbs,Spain,250g,,8.75,,,35.0,,Rawabi,Active
2026-07-26,Vegetables,Curry Leaves,Herbs,Uganda,,,35.0,,,,,,Active
2026-07-26,Vegetables,Mint Leaves -Packet,Herbs,Jordan,,,3.5,,,,,,Active
2026-07-26,Vegetables,Parsley Leaves 1 Bunch,Herbs,Saudi,,,2.0,,,,,,Active
2026-07-26,Vegetables,Rosemary,Herbs,Kenya,1.0pc,,12.0,,,12000.0,,Rawabi,Active
2026-07-26,Vegetables,Lady Finger,Lady Finger,India,1kg,,17.0,,,17.0,,Rawabi,Active
2026-07-26,Vegetables,Arugula (Jerjir)Leaves Doha,Leafy Vegetables,,500g,,3.75,,,7.5,,Rawabi,Active
2026-07-26,Vegetables,Arugula (Jerjir)Leaves Doha 1 Bunch,Leafy Vegetables,,,,7.5,,,,,,Active
2026-07-26,Vegetables,Baby Spinach Leaves -Packet,Leafy Vegetables,Italy,,,11.0,,,,,,Active
2026-07-26,Vegetables,Kangkong Doha,Leafy Vegetables,,1.0pc,,4.0,,,4000.0,,Rawabi,Active
2026-07-26,Vegetables,Lettuce,Leafy Vegetables,Jordan,1kg,,4.0,,,4.0,,Rawabi,Active
2026-07-26,Vegetables,Lettuce,Leafy Vegetables,Jordan,500g,,2.0,,,4.0,,Rawabi,Active
2026-07-26,Vegetables,Lettuce Ice Berge,Leafy Vegetables,Spain,1kg,,38.0,,,38.0,,Rawabi,Active
2026-07-26,Vegetables,Lettuce Ice Berge,Leafy Vegetables,Spain,250g,,9.5,,,38.0,,Rawabi,Active
2026-07-26,Vegetables,Molokhia Doha,Leafy Vegetables,,,,4.5,,,,,,Active
2026-07-26,Vegetables,Molokhia Doha,Leafy Vegetables,,250g,,1.25,,,5.0,,Rawabi,Active
2026-07-26,Vegetables,Red Chard Mix,Leafy Vegetables,Italy,125g,,,10.0,,,80.0,Family,Active
2026-07-26,Vegetables,Red Spinach Doha 1 Bunch,Leafy Vegetables,,,,3.5,,,,,,Active
2026-07-26,Vegetables,Leeks,Leeks/Spring Onions,Holland,1kg,,34.0,,,34.0,,Rawabi,Active
2026-07-26,Vegetables,Leeks,Leeks/Spring Onions,Holland,250g,,8.5,,,34.0,,Rawabi,Active
2026-07-26,Vegetables,Agrico Mushroom White Bottom,Mushrooms,Qatar,250g,,,7.0,,,28.0,Family,Active
2026-07-26,Vegetables,Mushroom Brown Doha-Packet,Mushrooms,,,,8.5,,,,,,Active
2026-07-26,Vegetables,Mushroom Slice Doha-Packet,Mushrooms,,,,8.5,,,,,,Active
2026-07-26,Vegetables,Mushroom White Doha-Packet,Mushrooms,,,,7.0,,,,,,Active
2026-07-26,Vegetables,Onion Big,Onion,India,1kg,,3.0,,,3.0,,Rawabi,Active
2026-07-26,Vegetables,Onion Medium Bag,Onion,India,,,16.0,,,,,,Active
2026-07-26,Vegetables,Onion Small,Onion,India,1kg,,18.5,,,18.5,,Rawabi,Active
2026-07-26,Vegetables,Onion Small Bag,Onion,India,,,11.0,,,,,,Active
2026-07-26,Vegetables,Onion White,Onion,Spain,1kg,,11.0,,,11.0,,Rawabi,Active
2026-07-26,Vegetables,Bagal,Other Vegetables,,,,,4.0,,,,,Active
2026-07-26,Vegetables,Bagal Leaves,Other Vegetables,,1.0pc,,8.0,,,8000.0,,Rawabi,Active
2026-07-26,Vegetables,Colacasia,Other Vegetables,India,1kg,,17.0,,,17.0,,Rawabi,Active
2026-07-26,Vegetables,Drumstick,Other Vegetables,India,1kg,,19.5,,,19.5,,Rawabi,Active
2026-07-26,Vegetables,Eggplant,Other Vegetables,Holland,,,,28.0,,,,,Active
2026-07-26,Vegetables,Eggplant Premium,Other Vegetables,Oman,1kg,,6.5,,,6.5,,Rawabi,Active
2026-07-26,Vegetables,Eggplant Purple,Other Vegetables,Qatar,,,,7.0,,,,,Active
2026-07-26,Vegetables,Green Spianch Doha 1 Bunch,Other Vegetables,,,,3.5,,,,,,Active
2026-07-26,Vegetables,Lollo Bioanda,Other Vegetables,Holland,1kg,,16.0,,,16.0,,Rawabi,Active
2026-07-26,Vegetables,Lollo Bioanda,Other Vegetables,Holland,250g,,4.0,,,16.0,,Rawabi,Active
2026-07-26,Vegetables,Longan -Packet,Other Vegetables,Thailand,,,24.0,,,,,,Active
2026-07-26,Vegetables,Palak Doha Pc,Other Vegetables,,,,3.0,,,,,,Active
2026-07-26,Vegetables,Rambutan -Packet,Other Vegetables,Thailand,,,25.0,,,,,,Active
2026-07-26,Vegetables,Squash ( )-,Other Vegetables,Lebanon,,,,32.0,,,,,Active
2026-07-26,Vegetables,Beans,Peas & Beans,India,1kg,,20.0,,,20.0,,Rawabi,Active
2026-07-26,Vegetables,Potato,Potatoes & Starchy Vegetables,Egypt,1kg,,3.5,,,3.5,,Rawabi,Active
2026-07-26,Vegetables,Potato Bag,Potatoes & Starchy Vegetables,Pakistan,,,7.0,,,,,,Active
2026-07-26,Vegetables,Potato Syria,Potatoes & Starchy Vegetables,,1kg,,3.0,,,3.0,,Rawabi,Active
2026-07-26,Vegetables,Sweet Potato,Potatoes & Starchy Vegetables,India,,,,10.0,,,,,Active
2026-07-26,Vegetables,Sweet Potato,Potatoes & Starchy Vegetables,Usa,,,,15.5,,,,,Active
2026-07-26,Vegetables,Sweet Potato By Air,Potatoes & Starchy Vegetables,Uganda,1kg,,20.0,,,20.0,,Rawabi,Active
2026-07-26,Vegetables,Yam,Potatoes & Starchy Vegetables,India,1kg,,12.75,,,12.75,,Rawabi,Active
2026-07-26,Vegetables,Butter Nut Pumpkin Africa,Pumpkin,,1kg,,8.5,,,8.5,,Rawabi,Active
2026-07-26,Vegetables,Disco Pumpkin,Pumpkin,India,1kg,,16.0,,,16.0,,Rawabi,Active
2026-07-26,Vegetables,Pumpkin,Pumpkin,Oman,1kg,,2.5,,,2.5,,Rawabi,Active
2026-07-26,Vegetables,Pumpkin Mathan Green,Pumpkin,India,,,,18.0,,,,,Active
2026-07-26,Vegetables,Radish Red -Packet,Raddish,Holland,,,5.5,,,,,,Active
2026-07-26,Vegetables,Red Radish,Raddish,Holland,1kg,,30.0,,,30.0,,Rawabi,Active
2026-07-26,Vegetables,Mung Bean Sprouts Pkts,Sprouts,,,,,6.5,,,,,Active
2026-07-26,Vegetables,Cherry Tomato -Packet,Tomato,Morocco,,,12.0,,,,,,Active
2026-07-26,Vegetables,Tomato,Tomato,Turkey,,,,1.25,,,,,Active
2026-07-26,Vegetables,Tomato Green House,Tomato,Jordan,1kg,,5.75,,,5.75,,Rawabi,Active
2026-07-26,Vegetables,Tomato Green House Syria,Tomato,,1kg,,5.5,,,5.5,,Rawabi,Active
2026-07-26,Vegetables,Turmeric,Turmeric,India,1kg,,17.0,,,17.0,,Rawabi,Active
2026-07-26,Vegetables,Turmeric,Turmeric,India,250g,,4.25,,,17.0,,Rawabi,Active
2026-07-26,Vegetables,Beetroot Cooked,Beetroot,,500g,,,,,,,,Market Out
2026-07-26,Vegetables,Ashgourd,Gourds,Oman,1kg,,,,,,,,Market Out
2026-07-26,Vegetables,Fennel,Herbs,,,,,,,,,,Market Out
2026-07-26,Vegetables,Lettuce Gem Tray,Leafy Vegetables,Spain,,,,,,,,,Market Out
2026-07-26,Vegetables,Lettuce Iceberg,Leafy Vegetables,,,,,,,,,,Market Out
2026-07-26,Vegetables,Premium Graffiti Eggplant Pkt,Other Vegetables,Qatar,,,,,,,,,Market Out
2026-07-26,Vegetables,Tomato Tommys Pkt ( ),Tomato,Spain,500g,,,,,,,,Market Out
2026-07-25,Fruits,Apple Africa,Apples,,1kg,,11.0,,,11.0,,Rawabi,Active
2026-07-25,Fruits,Apple Gala,Apples,France,1kg,,11.0,,,11.0,,Rawabi,Active
2026-07-25,Fruits,Apple Golden,Apples,Italy,1kg,,12.0,,,12.0,,Rawabi,Active
2026-07-25,Fruits,Apple Green,Apples,Spain,1kg,,12.0,,,12.0,,Rawabi,Active
2026-07-25,Fruits,Apple Red,Apples,Usa,1kg,,14.5,,,14.5,,Rawabi,Active
2026-07-25,Fruits,Apple Ukraine,Apples,,1kg,,10.0,,,10.0,,Rawabi,Active
2026-07-25,Fruits,Pineapple,Apples,India,1kg,,17.0,,,17.0,,Rawabi,Active
2026-07-25,Fruits,Pineapple Golden,Apples,Kenya,1kg,,13.5,,,13.5,,Rawabi,Active
2026-07-25,Fruits,Avocado,Avocado,Uganda,1kg,,18.75,,,18.75,,Rawabi,Active
2026-07-25,Fruits,Avocado Hass,Avocado,Uganda,1kg,,25.0,,,25.0,,Rawabi,Active
2026-07-25,Fruits,Banana,Banana,Philippines,1kg,,7.5,,,7.5,,Rawabi,Active
2026-07-25,Fruits,Banana Flower,Banana,,1kg,,17.0,,,17.0,,Rawabi,Active
2026-07-25,Fruits,Banana Yellow,Banana,India,1kg,,12.75,,,12.75,,Rawabi,Active
2026-07-25,Fruits,Kadali Banana By Air,Banana,India,1kg,,17.5,,,17.5,,Rawabi,Active
2026-07-25,Fruits,Kadhali Banana,Banana,India,1kg,,16.5,,,16.5,,Rawabi,Active
2026-07-25,Fruits,Black Berry -Packet,Berries,Morocco,,,24.5,,,,,,Active
2026-07-25,Fruits,Blackberry -Packet,Berries,Usa,,,24.0,,,,,,Active
2026-07-25,Fruits,Blueberry -Packet,Berries,Morocco,,,13.0,,,,,,Active
2026-07-25,Fruits,Raspberry Africa Packet,Berries,,,,26.0,,,,,,Active
2026-07-25,Fruits,Lemon Africa,Citrus Fruits,,1kg,,8.5,,,8.5,,Rawabi,Active
2026-07-25,Fruits,Lemon Africa,Citrus Fruits,,250g,,2.25,,,9.0,,Rawabi,Active
2026-07-25,Fruits,Lime,Citrus Fruits,Vietnam,1kg,,10.5,,,10.5,,Rawabi,Active
2026-07-25,Fruits,Lime,Citrus Fruits,Vietnam,250g,,2.75,,,11.0,,Rawabi,Active
2026-07-25,Fruits,Mandarin,Citrus Fruits,China,1kg,,13.5,,,13.5,,Rawabi,Active
2026-07-25,Fruits,Mandarine Nadarcott,Citrus Fruits,Egypt,1kg,,8.5,,,8.5,,Rawabi,Active
2026-07-25,Fruits,Orange Navel Africa,Citrus Fruits,,1kg,,9.75,,,9.75,,Rawabi,Active
2026-07-25,Fruits,Orange Valencia,Citrus Fruits,Egypt,1kg,,4.75,,,4.75,,Rawabi,Active
2026-07-25,Fruits,Coconut,Coconut,India,1.0pc,,3.0,,,3000.0,,Rawabi,Active
2026-07-25,Fruits,Coconut Grated,Coconut,India,1.0pc,,3.5,,,3500.0,,Rawabi,Active
2026-07-25,Fruits,Coconut Young,Coconut,Sri Lanka,1.0pc,,11.0,,,11000.0,,Rawabi,Active
2026-07-25,Fruits,Grape White Packet,Grapes,Egypt,1kg,,16.0,,,16.0,,Rawabi,Active
2026-07-25,Fruits,Grapefruit Africa,Grapes,,1kg,,8.75,,,8.75,,Rawabi,Active
2026-07-25,Fruits,Grapes Red -Packet,Grapes,India,,,9.0,,,,,,Active
2026-07-25,Fruits,Grapes White,Grapes,Australia,1kg,,50.0,,,50.0,,Rawabi,Active
2026-07-25,Fruits,Grapes White,Grapes,Australia,500g,,25.0,,,50.0,,Rawabi,Active
2026-07-25,Fruits,Green Banana,Green Banana,Uganda,1kg,,17.75,,,17.75,,Rawabi,Active
2026-07-25,Fruits,Green Banana,Green Banana,India,1kg,,12.0,,,12.0,,Rawabi,Active
2026-07-25,Fruits,Kiwi Gold New Zealand,Kiwi,,1kg,,60.0,,,60.0,,Rawabi,Active
2026-07-25,Fruits,Kiwi Gold New Zealand,Kiwi,,250g,,15.0,,,60.0,,Rawabi,Active
2026-07-25,Fruits,Kiwi Greece,Kiwi,,1kg,,28.0,,,28.0,,Rawabi,Active
2026-07-25,Fruits,Mango Badami Air,Mangoes,India,1kg,,18.0,,,18.0,,Rawabi,Active
2026-07-25,Fruits,Mango Galbetor Yeman,Mangoes,,1kg,,13.5,,,13.5,,Rawabi,Active
2026-07-25,Fruits,Mango Yemen Cartoon,Mangoes,,,,35.0,,,,,,Active
2026-07-25,Fruits,Mangosteen Packet,Mangoes,Thailand,,,25.0,,,,,,Active
2026-07-25,Fruits,Sweet Melon,Melons,Jordan,1kg,,3.5,,,3.5,,Rawabi,Active
2026-07-25,Fruits,Water Melon,Melons,Jordan,1kg,,3.5,,,3.5,,Rawabi,Active
2026-07-25,Fruits,Papaya,Papaya,Sri Lanka,1kg,,17.5,,,17.5,,Rawabi,Active
2026-07-25,Fruits,Plums Red Africa,Plums,,1kg,,15.5,,,15.5,,Rawabi,Active
2026-07-25,Fruits,Pomegranate,Pomegranates,India,1kg,,21.0,,,21.0,,Rawabi,Active
2026-07-25,Fruits,Pomegranate,Pomegranates,India,500g,,10.5,,,21.0,,Rawabi,Active
2026-07-25,Fruits,Pomegranate,Pomegranates,Peru,1kg,,24.0,,,24.0,,Rawabi,Active
2026-07-25,Fruits,Pomegranate -Carton,Pomegranates,India,,,30.0,,,,,,Active
2026-07-25,Vegetables,Beetroot,Beetroot,Oman,1kg,,8.5,,,8.5,,Rawabi,Active
2026-07-25,Vegetables,Beetroot Cooked,Beetroot,,500g,,,22.0,,,44.0,Family,Active
2026-07-25,Vegetables,Broccoli,Cabbage & Broccoli,Spain,1kg,,22.0,,,22.0,,Rawabi,Active
2026-07-25,Vegetables,Broccoli,Cabbage & Broccoli,Spain,500g,,11.0,,,22.0,,Rawabi,Active
2026-07-25,Vegetables,Cabbage,Cabbage & Broccoli,Oman,1kg,,3.0,,,3.0,,Rawabi,Active
2026-07-25,Vegetables,Cauliflower Mazra Doha,Cabbage & Broccoli,,1kg,,7.0,,,7.0,,Rawabi,Active
2026-07-25,Vegetables,Capsicum,Capsicum,Holland,1kg,,35.0,,,35.0,,Rawabi,Active
2026-07-25,Vegetables,Capsicum,Capsicum,Holland,500g,,17.5,,,35.0,,Rawabi,Active
2026-07-25,Vegetables,Capsicum 4Color (Packet),Capsicum,Holland,,,22.0,,,,,,Active
2026-07-25,Vegetables,Capsicum Green,Capsicum,Jordan,1kg,,5.0,,,5.0,,Rawabi,Active
2026-07-25,Vegetables,Capsicum Green,Capsicum,Jordan,500g,,2.5,,,5.0,,Rawabi,Active
2026-07-25,Vegetables,Carrot,Carrots,Australia,1kg,,7.0,,,7.0,,Rawabi,Active
2026-07-25,Vegetables,Carrot,Carrots,Australia,500g,,3.5,,,7.0,,Rawabi,Active
2026-07-25,Vegetables,Chayote,Chayote,India,1kg,,16.0,,,16.0,,Rawabi,Active
2026-07-25,Vegetables,Chilli,Chillies & Spicy,Uganda,1kg,,20.0,,,20.0,,Rawabi,Active
2026-07-25,Vegetables,Chilli,Chillies & Spicy,Uganda,250g,,5.0,,,20.0,,Rawabi,Active
2026-07-25,Vegetables,Chilly Red,Chillies & Spicy,Holland,,,,15.0,,,,,Active
2026-07-25,Vegetables,Ginger,Chillies & Spicy,China,1kg,,8.0,,,8.0,,Rawabi,Active
2026-07-25,Vegetables,Ginger,Chillies & Spicy,Uganda,1kg,,19.0,,,19.0,,Rawabi,Active
2026-07-25,Vegetables,Ginger,Chillies & Spicy,China,250g,,2.0,,,8.0,,Rawabi,Active
2026-07-25,Vegetables,Ginger,Chillies & Spicy,Uganda,250g,,4.75,,,19.0,,Rawabi,Active
2026-07-25,Vegetables,Green Chilly By Air,Chillies & Spicy,India,1kg,,18.0,,,18.0,,Rawabi,Active
2026-07-25,Vegetables,Green Chilly By Air,Chillies & Spicy,India,250g,,4.5,,,18.0,,Rawabi,Active
2026-07-25,Vegetables,Hot Pepper Mix,Chillies & Spicy,Uganda,1kg,,32.5,,,32.5,,Rawabi,Active
2026-07-25,Vegetables,Hot Pepper Mix,Chillies & Spicy,Uganda,250g,,8.25,,,33.0,,Rawabi,Active
2026-07-25,Vegetables,Mixed Chilli Red & Green Pkt,Chillies & Spicy,,,,,8.0,,,,,Active
2026-07-25,Vegetables,Sambar Mixed Vegetable,Combo Pack,,,,,10.0,,,,,Active
2026-07-25,Vegetables,Zucchini,Courgettes & Artichoke,Jordan,1kg,,5.0,,,5.0,,Rawabi,Active
2026-07-25,Vegetables,Cucumber Mazra Doha,Cucumber,,1kg,,7.5,,,7.5,,Rawabi,Active
2026-07-25,Vegetables,Cucumber Premium Doha,Cucumber,,1kg,,7.5,,,7.5,,Rawabi,Active
2026-07-25,Vegetables,Yellow Cucumber,Cucumber,India,1kg,,15.75,,,15.75,,Rawabi,Active
2026-07-25,Vegetables,Garlic,Garlic,China,1kg,,8.0,,,8.0,,Rawabi,Active
2026-07-25,Vegetables,Garlic,Garlic,China,250g,,2.0,,,8.0,,Rawabi,Active
2026-07-25,Vegetables,Garlic Packet Big,Garlic,China,,,9.0,,,,,,Active
2026-07-25,Vegetables,Garlic Small Pkt ( ),Garlic,China,,,4.5,,,,,,Active
2026-07-25,Vegetables,Ashgourd,Gourds,Oman,1kg,,5.75,,,5.75,,Rawabi,Active
2026-07-25,Vegetables,Bitter Gourd,Gourds,India,1kg,,17.0,,,17.0,,Rawabi,Active
2026-07-25,Vegetables,Bottle Gourd Doha,Gourds,,1kg,,5.5,,,5.5,,Rawabi,Active
2026-07-25,Vegetables,Ivy Gourd (Kovakka) Indian,Gourds,India,1kg,,16.5,,,16.5,,Rawabi,Active
2026-07-25,Vegetables,Ridge Gourd,Gourds,India,1kg,,17.0,,,17.0,,Rawabi,Active
2026-07-25,Vegetables,Snake Gourd,Gourds,India,1kg,,17.0,,,17.0,,Rawabi,Active
2026-07-25,Vegetables,Baby Fennel Africa-Packet,Herbs,,,,22.5,,,,,,Active
2026-07-25,Vegetables,Celery,Herbs,Spain,,,,20.0,,,,,Active
2026-07-25,Vegetables,Celery Stick,Herbs,Spain,1kg,,35.0,,,35.0,,Rawabi,Active
2026-07-25,Vegetables,Celery Stick,Herbs,Spain,250g,,8.75,,,35.0,,Rawabi,Active
2026-07-25,Vegetables,Curry Leaves,Herbs,Uganda,,,35.0,,,,,,Active
2026-07-25,Vegetables,Fennel,Herbs,,,,,22.5,,,,,Active
2026-07-25,Vegetables,Mint Leaves -Packet,Herbs,Jordan,,,3.5,,,,,,Active
2026-07-25,Vegetables,Parsley Leaves 1 Bunch,Herbs,Saudi,,,2.0,,,,,,Active
2026-07-25,Vegetables,Rosemary,Herbs,Kenya,1.0pc,,12.0,,,12000.0,,Rawabi,Active
2026-07-25,Vegetables,Lady Finger,Lady Finger,India,1kg,,17.0,,,17.0,,Rawabi,Active
2026-07-25,Vegetables,Arugula (Jerjir)Leaves Doha,Leafy Vegetables,,500g,,3.75,,,7.5,,Rawabi,Active
2026-07-25,Vegetables,Arugula (Jerjir)Leaves Doha 1 Bunch,Leafy Vegetables,,,,7.5,,,,,,Active
2026-07-25,Vegetables,Baby Spinach Leaves -Packet,Leafy Vegetables,Italy,,,11.0,,,,,,Active
2026-07-25,Vegetables,Kangkong Doha,Leafy Vegetables,,1.0pc,,4.0,,,4000.0,,Rawabi,Active
2026-07-25,Vegetables,Lettuce,Leafy Vegetables,Jordan,1kg,,4.0,,,4.0,,Rawabi,Active
2026-07-25,Vegetables,Lettuce,Leafy Vegetables,Jordan,500g,,2.0,,,4.0,,Rawabi,Active
2026-07-25,Vegetables,Lettuce Gem Tray,Leafy Vegetables,Spain,,,,15.0,,,,,Active
2026-07-25,Vegetables,Lettuce Ice Berge,Leafy Vegetables,Spain,1kg,,38.0,,,38.0,,Rawabi,Active
2026-07-25,Vegetables,Lettuce Ice Berge,Leafy Vegetables,Spain,250g,,9.5,,,38.0,,Rawabi,Active
2026-07-25,Vegetables,Lettuce Iceberg,Leafy Vegetables,,,,,25.0,,,,,Active
2026-07-25,Vegetables,Molokhia Doha,Leafy Vegetables,,,,4.5,,,,,,Active
2026-07-25,Vegetables,Molokhia Doha,Leafy Vegetables,,250g,,1.25,,,5.0,,Rawabi,Active
2026-07-25,Vegetables,Red Chard Mix,Leafy Vegetables,Italy,125g,,,10.0,,,80.0,Family,Active
2026-07-25,Vegetables,Red Spinach Doha 1 Bunch,Leafy Vegetables,,,,3.5,,,,,,Active
2026-07-25,Vegetables,Leeks,Leeks/Spring Onions,Holland,1kg,,34.0,,,34.0,,Rawabi,Active
2026-07-25,Vegetables,Leeks,Leeks/Spring Onions,Holland,250g,,8.5,,,34.0,,Rawabi,Active
2026-07-25,Vegetables,Agrico Mushroom White Bottom,Mushrooms,Qatar,250g,,,7.0,,,28.0,Family,Active
2026-07-25,Vegetables,Mushroom Brown Doha-Packet,Mushrooms,,,,8.5,,,,,,Active
2026-07-25,Vegetables,Mushroom Slice Doha-Packet,Mushrooms,,,,8.5,,,,,,Active
2026-07-25,Vegetables,Mushroom White Doha-Packet,Mushrooms,,,,7.0,,,,,,Active
2026-07-25,Vegetables,Onion Big,Onion,India,1kg,,3.5,,,3.5,,Rawabi,Active
2026-07-25,Vegetables,Onion Medium Bag,Onion,India,,,16.0,,,,,,Active
2026-07-25,Vegetables,Onion Small,Onion,India,1kg,,18.5,,,18.5,,Rawabi,Active
2026-07-25,Vegetables,Onion Small Bag,Onion,India,,,11.0,,,,,,Active
2026-07-25,Vegetables,Onion White,Onion,Spain,1kg,,11.0,,,11.0,,Rawabi,Active
2026-07-25,Vegetables,Bagal,Other Vegetables,,,,,4.0,,,,,Active
2026-07-25,Vegetables,Bagal Leaves,Other Vegetables,,1.0pc,,8.0,,,8000.0,,Rawabi,Active
2026-07-25,Vegetables,Colacasia,Other Vegetables,India,1kg,,17.0,,,17.0,,Rawabi,Active
2026-07-25,Vegetables,Drumstick,Other Vegetables,India,1kg,,19.5,,,19.5,,Rawabi,Active
2026-07-25,Vegetables,Eggplant,Other Vegetables,Holland,,,,28.0,,,,,Active
2026-07-25,Vegetables,Eggplant Premium,Other Vegetables,Oman,1kg,,6.5,,,6.5,,Rawabi,Active
2026-07-25,Vegetables,Eggplant Purple,Other Vegetables,Qatar,,,,7.0,,,,,Active
2026-07-25,Vegetables,Green Spianch Doha 1 Bunch,Other Vegetables,,,,3.5,,,,,,Active
2026-07-25,Vegetables,Lollo Bioanda,Other Vegetables,Holland,1kg,,16.0,,,16.0,,Rawabi,Active
2026-07-25,Vegetables,Lollo Bioanda,Other Vegetables,Holland,250g,,4.0,,,16.0,,Rawabi,Active
2026-07-25,Vegetables,Longan -Packet,Other Vegetables,Thailand,,,24.0,,,,,,Active
2026-07-25,Vegetables,Palak Doha Pc,Other Vegetables,,,,3.0,,,,,,Active
2026-07-25,Vegetables,Premium Graffiti Eggplant Pkt,Other Vegetables,Qatar,,,,7.5,,,,,Active
2026-07-25,Vegetables,Rambutan -Packet,Other Vegetables,Thailand,,,25.0,,,,,,Active
2026-07-25,Vegetables,Squash ( )-,Other Vegetables,Lebanon,,,,32.0,,,,,Active
2026-07-25,Vegetables,Beans,Peas & Beans,India,1kg,,20.0,,,20.0,,Rawabi,Active
2026-07-25,Vegetables,Potato,Potatoes & Starchy Vegetables,Egypt,1kg,,3.5,,,3.5,,Rawabi,Active
2026-07-25,Vegetables,Potato Bag,Potatoes & Starchy Vegetables,Pakistan,,,7.0,,,,,,Active
2026-07-25,Vegetables,Potato Syria,Potatoes & Starchy Vegetables,,1kg,,3.0,,,3.0,,Rawabi,Active
2026-07-25,Vegetables,Sweet Potato,Potatoes & Starchy Vegetables,India,,,,10.0,,,,,Active
2026-07-25,Vegetables,Sweet Potato By Air,Potatoes & Starchy Vegetables,Uganda,1kg,,20.0,,,20.0,,Rawabi,Active
2026-07-25,Vegetables,Yam,Potatoes & Starchy Vegetables,India,1kg,,12.75,,,12.75,,Rawabi,Active
2026-07-25,Vegetables,Butter Nut Pumpkin Africa,Pumpkin,,1kg,,8.5,,,8.5,,Rawabi,Active
2026-07-25,Vegetables,Disco Pumpkin,Pumpkin,India,1kg,,16.0,,,16.0,,Rawabi,Active
2026-07-25,Vegetables,Pumpkin,Pumpkin,Oman,1kg,,2.5,,,2.5,,Rawabi,Active
2026-07-25,Vegetables,Pumpkin Mathan Green,Pumpkin,India,,,,18.0,,,,,Active
2026-07-25,Vegetables,Radish Red -Packet,Raddish,Holland,,,5.5,,,,,,Active
2026-07-25,Vegetables,Red Radish,Raddish,Holland,1kg,,30.0,,,30.0,,Rawabi,Active
2026-07-25,Vegetables,Mung Bean Sprouts Pkts,Sprouts,,,,,6.5,,,,,Active
2026-07-25,Vegetables,Cherry Tomato -Packet,Tomato,Morocco,,,12.0,,,,,,Active
2026-07-25,Vegetables,Tomato,Tomato,Turkey,,,,1.25,,,,,Active
2026-07-25,Vegetables,Tomato Green House,Tomato,Jordan,1kg,,5.75,,,5.75,,Rawabi,Active
2026-07-25,Vegetables,Tomato Green House Syria,Tomato,,1kg,,5.5,,,5.5,,Rawabi,Active
2026-07-25,Vegetables,Tomato Tommys Pkt ( ),Tomato,Spain,500g,,,44.0,,,88.0,Family,Active
2026-07-25,Vegetables,Turmeric,Turmeric,India,1kg,,17.0,,,17.0,,Rawabi,Active
2026-07-25,Vegetables,Turmeric,Turmeric,India,250g,,4.25,,,17.0,,Rawabi,Active
2026-07-25,Vegetables,Lettuce Lollo Rossa,Leafy Vegetables,,,,,,,,,,Market Out
2026-07-25,Vegetables,Brinjal Multicolour Doha,Other Vegetables,,,,,,,,,,Market Out
2026-07-25,Vegetables,Butternut Pumpkin,Pumpkin,Oman,,,,,,,,,Market Out
2026-07-24,Vegetables,Beetroot Cooked,Beetroot,,500g,,,22.0,,,44.0,Family,Active
2026-07-24,Vegetables,Chilly Red,Chillies & Spicy,Holland,,,,15.0,,,,,Active
2026-07-24,Vegetables,Mixed Chilli Red & Green Pkt,Chillies & Spicy,,,,,8.0,,,,,Active
2026-07-24,Vegetables,Sambar Mixed Vegetable,Combo Pack,,,,,10.0,,,,,Active
2026-07-24,Vegetables,Celery,Herbs,Spain,,,,20.0,,,,,Active
2026-07-24,Vegetables,Lettuce Gem Tray,Leafy Vegetables,Spain,,,,15.0,,,,,Active
2026-07-24,Vegetables,Lettuce Lollo Rossa,Leafy Vegetables,,,,,18.0,,,,,Active
2026-07-24,Vegetables,Red Chard Mix,Leafy Vegetables,Italy,125g,,,10.0,,,80.0,Family,Active
2026-07-24,Vegetables,Agrico Mushroom White Bottom,Mushrooms,Qatar,250g,,,7.0,,,28.0,Family,Active
2026-07-24,Vegetables,Bagal,Other Vegetables,,,,,4.0,,,,,Active
2026-07-24,Vegetables,Brinjal Multicolour Doha,Other Vegetables,,,,,4.0,,,,,Active
2026-07-24,Vegetables,Eggplant,Other Vegetables,Holland,,,,28.0,,,,,Active
2026-07-24,Vegetables,Eggplant Purple,Other Vegetables,Qatar,,,,7.0,,,,,Active
2026-07-24,Vegetables,Premium Graffiti Eggplant Pkt,Other Vegetables,Qatar,,,,7.5,,,,,Active
2026-07-24,Vegetables,Squash ( )-,Other Vegetables,Lebanon,,,,32.0,,,,,Active
2026-07-24,Vegetables,Sweet Potato,Potatoes & Starchy Vegetables,India,,,,10.0,,,,,Active
2026-07-24,Vegetables,Butternut Pumpkin,Pumpkin,Oman,,,,8.5,,,,,Active
2026-07-24,Vegetables,Pumpkin Mathan Green,Pumpkin,India,,,,18.0,,,,,Active
2026-07-24,Vegetables,Mung Bean Sprouts Pkts,Sprouts,,,,,6.5,,,,,Active
2026-07-24,Vegetables,Tomato,Tomato,Turkey,,,,1.25,,,,,Active
2026-07-24,Vegetables,Capsicum Mix Pkt,Capsicum,Holland,4.0pcs,,,,,,,,Market Out
2026-07-24,Vegetables,Chilly Round Green,Chillies & Spicy,India,,,,,,,,,Market Out
2026-07-24,Vegetables,Peeled Garlic,Garlic,,250g,,,,,,,,Market Out
2026-07-24,Vegetables,Lemon Grass,Herbs,,,,,,,,,,Market Out
2026-07-24,Vegetables,Arigni Green Gram Sprouts,Sprouts,,200g,,,,,,,,Market Out
2026-07-23,Vegetables,Beetroot Cooked,Beetroot,,500g,,,22.0,,,44.0,Family,Active
2026-07-23,Vegetables,Capsicum Mix Pkt,Capsicum,Holland,4.0pcs,,,20.0,,,5000.0,Family,Active
2026-07-23,Vegetables,Chilly Red,Chillies & Spicy,Holland,,,,15.0,,,,,Active
2026-07-23,Vegetables,Chilly Round Green,Chillies & Spicy,India,,,,9.5,,,,,Active
2026-07-23,Vegetables,Sambar Mixed Vegetable,Combo Pack,,,,,10.0,,,,,Active
2026-07-23,Vegetables,Peeled Garlic,Garlic,,250g,,,8.5,,,34.0,Family,Active
2026-07-23,Vegetables,Celery,Herbs,Spain,,,,20.0,,,,,Active
2026-07-23,Vegetables,Lemon Grass,Herbs,,,,,4.5,,,,,Active
2026-07-23,Vegetables,Red Chard Mix,Leafy Vegetables,Italy,125g,,,10.0,,,80.0,Family,Active
2026-07-23,Vegetables,Agrico Mushroom White Bottom,Mushrooms,Qatar,250g,,,7.0,,,28.0,Family,Active
2026-07-23,Vegetables,Bagal,Other Vegetables,,,,,4.0,,,,,Active
2026-07-23,Vegetables,Eggplant,Other Vegetables,Holland,,,,28.0,,,,,Active
2026-07-23,Vegetables,Eggplant Purple,Other Vegetables,Qatar,,,,7.0,,,,,Active
2026-07-23,Vegetables,Premium Graffiti Eggplant Pkt,Other Vegetables,Qatar,,,,7.5,,,,,Active
2026-07-23,Vegetables,Sweet Potato,Potatoes & Starchy Vegetables,India,,,,10.0,,,,,Active
2026-07-23,Vegetables,Sweet Potato,Potatoes & Starchy Vegetables,Usa,,,,15.5,,,,,Active
2026-07-23,Vegetables,Pumpkin Mathan Green,Pumpkin,India,,,,18.0,,,,,Active
2026-07-23,Vegetables,Arigni Green Gram Sprouts,Sprouts,,200g,,,5.75,,,28.75,Family,Active
2026-07-23,Vegetables,Mung Bean Sprouts Pkts,Sprouts,,,,,6.5,,,,,Active
2026-07-23,Vegetables,Tomato,Tomato,Turkey,,,,1.25,,,,,Active
2026-07-23,Fruits,Mushroom Chestnut -,Fresh Nuts,Holland,,,,,,,,,Market Out
2026-07-23,Vegetables,Mixed Chilli Red & Green Pkt,Chillies & Spicy,,,,,,,,,,Market Out
2026-07-23,Vegetables,Ash Gourd(Kumbalam),Gourds,India,,,,,,,,,Market Out
2026-07-23,Vegetables,Green Basil ( ),Herbs,Kenya,,,,,,,,,Market Out
2026-07-23,Vegetables,Lettuce Lollo Rossa,Leafy Vegetables,,,,,,,,,,Market Out
2026-07-23,Vegetables,Leeks,Leeks/Spring Onions,Holland,,,,,,,,,Market Out
2026-07-22,Fruits,Mushroom Chestnut -,Fresh Nuts,Holland,,,,15.75,,,,,Active
2026-07-22,Vegetables,Beetroot Cooked,Beetroot,,500g,,,22.0,,,44.0,Family,Active
2026-07-22,Vegetables,Mixed Chilli Red & Green Pkt,Chillies & Spicy,,,,,8.0,,,,,Active
2026-07-22,Vegetables,Sambar Mixed Vegetable,Combo Pack,,,,,10.0,,,,,Active
2026-07-22,Vegetables,Ash Gourd(Kumbalam),Gourds,India,,,,17.5,,,,,Active
2026-07-22,Vegetables,Celery,Herbs,Spain,,,,20.0,,,,,Active
2026-07-22,Vegetables,Green Basil ( ),Herbs,Kenya,,,,16.0,,,,,Active
2026-07-22,Vegetables,Lettuce Lollo Rossa,Leafy Vegetables,,,,,18.0,,,,,Active
2026-07-22,Vegetables,Leeks,Leeks/Spring Onions,Holland,,,,9.5,,,,,Active
2026-07-22,Vegetables,Agrico Mushroom White Bottom,Mushrooms,Qatar,250g,,,7.0,,,28.0,Family,Active
2026-07-22,Vegetables,Bagal,Other Vegetables,,,,,4.0,,,,,Active
2026-07-22,Vegetables,Eggplant,Other Vegetables,Holland,,,,28.0,,,,,Active
2026-07-22,Vegetables,Eggplant Purple,Other Vegetables,Qatar,,,,7.0,,,,,Active
2026-07-22,Vegetables,Premium Graffiti Eggplant Pkt,Other Vegetables,Qatar,,,,7.5,,,,,Active
2026-07-22,Vegetables,Sweet Potato,Potatoes & Starchy Vegetables,India,,,,9.88,,,,,Active
2026-07-22,Vegetables,Sweet Potato,Potatoes & Starchy Vegetables,Usa,,,,15.5,,,,,Active
2026-07-22,Vegetables,Pumpkin Mathan Green,Pumpkin,India,,,,18.0,,,,,Active
2026-07-22,Vegetables,Mung Bean Sprouts Pkts,Sprouts,,,,,6.5,,,,,Active
2026-07-22,Vegetables,Tomato,Tomato,Turkey,,,,1.25,,,,,Active
2026-07-22,Vegetables,Fennel,Herbs,,,,,,,,,,Market Out
2026-07-22,Vegetables,Lettuce,Leafy Vegetables,Lebanon,,,,,,,,,Market Out
2026-07-22,Vegetables,Lettuce Gem Tray,Leafy Vegetables,Spain,,,,,,,,,Market Out
2026-07-22,Vegetables,Shimenji White Mushroom,Mushrooms,,150g,,,,,,,,Market Out
2026-07-21,Fruits,Mushroom Chestnut -,Fresh Nuts,Holland,,,,15.75,,,,,Active
2026-07-21,Vegetables,Beetroot Cooked,Beetroot,,500g,,,22.0,,,44.0,Family,Active
2026-07-21,Vegetables,Mixed Chilli Red & Green Pkt,Chillies & Spicy,,,,,8.0,,,,,Active
2026-07-21,Vegetables,Sambar Mixed Vegetable,Combo Pack,,,,,10.0,,,,,Active
2026-07-21,Vegetables,Celery,Herbs,Spain,,,,20.0,,,,,Active
2026-07-21,Vegetables,Fennel,Herbs,,,,,20.0,,,,,Active
2026-07-21,Vegetables,Green Basil ( ),Herbs,Kenya,,,,16.0,,,,,Active
2026-07-21,Vegetables,Lettuce,Leafy Vegetables,Lebanon,,,,8.75,,,,,Active
2026-07-21,Vegetables,Lettuce Gem Tray,Leafy Vegetables,Spain,,,,15.0,,,,,Active
2026-07-21,Vegetables,Agrico Mushroom White Bottom,Mushrooms,Qatar,250g,,,7.0,,,28.0,Family,Active
2026-07-21,Vegetables,Shimenji White Mushroom,Mushrooms,,150g,,,12.0,,,80.0,Family,Active
2026-07-21,Vegetables,Bagal,Other Vegetables,,,,,4.0,,,,,Active
2026-07-21,Vegetables,Eggplant,Other Vegetables,Holland,,,,28.0,,,,,Active
2026-07-21,Vegetables,Eggplant Purple,Other Vegetables,Qatar,,,,7.0,,,,,Active
2026-07-21,Vegetables,Premium Graffiti Eggplant Pkt,Other Vegetables,Qatar,,,,7.5,,,,,Active
2026-07-21,Vegetables,Sweet Potato,Potatoes & Starchy Vegetables,India,,,,9.88,,,,,Active
2026-07-21,Vegetables,Sweet Potato,Potatoes & Starchy Vegetables,Usa,,,,15.5,,,,,Active
2026-07-21,Vegetables,Pumpkin Mathan Green,Pumpkin,India,,,,18.0,,,,,Active
2026-07-21,Vegetables,Mung Bean Sprouts Pkts,Sprouts,,,,,6.5,,,,,Active
2026-07-21,Vegetables,Tomato,Tomato,Turkey,,,,1.38,,,,,Active
2026-07-21,Vegetables,Garlic,Garlic,India,,,,,,,,,Market Out
2026-07-21,Vegetables,Baby Spinach,Leafy Vegetables,Italy,125g,,,,,,,,Market Out
2026-07-21,Vegetables,Lettuce Lollo Rossa,Leafy Vegetables,,,,,,,,,,Market Out
2026-07-21,Vegetables,Red Chard Mix,Leafy Vegetables,Italy,125g,,,,,,,,Market Out
2026-07-21,Vegetables,Mushrooms Portobello,Mushrooms,,,,,,,,,,Market Out
2026-07-20,Fruits,Mushroom Chestnut -,Fresh Nuts,Holland,,,,15.75,,,,,Active
2026-07-20,Vegetables,Mixed Chilli Red & Green Pkt,Chillies & Spicy,,,,,8.0,,,,,Active
2026-07-20,Vegetables,Sambar Mixed Vegetable,Combo Pack,,,,,10.0,,,,,Active
2026-07-20,Vegetables,Garlic,Garlic,India,,,,12.25,,,,,Active
2026-07-20,Vegetables,Celery,Herbs,Spain,,,,20.0,,,,,Active
2026-07-20,Vegetables,Fennel,Herbs,,,,,20.0,,,,,Active
2026-07-20,Vegetables,Baby Spinach,Leafy Vegetables,Italy,125g,,,14.0,,,112.0,Family,Active
2026-07-20,Vegetables,Lettuce,Leafy Vegetables,Lebanon,,,,8.75,,,,,Active
2026-07-20,Vegetables,Lettuce Lollo Rossa,Leafy Vegetables,,,,,18.0,,,,,Active
2026-07-20,Vegetables,Red Chard Mix,Leafy Vegetables,Italy,125g,,,10.0,,,80.0,Family,Active
2026-07-20,Vegetables,Agrico Mushroom White Bottom,Mushrooms,Qatar,250g,,,7.0,,,28.0,Family,Active
2026-07-20,Vegetables,Mushrooms Portobello,Mushrooms,,,,,11.25,,,,,Active
2026-07-20,Vegetables,Bagal,Other Vegetables,,,,,4.0,,,,,Active
2026-07-20,Vegetables,Eggplant,Other Vegetables,Holland,,,,28.0,,,,,Active
2026-07-20,Vegetables,Eggplant Purple,Other Vegetables,Qatar,,,,7.0,,,,,Active
2026-07-20,Vegetables,Premium Graffiti Eggplant Pkt,Other Vegetables,Qatar,,,,7.5,,,,,Active
2026-07-20,Vegetables,Sweet Potato,Potatoes & Starchy Vegetables,India,,,,9.88,,,,,Active
2026-07-20,Vegetables,Pumpkin Mathan Green,Pumpkin,India,,,,18.0,,,,,Active
2026-07-20,Vegetables,Mung Bean Sprouts Pkts,Sprouts,,,,,6.5,,,,,Active
2026-07-20,Vegetables,Tomato,Tomato,Turkey,,,,1.38,,,,,Active
2026-07-20,Vegetables,Chilly Red,Chillies & Spicy,Holland,,,,,,,,,Market Out
2026-07-20,Vegetables,Jalapeno Hot Red Pepper,Chillies & Spicy,Usa,,,,,,,,,Market Out
2026-07-20,Vegetables,Baby Corn,Corns & Baby Corn,Thailand,125g,,,,,,,,Market Out
2026-07-20,Vegetables,Peeled Garlic,Garlic,,250g,,,,,,,,Market Out
2026-07-20,Vegetables,Lettuce Gem Tray,Leafy Vegetables,Spain,,,,,,,,,Market Out
2026-07-20,Vegetables,Taro Root,Potatoes & Starchy Vegetables,,,,,,,,,,Market Out
2026-07-19,Fruits,Mushroom Chestnut -,Fresh Nuts,Holland,,,,15.75,,,,,Active
2026-07-19,Vegetables,Chilly Red,Chillies & Spicy,Holland,,,,15.0,,,,,Active
2026-07-19,Vegetables,Jalapeno Hot Red Pepper,Chillies & Spicy,Usa,,,,65.0,,,,,Active
2026-07-19,Vegetables,Mixed Chilli Red & Green Pkt,Chillies & Spicy,,,,,8.0,,,,,Active
2026-07-19,Vegetables,Sambar Mixed Vegetable,Combo Pack,,,,,10.0,,,,,Active
2026-07-19,Vegetables,Baby Corn,Corns & Baby Corn,Thailand,125g,,,8.0,,,64.0,Family,Active
2026-07-19,Vegetables,Peeled Garlic,Garlic,,250g,,,8.5,,,34.0,Family,Active
2026-07-19,Vegetables,Celery,Herbs,Spain,,,,20.0,,,,,Active
2026-07-19,Vegetables,Lettuce,Leafy Vegetables,Lebanon,,,,8.75,,,,,Active
2026-07-19,Vegetables,Lettuce Gem Tray,Leafy Vegetables,Spain,,,,15.0,,,,,Active
2026-07-19,Vegetables,Agrico Mushroom White Bottom,Mushrooms,Qatar,250g,,,7.0,,,28.0,Family,Active
2026-07-19,Vegetables,Bagal,Other Vegetables,,,,,4.0,,,,,Active
2026-07-19,Vegetables,Eggplant,Other Vegetables,Holland,,,,28.0,,,,,Active
2026-07-19,Vegetables,Eggplant Purple,Other Vegetables,Qatar,,,,7.0,,,,,Active
2026-07-19,Vegetables,Premium Graffiti Eggplant Pkt,Other Vegetables,Qatar,,,,7.5,,,,,Active
2026-07-19,Vegetables,Sweet Potato,Potatoes & Starchy Vegetables,India,,,,9.88,,,,,Active
2026-07-19,Vegetables,Taro Root,Potatoes & Starchy Vegetables,,,,,53.0,,,,,Active
2026-07-19,Vegetables,Pumpkin Mathan Green,Pumpkin,India,,,,18.0,,,,,Active
2026-07-19,Vegetables,Mung Bean Sprouts Pkts,Sprouts,,,,,6.5,,,,,Active
2026-07-19,Vegetables,Tomato,Tomato,Turkey,,,,1.38,,,,,Active
2026-07-19,Vegetables,Beetroot Cooked,Beetroot,,500g,,,,,,,,Market Out
2026-07-19,Vegetables,Garlic,Garlic,India,,,,,,,,,Market Out
2026-07-19,Vegetables,Red Radish,Raddish,Holland,1kg,,,,,,,,Market Out
2026-07-18,Fruits,Mushroom Chestnut -,Fresh Nuts,Holland,,,,15.75,,,,,Active
2026-07-18,Vegetables,Beetroot Cooked,Beetroot,,500g,,,22.0,,,44.0,Family,Active
2026-07-18,Vegetables,Mixed Chilli Red & Green Pkt,Chillies & Spicy,,,,,8.0,,,,,Active
2026-07-18,Vegetables,Sambar Mixed Vegetable,Combo Pack,,,,,10.0,,,,,Active
2026-07-18,Vegetables,Baby Corn,Corns & Baby Corn,Thailand,125g,,,8.0,,,64.0,Family,Active
2026-07-18,Vegetables,Garlic,Garlic,India,,,,12.25,,,,,Active
2026-07-18,Vegetables,Celery,Herbs,Spain,,,,20.0,,,,,Active
2026-07-18,Vegetables,Lettuce,Leafy Vegetables,Lebanon,,,,8.75,,,,,Active
2026-07-18,Vegetables,Agrico Mushroom White Bottom,Mushrooms,Qatar,250g,,,7.0,,,28.0,Family,Active
2026-07-18,Vegetables,Bagal,Other Vegetables,,,,,4.0,,,,,Active
2026-07-18,Vegetables,Eggplant,Other Vegetables,Holland,,,,28.0,,,,,Active
2026-07-18,Vegetables,Eggplant Purple,Other Vegetables,Qatar,,,,7.0,,,,,Active
2026-07-18,Vegetables,Premium Graffiti Eggplant Pkt,Other Vegetables,Qatar,,,,7.5,,,,,Active
2026-07-18,Vegetables,Sweet Potato,Potatoes & Starchy Vegetables,India,,,,9.88,,,,,Active
2026-07-18,Vegetables,Sweet Potato,Potatoes & Starchy Vegetables,Usa,,,,15.5,,,,,Active
2026-07-18,Vegetables,Taro Root,Potatoes & Starchy Vegetables,,,,,53.0,,,,,Active
2026-07-18,Vegetables,Pumpkin Mathan Green,Pumpkin,India,,,,18.0,,,,,Active
2026-07-18,Vegetables,Red Radish,Raddish,Holland,1kg,,,32.0,,,32.0,Family,Active
2026-07-18,Vegetables,Mung Bean Sprouts Pkts,Sprouts,,,,,6.5,,,,,Active
2026-07-18,Vegetables,Tomato,Tomato,Turkey,,,,1.38,,,,,Active
2026-07-18,Vegetables,Chilly Red,Chillies & Spicy,Holland,,,,,,,,,Market Out
2026-07-18,Vegetables,Ash Gourd(Kumbalam),Gourds,India,,,,,,,,,Market Out
2026-07-18,Vegetables,Snake Gourd,Gourds,India,,,,,,,,,Market Out
2026-07-17,Fruits,Mushroom Chestnut -,Fresh Nuts,Holland,,,,15.75,,,,,Active
2026-07-17,Vegetables,Beetroot Cooked,Beetroot,,500g,,,22.0,,,44.0,Family,Active
2026-07-17,Vegetables,Chilly Red,Chillies & Spicy,Holland,,,,15.0,,,,,Active
2026-07-17,Vegetables,Mixed Chilli Red & Green Pkt,Chillies & Spicy,,,,,8.0,,,,,Active
2026-07-17,Vegetables,Sambar Mixed Vegetable,Combo Pack,,,,,10.0,,,,,Active
2026-07-17,Vegetables,Ash Gourd(Kumbalam),Gourds,India,,,,17.5,,,,,Active
2026-07-17,Vegetables,Snake Gourd,Gourds,India,,,,9.25,,,,,Active
2026-07-17,Vegetables,Celery,Herbs,Spain,,,,20.0,,,,,Active
2026-07-17,Vegetables,Lettuce,Leafy Vegetables,Lebanon,,,,8.75,,,,,Active
2026-07-17,Vegetables,Agrico Mushroom White Bottom,Mushrooms,Qatar,250g,,,7.0,,,28.0,Family,Active
2026-07-17,Vegetables,Bagal,Other Vegetables,,,,,4.0,,,,,Active
2026-07-17,Vegetables,Eggplant,Other Vegetables,Holland,,,,28.0,,,,,Active
2026-07-17,Vegetables,Eggplant Purple,Other Vegetables,Qatar,,,,7.0,,,,,Active
2026-07-17,Vegetables,Premium Graffiti Eggplant Pkt,Other Vegetables,Qatar,,,,7.5,,,,,Active
2026-07-17,Vegetables,Sweet Potato,Potatoes & Starchy Vegetables,India,,,,9.88,,,,,Active
2026-07-17,Vegetables,Taro Root,Potatoes & Starchy Vegetables,,,,,53.0,,,,,Active
2026-07-17,Vegetables,Pumpkin Mathan Green,Pumpkin,India,,,,18.0,,,,,Active
2026-07-17,Vegetables,Mung Bean Sprouts Pkts,Sprouts,,,,,6.5,,,,,Active
2026-07-17,Vegetables,Tomato,Tomato,Turkey,,,,1.38,,,,,Active
2026-07-17,Vegetables,Leeks,Leeks/Spring Onions,Holland,,,,,,,,,Market Out
2026-07-17,Vegetables,Shimenji White Mushroom,Mushrooms,,150g,,,,,,,,Market Out
2026-07-16,Fruits,Mushroom Chestnut -,Fresh Nuts,Holland,,,,15.75,,,,,Active
2026-07-16,Vegetables,Beetroot Cooked,Beetroot,,500g,,,22.0,,,44.0,Family,Active
2026-07-16,Vegetables,Chilly Red,Chillies & Spicy,Holland,,,,15.0,,,,,Active
2026-07-16,Vegetables,Mixed Chilli Red & Green Pkt,Chillies & Spicy,,,,,8.0,,,,,Active
2026-07-16,Vegetables,Sambar Mixed Vegetable,Combo Pack,,,,,10.0,,,,,Active
2026-07-16,Vegetables,Snake Gourd,Gourds,India,,,,9.25,,,,,Active
2026-07-16,Vegetables,Celery,Herbs,Spain,,,,20.0,,,,,Active
2026-07-16,Vegetables,Lettuce,Leafy Vegetables,Lebanon,,,,8.75,,,,,Active
2026-07-16,Vegetables,Leeks,Leeks/Spring Onions,Holland,,,,9.5,,,,,Active
2026-07-16,Vegetables,Agrico Mushroom White Bottom,Mushrooms,Qatar,250g,,,7.0,,,28.0,Family,Active
2026-07-16,Vegetables,Shimenji White Mushroom,Mushrooms,,150g,,,12.0,,,80.0,Family,Active
2026-07-16,Vegetables,Bagal,Other Vegetables,,,,,4.0,,,,,Active
2026-07-16,Vegetables,Eggplant,Other Vegetables,Holland,,,,28.0,,,,,Active
2026-07-16,Vegetables,Eggplant Purple,Other Vegetables,Qatar,,,,7.0,,,,,Active
2026-07-16,Vegetables,Premium Graffiti Eggplant Pkt,Other Vegetables,Qatar,,,,7.5,,,,,Active
2026-07-16,Vegetables,Sweet Potato,Potatoes & Starchy Vegetables,India,,,,9.88,,,,,Active
2026-07-16,Vegetables,Taro Root,Potatoes & Starchy Vegetables,,,,,53.0,,,,,Active
2026-07-16,Vegetables,Pumpkin Mathan Green,Pumpkin,India,,,,18.0,,,,,Active
2026-07-16,Vegetables,Mung Bean Sprouts Pkts,Sprouts,,,,,6.5,,,,,Active
2026-07-16,Vegetables,Tomato,Tomato,Turkey,,,,1.38,,,,,Active
2026-07-16,Vegetables,Lettuce Bionda/ Rossa Mix,Leafy Vegetables,,125g,,,,,,,,Market Out
2026-07-16,Vegetables,Lettuce Iceberg,Leafy Vegetables,Holland,,,,,,,,,Market Out
2026-07-16,Vegetables,Lettuce Lollo Rossa,Leafy Vegetables,,,,,,,,,,Market Out
2026-07-16,Vegetables,Mushrooms Portobello,Mushrooms,,,,,,,,,,Market Out
2026-07-15,Fruits,Mushroom Chestnut -,Fresh Nuts,Holland,,,,15.75,,,,,Active
2026-07-15,Vegetables,Chilly Red,Chillies & Spicy,Holland,,,,15.0,,,,,Active
2026-07-15,Vegetables,Mixed Chilli Red & Green Pkt,Chillies & Spicy,,,,,8.0,,,,,Active
2026-07-15,Vegetables,Sambar Mixed Vegetable,Combo Pack,,,,,10.0,,,,,Active
2026-07-15,Vegetables,Celery,Herbs,Spain,,,,20.0,,,,,Active
2026-07-15,Vegetables,Lettuce,Leafy Vegetables,Lebanon,,,,8.75,,,,,Active
2026-07-15,Vegetables,Lettuce Bionda/ Rossa Mix,Leafy Vegetables,,125g,,,14.0,,,112.0,Family,Active
2026-07-15,Vegetables,Lettuce Iceberg,Leafy Vegetables,Holland,,,,9.0,,,,,Active
2026-07-15,Vegetables,Lettuce Lollo Rossa,Leafy Vegetables,,,,,18.0,,,,,Active
2026-07-15,Vegetables,Agrico Mushroom White Bottom,Mushrooms,Qatar,250g,,,7.0,,,28.0,Family,Active
2026-07-15,Vegetables,Mushrooms Portobello,Mushrooms,,,,,10.5,,,,,Active
2026-07-15,Vegetables,Bagal,Other Vegetables,,,,,4.0,,,,,Active
2026-07-15,Vegetables,Eggplant,Other Vegetables,Holland,,,,28.0,,,,,Active
2026-07-15,Vegetables,Eggplant Purple,Other Vegetables,Qatar,,,,7.0,,,,,Active
2026-07-15,Vegetables,Premium Graffiti Eggplant Pkt,Other Vegetables,Qatar,,,,7.5,,,,,Active
2026-07-15,Vegetables,Sweet Potato,Potatoes & Starchy Vegetables,India,,,,9.88,,,,,Active
2026-07-15,Vegetables,Taro Root,Potatoes & Starchy Vegetables,,,,,53.0,,,,,Active
2026-07-15,Vegetables,Pumpkin Mathan Green,Pumpkin,India,,,,18.0,,,,,Active
2026-07-15,Vegetables,Mung Bean Sprouts Pkts,Sprouts,,,,,6.5,,,,,Active
2026-07-15,Vegetables,Tomato,Tomato,Turkey,,,,1.5,,,,,Active
2026-07-15,Vegetables,Jalapeno Hot Red Pepper,Chillies & Spicy,Usa,,,,,,,,,Market Out
2026-07-15,Vegetables,Jalapeno Peppers,Chillies & Spicy,,,,,,,,,,Market Out
2026-07-15,Vegetables,Fennel,Herbs,,,,,,,,,,Market Out
2026-07-14,Fruits,Mushroom Chestnut -,Fresh Nuts,Holland,,,,15.75,,,,,Active
2026-07-14,Vegetables,Chilly Red,Chillies & Spicy,Holland,,,,15.0,,,,,Active
2026-07-14,Vegetables,Jalapeno Hot Red Pepper,Chillies & Spicy,Usa,,,,65.0,,,,,Active
2026-07-14,Vegetables,Jalapeno Peppers,Chillies & Spicy,,,,,14.5,,,,,Active
2026-07-14,Vegetables,Sambar Mixed Vegetable,Combo Pack,,,,,10.0,,,,,Active
2026-07-14,Vegetables,Celery,Herbs,Spain,,,,20.0,,,,,Active
2026-07-14,Vegetables,Fennel,Herbs,,,,,20.0,,,,,Active
2026-07-14,Vegetables,Lettuce,Leafy Vegetables,Lebanon,,,,8.75,,,,,Active
2026-07-14,Vegetables,Lettuce Iceberg,Leafy Vegetables,Holland,,,,9.0,,,,,Active
2026-07-14,Vegetables,Lettuce Lollo Rossa,Leafy Vegetables,,,,,18.0,,,,,Active
2026-07-14,Vegetables,Agrico Mushroom White Bottom,Mushrooms,Qatar,250g,,,7.0,,,28.0,Family,Active
2026-07-14,Vegetables,Bagal,Other Vegetables,,,,,4.0,,,,,Active
2026-07-14,Vegetables,Eggplant,Other Vegetables,Holland,,,,28.0,,,,,Active
2026-07-14,Vegetables,Eggplant Purple,Other Vegetables,Qatar,,,,7.0,,,,,Active
2026-07-14,Vegetables,Premium Graffiti Eggplant Pkt,Other Vegetables,Qatar,,,,7.5,,,,,Active
2026-07-14,Vegetables,Sweet Potato,Potatoes & Starchy Vegetables,India,,,,9.88,,,,,Active
2026-07-14,Vegetables,Taro Root,Potatoes & Starchy Vegetables,,,,,53.0,,,,,Active
2026-07-14,Vegetables,Pumpkin Mathan Green,Pumpkin,India,,,,18.0,,,,,Active
2026-07-14,Vegetables,Mung Bean Sprouts Pkts,Sprouts,,,,,6.5,,,,,Active
2026-07-14,Vegetables,Tomato,Tomato,Turkey,,,,1.5,,,,,Active
2026-07-14,Vegetables,Lettuce Gem Tray,Leafy Vegetables,Spain,,,,,,,,,Market Out
2026-07-14,Vegetables,Aloe Vera,Other Vegetables,,,,,,,,,,Market Out
2026-07-14,Vegetables,Tomato Cherry Red Vine,Tomato,,,,,,,,,,Market Out
2026-07-13,Fruits,Mushroom Chestnut -,Fresh Nuts,Holland,,,,15.75,,,,,Active
2026-07-13,Vegetables,Chilly Red,Chillies & Spicy,Holland,,,,15.0,,,,,Active
2026-07-13,Vegetables,Jalapeno Hot Red Pepper,Chillies & Spicy,Usa,,,,65.0,,,,,Active
2026-07-13,Vegetables,Sambar Mixed Vegetable,Combo Pack,,,,,10.0,,,,,Active
2026-07-13,Vegetables,Celery,Herbs,Spain,,,,20.0,,,,,Active
2026-07-13,Vegetables,Fennel,Herbs,,,,,20.0,,,,,Active
2026-07-13,Vegetables,Lettuce,Leafy Vegetables,Lebanon,,,,8.75,,,,,Active
2026-07-13,Vegetables,Lettuce Gem Tray,Leafy Vegetables,Spain,,,,15.0,,,,,Active
2026-07-13,Vegetables,Agrico Mushroom White Bottom,Mushrooms,Qatar,250g,,,7.0,,,28.0,Family,Active
2026-07-13,Vegetables,Aloe Vera,Other Vegetables,,,,,30.0,,,,,Active
2026-07-13,Vegetables,Bagal,Other Vegetables,,,,,4.0,,,,,Active
2026-07-13,Vegetables,Eggplant,Other Vegetables,Holland,,,,28.0,,,,,Active
2026-07-13,Vegetables,Eggplant Purple,Other Vegetables,Qatar,,,,7.0,,,,,Active
2026-07-13,Vegetables,Premium Graffiti Eggplant Pkt,Other Vegetables,Qatar,,,,7.5,,,,,Active
2026-07-13,Vegetables,Sweet Potato,Potatoes & Starchy Vegetables,India,,,,9.88,,,,,Active
2026-07-13,Vegetables,Taro Root,Potatoes & Starchy Vegetables,,,,,53.0,,,,,Active
2026-07-13,Vegetables,Pumpkin Mathan Green,Pumpkin,India,,,,18.0,,,,,Active
2026-07-13,Vegetables,Mung Bean Sprouts Pkts,Sprouts,,,,,6.5,,,,,Active
2026-07-13,Vegetables,Tomato,Tomato,Turkey,,,,1.5,,,,,Active
2026-07-13,Vegetables,Tomato Cherry Red Vine,Tomato,,,,,13.5,,,,,Active
2026-07-13,Vegetables,Beetroot Cooked,Beetroot,,500g,,,,,,,,Market Out
2026-07-13,Vegetables,Peeled Garlic,Garlic,,250g,,,,,,,,Market Out
2026-07-13,Vegetables,Red Chard Mix,Leafy Vegetables,Italy,125g,,,,,,,,Market Out
2026-07-13,Vegetables,Eggplant Large,Other Vegetables,Lebanon,,,,,,,,,Market Out
2026-07-13,Vegetables,Red Radish,Raddish,Holland,1kg,,,,,,,,Market Out
2026-07-13,Vegetables,Tomato Tommys Pkt ( ),Tomato,Spain,500g,,,,,,,,Market Out
2026-07-12,Fruits,Mushroom Chestnut -,Fresh Nuts,Holland,,,,15.75,,,,,Active
2026-07-12,Vegetables,Beetroot Cooked,Beetroot,,500g,,,22.0,,,44.0,Family,Active
2026-07-12,Vegetables,Chilly Red,Chillies & Spicy,Holland,,,,15.0,,,,,Active
2026-07-12,Vegetables,Sambar Mixed Vegetable,Combo Pack,,,,,10.0,,,,,Active
2026-07-12,Vegetables,Peeled Garlic,Garlic,,250g,,,8.5,,,34.0,Family,Active
2026-07-12,Vegetables,Celery,Herbs,Spain,,,,20.0,,,,,Active
2026-07-12,Vegetables,Red Chard Mix,Leafy Vegetables,Italy,125g,,,10.0,,,80.0,Family,Active
2026-07-12,Vegetables,Agrico Mushroom White Bottom,Mushrooms,Qatar,250g,,,7.0,,,28.0,Family,Active
2026-07-12,Vegetables,Bagal,Other Vegetables,,,,,4.0,,,,,Active
2026-07-12,Vegetables,Eggplant,Other Vegetables,Holland,,,,28.0,,,,,Active
2026-07-12,Vegetables,Eggplant Large,Other Vegetables,Lebanon,,,,17.5,,,,,Active
2026-07-12,Vegetables,Eggplant Purple,Other Vegetables,Qatar,,,,7.0,,,,,Active
2026-07-12,Vegetables,Premium Graffiti Eggplant Pkt,Other Vegetables,Qatar,,,,7.5,,,,,Active
2026-07-12,Vegetables,Sweet Potato,Potatoes & Starchy Vegetables,India,,,,9.88,,,,,Active
2026-07-12,Vegetables,Taro Root,Potatoes & Starchy Vegetables,,,,,53.0,,,,,Active
2026-07-12,Vegetables,Pumpkin Mathan Green,Pumpkin,India,,,,18.0,,,,,Active
2026-07-12,Vegetables,Red Radish,Raddish,Holland,1kg,,,32.0,,,32.0,Family,Active
2026-07-12,Vegetables,Mung Bean Sprouts Pkts,Sprouts,,,,,6.5,,,,,Active
2026-07-12,Vegetables,Tomato,Tomato,Turkey,,,,1.5,,,,,Active
2026-07-12,Vegetables,Tomato Tommys Pkt ( ),Tomato,Spain,500g,,,44.0,,,88.0,Family,Active
2026-07-12,Vegetables,Capsicum Mix Pkt,Capsicum,Holland,4.0pcs,,,,,,,,Market Out
2026-07-12,Vegetables,Capsicum Orange,Capsicum,Holland,,,,,,,,,Market Out
2026-07-12,Vegetables,Capsicum Red,Capsicum,Holland,,,,,,,,,Market Out
2026-07-12,Vegetables,Capsicum Yellow,Capsicum,Holland,,,,,,,,,Market Out
2026-07-12,Vegetables,Jalapeno Hot Red Pepper,Chillies & Spicy,Usa,,,,,,,,,Market Out
2026-07-12,Vegetables,Garlic,Garlic,India,,,,,,,,,Market Out
2026-07-11,Fruits,Mushroom Chestnut -,Fresh Nuts,Holland,,,,15.75,,,,,Active
2026-07-11,Vegetables,Capsicum Mix Pkt,Capsicum,Holland,4.0pcs,,,28.0,,,7000.0,Family,Active
2026-07-11,Vegetables,Capsicum Orange,Capsicum,Holland,,,,12.5,,,,,Active
2026-07-11,Vegetables,Capsicum Red,Capsicum,Holland,,,,13.75,,,,,Active
2026-07-11,Vegetables,Capsicum Yellow,Capsicum,Holland,,,,12.5,,,,,Active
2026-07-11,Vegetables,Chilly Red,Chillies & Spicy,Holland,,,,15.0,,,,,Active
2026-07-11,Vegetables,Jalapeno Hot Red Pepper,Chillies & Spicy,Usa,,,,65.0,,,,,Active
2026-07-11,Vegetables,Sambar Mixed Vegetable,Combo Pack,,,,,10.0,,,,,Active
2026-07-11,Vegetables,Garlic,Garlic,India,,,,12.25,,,,,Active
2026-07-11,Vegetables,Celery,Herbs,Spain,,,,20.0,,,,,Active
2026-07-11,Vegetables,Agrico Mushroom White Bottom,Mushrooms,Qatar,250g,,,7.0,,,28.0,Family,Active
2026-07-11,Vegetables,Bagal,Other Vegetables,,,,,4.0,,,,,Active
2026-07-11,Vegetables,Eggplant,Other Vegetables,Holland,,,,28.0,,,,,Active
2026-07-11,Vegetables,Eggplant Purple,Other Vegetables,Qatar,,,,7.0,,,,,Active
2026-07-11,Vegetables,Premium Graffiti Eggplant Pkt,Other Vegetables,Qatar,,,,7.5,,,,,Active
2026-07-11,Vegetables,Sweet Potato,Potatoes & Starchy Vegetables,India,,,,9.88,,,,,Active
2026-07-11,Vegetables,Taro Root,Potatoes & Starchy Vegetables,,,,,53.0,,,,,Active
2026-07-11,Vegetables,Pumpkin Mathan Green,Pumpkin,India,,,,18.0,,,,,Active
2026-07-11,Vegetables,Mung Bean Sprouts Pkts,Sprouts,,,,,6.5,,,,,Active
2026-07-11,Vegetables,Tomato,Tomato,Turkey,,,,1.5,,,,,Active
2026-07-11,Vegetables,Jalapeno Peppers,Chillies & Spicy,,,,,,,,,,Market Out
2026-07-11,Vegetables,Ash Gourd(Kumbalam),Gourds,India,,,,,,,,,Market Out
2026-07-11,Vegetables,Lemon Grass,Herbs,,,,,,,,,,Market Out
2026-07-11,Vegetables,Lettuce Iceberg,Leafy Vegetables,Holland,,,,,,,,,Market Out
2026-07-11,Vegetables,Eggplant Large,Other Vegetables,Lebanon,,,,,,,,,Market Out
2026-07-11,Vegetables,Arigni Green Gram Sprouts,Sprouts,,200g,,,,,,,,Market Out
2026-07-10,Vegetables,Chilly Red,Chillies & Spicy,Holland,,,,15.0,,,,,Active
2026-07-10,Vegetables,Jalapeno Peppers,Chillies & Spicy,,,,,14.5,,,,,Active
2026-07-10,Vegetables,Sambar Mixed Vegetable,Combo Pack,,,,,10.0,,,,,Active
2026-07-10,Vegetables,Ash Gourd(Kumbalam),Gourds,India,,,,17.5,,,,,Active
2026-07-10,Vegetables,Celery,Herbs,Spain,,,,20.0,,,,,Active
2026-07-10,Vegetables,Lemon Grass,Herbs,,,,,5.5,,,,,Active
2026-07-10,Vegetables,Lettuce Iceberg,Leafy Vegetables,Holland,,,,8.0,,,,,Active
2026-07-10,Vegetables,Agrico Mushroom White Bottom,Mushrooms,Qatar,250g,,,7.0,,,28.0,Family,Active
2026-07-10,Vegetables,Bagal,Other Vegetables,,,,,4.5,,,,,Active
2026-07-10,Vegetables,Eggplant,Other Vegetables,Holland,,,,28.0,,,,,Active
2026-07-10,Vegetables,Eggplant Large,Other Vegetables,Lebanon,,,,17.5,,,,,Active
2026-07-10,Vegetables,Eggplant Purple,Other Vegetables,Qatar,,,,7.0,,,,,Active
2026-07-10,Vegetables,Premium Graffiti Eggplant Pkt,Other Vegetables,Qatar,,,,7.5,,,,,Active
2026-07-10,Vegetables,Sweet Potato,Potatoes & Starchy Vegetables,India,,,,9.88,,,,,Active
2026-07-10,Vegetables,Taro Root,Potatoes & Starchy Vegetables,,,,,53.0,,,,,Active
2026-07-10,Vegetables,Pumpkin Mathan Green,Pumpkin,India,,,,18.0,,,,,Active
2026-07-10,Vegetables,Arigni Green Gram Sprouts,Sprouts,,200g,,,5.75,,,28.75,Family,Active
2026-07-10,Vegetables,Mung Bean Sprouts Pkts,Sprouts,,,,,6.5,,,,,Active
2026-07-10,Vegetables,Tomato,Tomato,Turkey,,,,1.5,,,,,Active
2026-07-10,Vegetables,Beetroot Cooked,Beetroot,,500g,,,,,,,,Market Out
2026-07-10,Vegetables,Jalapeno Hot Red Pepper,Chillies & Spicy,Usa,,,,,,,,,Market Out
2026-07-10,Vegetables,Mushroom Slice,Mushrooms,Qatar,,,,,,,,,Market Out
2026-07-10,Vegetables,Premium Eggplant Pkt,Other Vegetables,Qatar,1kg,,,,,,,,Market Out
2026-07-10,Vegetables,Turmeric,Turmeric,India,,,,,,,,,Market Out
2026-07-09,Vegetables,Beetroot Cooked,Beetroot,,500g,,,22.0,,,44.0,Family,Active
2026-07-09,Vegetables,Chilly Red,Chillies & Spicy,Holland,,,,15.0,,,,,Active
2026-07-09,Vegetables,Jalapeno Hot Red Pepper,Chillies & Spicy,Usa,,,,65.0,,,,,Active
2026-07-09,Vegetables,Jalapeno Peppers,Chillies & Spicy,,,,,14.5,,,,,Active
2026-07-09,Vegetables,Sambar Mixed Vegetable,Combo Pack,,,,,10.0,,,,,Active
2026-07-09,Vegetables,Celery,Herbs,Spain,,,,20.0,,,,,Active
2026-07-09,Vegetables,Lettuce Iceberg,Leafy Vegetables,Holland,,,,8.0,,,,,Active
2026-07-09,Vegetables,Agrico Mushroom White Bottom,Mushrooms,Qatar,250g,,,7.0,,,28.0,Family,Active
2026-07-09,Vegetables,Mushroom Slice,Mushrooms,Qatar,,,,8.5,,,,,Active
2026-07-09,Vegetables,Bagal,Other Vegetables,,,,,4.5,,,,,Active
2026-07-09,Vegetables,Eggplant,Other Vegetables,Holland,,,,28.0,,,,,Active
2026-07-09,Vegetables,Eggplant Purple,Other Vegetables,Qatar,,,,7.0,,,,,Active
2026-07-09,Vegetables,Premium Eggplant Pkt,Other Vegetables,Qatar,1kg,,,7.5,,,7.5,Family,Active
2026-07-09,Vegetables,Premium Graffiti Eggplant Pkt,Other Vegetables,Qatar,,,,7.5,,,,,Active
2026-07-09,Vegetables,Sweet Potato,Potatoes & Starchy Vegetables,India,,,,9.88,,,,,Active
2026-07-09,Vegetables,Taro Root,Potatoes & Starchy Vegetables,,,,,53.0,,,,,Active
2026-07-09,Vegetables,Pumpkin Mathan Green,Pumpkin,India,,,,18.0,,,,,Active
2026-07-09,Vegetables,Mung Bean Sprouts Pkts,Sprouts,,,,,6.5,,,,,Active
2026-07-09,Vegetables,Tomato,Tomato,Turkey,,,,1.5,,,,,Active
2026-07-09,Vegetables,Turmeric,Turmeric,India,,,,3.5,,,,,Active
2026-07-09,Fruits,Mushroom Chestnut -,Fresh Nuts,Holland,,,,,,,,,Market Out
2026-07-09,Vegetables,Fennel,Herbs,,,,,,,,,,Market Out
2026-07-09,Vegetables,Lettuce Gem Tray,Leafy Vegetables,Spain,,,,,,,,,Market Out
2026-07-09,Vegetables,Aloe Vera,Other Vegetables,,,,,,,,,,Market Out
2026-07-09,Vegetables,Arigni Green Gram Sprouts,Sprouts,,200g,,,,,,,,Market Out
2026-07-08,Fruits,Mushroom Chestnut -,Fresh Nuts,Holland,,,,15.75,,,,,Active
2026-07-08,Vegetables,Beetroot Cooked,Beetroot,,500g,,,22.0,,,44.0,Family,Active
2026-07-08,Vegetables,Chilly Red,Chillies & Spicy,Holland,,,,15.0,,,,,Active
2026-07-08,Vegetables,Jalapeno Peppers,Chillies & Spicy,,,,,14.5,,,,,Active
2026-07-08,Vegetables,Sambar Mixed Vegetable,Combo Pack,,,,,10.0,,,,,Active
2026-07-08,Vegetables,Celery,Herbs,Spain,,,,20.0,,,,,Active
2026-07-08,Vegetables,Fennel,Herbs,,,,,20.0,,,,,Active
2026-07-08,Vegetables,Lettuce Gem Tray,Leafy Vegetables,Spain,,,,15.0,,,,,Active
2026-07-08,Vegetables,Agrico Mushroom White Bottom,Mushrooms,Qatar,250g,,,7.0,,,28.0,Family,Active
2026-07-08,Vegetables,Aloe Vera,Other Vegetables,,,,,30.0,,,,,Active
2026-07-08,Vegetables,Bagal,Other Vegetables,,,,,4.5,,,,,Active
2026-07-08,Vegetables,Eggplant,Other Vegetables,Holland,,,,28.0,,,,,Active
2026-07-08,Vegetables,Eggplant Purple,Other Vegetables,Qatar,,,,7.0,,,,,Active
2026-07-08,Vegetables,Premium Graffiti Eggplant Pkt,Other Vegetables,Qatar,,,,7.5,,,,,Active
2026-07-08,Vegetables,Sweet Potato,Potatoes & Starchy Vegetables,India,,,,9.88,,,,,Active
2026-07-08,Vegetables,Taro Root,Potatoes & Starchy Vegetables,,,,,53.0,,,,,Active
2026-07-08,Vegetables,Pumpkin Mathan Green,Pumpkin,India,,,,18.0,,,,,Active
2026-07-08,Vegetables,Arigni Green Gram Sprouts,Sprouts,,200g,,,5.75,,,28.75,Family,Active
2026-07-08,Vegetables,Mung Bean Sprouts Pkts,Sprouts,,,,,6.5,,,,,Active
2026-07-08,Vegetables,Tomato,Tomato,Turkey,,,,1.5,,,,,Active
2026-07-08,Vegetables,Capsicum Mix Pkt,Capsicum,Holland,4.0pcs,,,,,,,,Market Out
2026-07-08,Vegetables,Mixed Chilli Red & Green Pkt,Chillies & Spicy,,,,,,,,,,Market Out
2026-07-08,Vegetables,Baby Corn,Corns & Baby Corn,Thailand,125g,,,,,,,,Market Out
2026-07-08,Vegetables,Pumpkin Medium,Pumpkin,India,,,,,,,,,Market Out
2026-07-07,Fruits,Mushroom Chestnut -,Fresh Nuts,Holland,,,,15.75,,,,,Active
2026-07-07,Vegetables,Beetroot Cooked,Beetroot,,500g,,,22.0,,,44.0,Family,Active
2026-07-07,Vegetables,Capsicum Mix Pkt,Capsicum,Holland,4.0pcs,,,20.0,,,5000.0,Family,Active
2026-07-07,Vegetables,Chilly Red,Chillies & Spicy,Holland,,,,15.0,,,,,Active
2026-07-07,Vegetables,Mixed Chilli Red & Green Pkt,Chillies & Spicy,,,,,8.0,,,,,Active
2026-07-07,Vegetables,Sambar Mixed Vegetable,Combo Pack,,,,,10.0,,,,,Active
2026-07-07,Vegetables,Baby Corn,Corns & Baby Corn,Thailand,125g,,,8.0,,,64.0,Family,Active
2026-07-07,Vegetables,Celery,Herbs,Spain,,,,20.0,,,,,Active
2026-07-07,Vegetables,Lettuce Gem Tray,Leafy Vegetables,Spain,,,,15.0,,,,,Active
2026-07-07,Vegetables,Agrico Mushroom White Bottom,Mushrooms,Qatar,250g,,,7.0,,,28.0,Family,Active
2026-07-07,Vegetables,Bagal,Other Vegetables,,,,,4.5,,,,,Active
2026-07-07,Vegetables,Eggplant,Other Vegetables,Holland,,,,28.0,,,,,Active
2026-07-07,Vegetables,Eggplant Purple,Other Vegetables,Qatar,,,,7.0,,,,,Active
2026-07-07,Vegetables,Premium Graffiti Eggplant Pkt,Other Vegetables,Qatar,,,,7.5,,,,,Active
2026-07-07,Vegetables,Sweet Potato,Potatoes & Starchy Vegetables,India,,,,9.88,,,,,Active
2026-07-07,Vegetables,Sweet Potato,Potatoes & Starchy Vegetables,Usa,,,,17.0,,,,,Active
2026-07-07,Vegetables,Pumpkin Mathan Green,Pumpkin,India,,,,18.0,,,,,Active
2026-07-07,Vegetables,Pumpkin Medium,Pumpkin,India,,,,8.75,,,,,Active
2026-07-07,Vegetables,Mung Bean Sprouts Pkts,Sprouts,,,,,6.5,,,,,Active
2026-07-07,Vegetables,Tomato,Tomato,Turkey,,,,1.5,,,,,Active
2026-07-07,Vegetables,Jalapeno Hot Red Pepper,Chillies & Spicy,Usa,,,,,,,,,Market Out
2026-07-07,Vegetables,Dhundul,Gourds,Bangladesh,,,,,,,,,Market Out
2026-07-06,Fruits,Mushroom Chestnut -,Fresh Nuts,Holland,,,,15.75,,,,,Active
2026-07-06,Vegetables,Beetroot Cooked,Beetroot,,500g,,,22.0,,,44.0,Family,Active
2026-07-06,Vegetables,Capsicum Mix Pkt,Capsicum,Holland,4.0pcs,,,20.0,,,5000.0,Family,Active
2026-07-06,Vegetables,Chilly Red,Chillies & Spicy,Holland,,,,15.0,,,,,Active
2026-07-06,Vegetables,Jalapeno Hot Red Pepper,Chillies & Spicy,Usa,,,,65.0,,,,,Active
2026-07-06,Vegetables,Mixed Chilli Red & Green Pkt,Chillies & Spicy,,,,,8.0,,,,,Active
2026-07-06,Vegetables,Sambar Mixed Vegetable,Combo Pack,,,,,10.0,,,,,Active
2026-07-06,Vegetables,Dhundul,Gourds,Bangladesh,,,,15.0,,,,,Active
2026-07-06,Vegetables,Celery,Herbs,Spain,,,,20.0,,,,,Active
2026-07-06,Vegetables,Lettuce Gem Tray,Leafy Vegetables,Spain,,,,15.0,,,,,Active
2026-07-06,Vegetables,Agrico Mushroom White Bottom,Mushrooms,Qatar,250g,,,7.0,,,28.0,Family,Active
2026-07-06,Vegetables,Bagal,Other Vegetables,,,,,4.5,,,,,Active
2026-07-06,Vegetables,Eggplant,Other Vegetables,Holland,,,,28.0,,,,,Active
2026-07-06,Vegetables,Eggplant Purple,Other Vegetables,Qatar,,,,7.0,,,,,Active
2026-07-06,Vegetables,Premium Graffiti Eggplant Pkt,Other Vegetables,Qatar,,,,7.5,,,,,Active
2026-07-06,Vegetables,Sweet Potato,Potatoes & Starchy Vegetables,India,,,,9.88,,,,,Active
2026-07-06,Vegetables,Sweet Potato,Potatoes & Starchy Vegetables,Usa,,,,17.0,,,,,Active
2026-07-06,Vegetables,Pumpkin Mathan Green,Pumpkin,India,,,,18.0,,,,,Active
2026-07-06,Vegetables,Mung Bean Sprouts Pkts,Sprouts,,,,,6.5,,,,,Active
2026-07-06,Vegetables,Tomato,Tomato,Turkey,,,,1.5,,,,,Active
2026-07-06,Fruits,Banana Flower,Banana,India,,,,,,,,,Market Out
2026-07-06,Vegetables,Ash Gourd(Kumbalam),Gourds,India,,,,,,,,,Market Out
2026-07-06,Vegetables,Lemon Grass,Herbs,,,,,,,,,,Market Out
2026-07-06,Vegetables,Leeks,Leeks/Spring Onions,Holland,,,,,,,,,Market Out
2026-07-06,Vegetables,Tomato Syria,Tomato,,,,,,,,,,Market Out
2026-07-06,Vegetables,Tomato Tommys Pkt ( ),Tomato,Spain,500g,,,,,,,,Market Out
2026-07-05,Fruits,Banana Flower,Banana,India,,,,18.5,,,,,Active
2026-07-05,Fruits,Mushroom Chestnut -,Fresh Nuts,Holland,,,,15.75,,,,,Active
2026-07-05,Vegetables,Beetroot Cooked,Beetroot,,500g,,,22.0,,,44.0,Family,Active
2026-07-05,Vegetables,Chilly Red,Chillies & Spicy,Holland,,,,15.0,,,,,Active
2026-07-05,Vegetables,Sambar Mixed Vegetable,Combo Pack,,,,,10.0,,,,,Active
2026-07-05,Vegetables,Ash Gourd(Kumbalam),Gourds,India,,,,17.5,,,,,Active
2026-07-05,Vegetables,Celery,Herbs,Spain,,,,20.0,,,,,Active
2026-07-05,Vegetables,Lemon Grass,Herbs,,,,,5.5,,,,,Active
2026-07-05,Vegetables,Leeks,Leeks/Spring Onions,Holland,,,,9.25,,,,,Active
2026-07-05,Vegetables,Agrico Mushroom White Bottom,Mushrooms,Qatar,250g,,,7.0,,,28.0,Family,Active
2026-07-05,Vegetables,Eggplant,Other Vegetables,Holland,,,,28.0,,,,,Active
2026-07-05,Vegetables,Eggplant Purple,Other Vegetables,Qatar,,,,8.5,,,,,Active
2026-07-05,Vegetables,Premium Graffiti Eggplant Pkt,Other Vegetables,Qatar,,,,7.5,,,,,Active
2026-07-05,Vegetables,Sweet Potato,Potatoes & Starchy Vegetables,India,,,,9.88,,,,,Active
2026-07-05,Vegetables,Sweet Potato,Potatoes & Starchy Vegetables,Usa,,,,17.0,,,,,Active
2026-07-05,Vegetables,Pumpkin Mathan Green,Pumpkin,India,,,,18.0,,,,,Active
2026-07-05,Vegetables,Tomato,Tomato,Turkey,,,,1.5,,,,,Active
2026-07-05,Vegetables,Tomato Syria,Tomato,,,,,2.0,,,,,Active
2026-07-05,Vegetables,Tomato Tommys Pkt ( ),Tomato,Spain,500g,,,44.0,,,88.0,Family,Active
2026-07-05,Vegetables,Capsicum Red,Capsicum,Holland,,,,,,,,,Market Out
2026-07-05,Vegetables,Capsicum Yellow,Capsicum,Holland,,,,,,,,,Market Out
2026-07-05,Vegetables,Mixed Chilli Red & Green Pkt,Chillies & Spicy,,,,,,,,,,Market Out
2026-07-05,Vegetables,Fennel,Herbs,,,,,,,,,,Market Out
2026-07-05,Vegetables,Green Basil ( ),Herbs,Kenya,,,,,,,,,Market Out
2026-07-05,Vegetables,Aloe Vera,Other Vegetables,,,,,,,,,,Market Out
2026-07-05,Vegetables,Mung Bean Sprouts Pkts,Sprouts,,,,,,,,,,Market Out
2026-07-04,Fruits,Mushroom Chestnut -,Fresh Nuts,Holland,,,,15.75,,,,,Active
2026-07-04,Vegetables,Beetroot Cooked,Beetroot,,500g,,,22.0,,,44.0,Family,Active
2026-07-04,Vegetables,Capsicum Red,Capsicum,Holland,,,,13.75,,,,,Active
2026-07-04,Vegetables,Capsicum Yellow,Capsicum,Holland,,,,14.5,,,,,Active
2026-07-04,Vegetables,Chilly Red,Chillies & Spicy,Holland,,,,15.0,,,,,Active
2026-07-04,Vegetables,Mixed Chilli Red & Green Pkt,Chillies & Spicy,,,,,8.0,,,,,Active
2026-07-04,Vegetables,Sambar Mixed Vegetable,Combo Pack,,,,,10.0,,,,,Active
2026-07-04,Vegetables,Celery,Herbs,Spain,,,,20.0,,,,,Active
2026-07-04,Vegetables,Fennel,Herbs,,,,,20.0,,,,,Active
2026-07-04,Vegetables,Green Basil ( ),Herbs,Kenya,,,,16.0,,,,,Active
2026-07-04,Vegetables,Agrico Mushroom White Bottom,Mushrooms,Qatar,250g,,,7.0,,,28.0,Family,Active
2026-07-04,Vegetables,Aloe Vera,Other Vegetables,,,,,30.0,,,,,Active
2026-07-04,Vegetables,Eggplant,Other Vegetables,Holland,,,,28.0,,,,,Active
2026-07-04,Vegetables,Eggplant Purple,Other Vegetables,Qatar,,,,8.5,,,,,Active
2026-07-04,Vegetables,Sweet Potato,Potatoes & Starchy Vegetables,India,,,,9.88,,,,,Active
2026-07-04,Vegetables,Sweet Potato,Potatoes & Starchy Vegetables,Usa,,,,17.0,,,,,Active
2026-07-04,Vegetables,Sweet Potato,Potatoes & Starchy Vegetables,Bangladesh,,,,17.0,,,,,Active
2026-07-04,Vegetables,Pumpkin Mathan Green,Pumpkin,India,,,,18.0,,,,,Active
2026-07-04,Vegetables,Mung Bean Sprouts Pkts,Sprouts,,,,,6.5,,,,,Active
2026-07-04,Vegetables,Tomato,Tomato,Turkey,,,,1.5,,,,,Active
2026-07-04,Vegetables,Ash Gourd(Kumbalam),Gourds,India,,,,,,,,,Market Out
2026-07-04,Vegetables,Lettuce,Leafy Vegetables,Lebanon,,,,,,,,,Market Out
2026-07-04,Vegetables,Premium Graffiti Eggplant Pkt,Other Vegetables,Qatar,,,,,,,,,Market Out
2026-07-04,Vegetables,Taro Root,Potatoes & Starchy Vegetables,,,,,,,,,,Market Out
2026-07-03,Vegetables,Beetroot Cooked,Beetroot,,500g,,,22.0,,,44.0,Family,Active
2026-07-03,Vegetables,Capsicum Red,Capsicum,Holland,,,,13.75,,,,,Active
2026-07-03,Vegetables,Chilly Red,Chillies & Spicy,Holland,,,,15.0,,,,,Active
2026-07-03,Vegetables,Mixed Chilli Red & Green Pkt,Chillies & Spicy,,,,,8.0,,,,,Active
2026-07-03,Vegetables,Sambar Mixed Vegetable,Combo Pack,,,,,10.0,,,,,Active
2026-07-03,Vegetables,Ash Gourd(Kumbalam),Gourds,India,,,,8.75,,,,,Active
2026-07-03,Vegetables,Celery,Herbs,Spain,,,,20.0,,,,,Active
2026-07-03,Vegetables,Fennel,Herbs,,,,,20.0,,,,,Active
2026-07-03,Vegetables,Lettuce,Leafy Vegetables,Lebanon,,,,8.75,,,,,Active
2026-07-03,Vegetables,Agrico Mushroom White Bottom,Mushrooms,Qatar,250g,,,7.0,,,28.0,Family,Active
2026-07-03,Vegetables,Aloe Vera,Other Vegetables,,,,,30.0,,,,,Active
2026-07-03,Vegetables,Eggplant,Other Vegetables,Holland,,,,28.0,,,,,Active
2026-07-03,Vegetables,Eggplant Purple,Other Vegetables,Qatar,,,,8.5,,,,,Active
2026-07-03,Vegetables,Premium Graffiti Eggplant Pkt,Other Vegetables,Qatar,,,,7.5,,,,,Active
2026-07-03,Vegetables,Sweet Potato,Potatoes & Starchy Vegetables,India,,,,9.88,,,,,Active
2026-07-03,Vegetables,Sweet Potato,Potatoes & Starchy Vegetables,Usa,,,,17.0,,,,,Active
2026-07-03,Vegetables,Taro Root,Potatoes & Starchy Vegetables,,,,,53.0,,,,,Active
2026-07-03,Vegetables,Pumpkin Mathan Green,Pumpkin,India,,,,18.0,,,,,Active
2026-07-03,Vegetables,Mung Bean Sprouts Pkts,Sprouts,,,,,6.5,,,,,Active
2026-07-03,Vegetables,Tomato,Tomato,Turkey,,,,1.5,,,,,Active
2026-07-03,Vegetables,Jalapeno Hot Red Pepper,Chillies & Spicy,Usa,,,,,,,,,Market Out
2026-07-03,Vegetables,Drumstick Leaves Pkt ( ),Other Vegetables,India,150g,,,,,,,,Market Out
2026-07-03,Vegetables,Tomato Tommys Pkt ( ),Tomato,Spain,500g,,,,,,,,Market Out
2026-07-02,Vegetables,Beetroot Cooked,Beetroot,,500g,,,22.0,,,44.0,Family,Active
2026-07-02,Vegetables,Chilly Red,Chillies & Spicy,Holland,,,,15.0,,,,,Active
2026-07-02,Vegetables,Jalapeno Hot Red Pepper,Chillies & Spicy,Usa,,,,65.0,,,,,Active
2026-07-02,Vegetables,Mixed Chilli Red & Green Pkt,Chillies & Spicy,,,,,8.0,,,,,Active
2026-07-02,Vegetables,Sambar Mixed Vegetable,Combo Pack,,,,,10.0,,,,,Active
2026-07-02,Vegetables,Celery,Herbs,Spain,,,,20.0,,,,,Active
2026-07-02,Vegetables,Fennel,Herbs,,,,,20.0,,,,,Active
2026-07-02,Vegetables,Lettuce,Leafy Vegetables,Lebanon,,,,8.75,,,,,Active
2026-07-02,Vegetables,Agrico Mushroom White Bottom,Mushrooms,Qatar,250g,,,7.0,,,28.0,Family,Active
2026-07-02,Vegetables,Drumstick Leaves Pkt ( ),Other Vegetables,India,150g,,,5.5,,,36.67,Family,Active
2026-07-02,Vegetables,Eggplant,Other Vegetables,Holland,,,,28.0,,,,,Active
2026-07-02,Vegetables,Eggplant Purple,Other Vegetables,Qatar,,,,8.5,,,,,Active
2026-07-02,Vegetables,Premium Graffiti Eggplant Pkt,Other Vegetables,Qatar,,,,7.5,,,,,Active
2026-07-02,Vegetables,Sweet Potato,Potatoes & Starchy Vegetables,India,,,,9.88,,,,,Active
2026-07-02,Vegetables,Sweet Potato,Potatoes & Starchy Vegetables,Bangladesh,,,,17.0,,,,,Active
2026-07-02,Vegetables,Taro Root,Potatoes & Starchy Vegetables,,,,,53.0,,,,,Active
2026-07-02,Vegetables,Pumpkin Mathan Green,Pumpkin,India,,,,18.0,,,,,Active
2026-07-02,Vegetables,Mung Bean Sprouts Pkts,Sprouts,,,,,6.5,,,,,Active
2026-07-02,Vegetables,Tomato,Tomato,Turkey,,,,1.5,,,,,Active
2026-07-02,Vegetables,Tomato Tommys Pkt ( ),Tomato,Spain,500g,,,44.0,,,88.0,Family,Active
2026-07-02,Fruits,Fresh Coconut (By Air),Coconut,India,,,,,,,,,Market Out
2026-07-02,Vegetables,Capsicum Mix Pkt,Capsicum,Holland,4.0pcs,,,,,,,,Market Out
2026-07-02,Vegetables,Peeled Garlic,Garlic,,250g,,,,,,,,Market Out
2026-07-02,Vegetables,Red Chard Mix,Leafy Vegetables,Italy,125g,,,,,,,,Market Out
2026-07-02,Vegetables,Red Radish Poly Bag,Raddish,,125g,,,,,,,,Market Out
2026-07-02,Vegetables,Tomato Syria,Tomato,,,,,,,,,,Market Out
2026-07-01,Fruits,Fresh Coconut (By Air),Coconut,India,,,,7.0,,,,,Active
2026-07-01,Vegetables,Beetroot Cooked,Beetroot,,500g,,,22.0,,,44.0,Family,Active
2026-07-01,Vegetables,Capsicum Mix Pkt,Capsicum,Holland,4.0pcs,,,20.0,,,5000.0,Family,Active
2026-07-01,Vegetables,Chilly Red,Chillies & Spicy,Holland,,,,15.0,,,,,Active
2026-07-01,Vegetables,Mixed Chilli Red & Green Pkt,Chillies & Spicy,,,,,8.0,,,,,Active
2026-07-01,Vegetables,Sambar Mixed Vegetable,Combo Pack,,,,,10.0,,,,,Active
2026-07-01,Vegetables,Peeled Garlic,Garlic,,250g,,,8.5,,,34.0,Family,Active
2026-07-01,Vegetables,Celery,Herbs,Spain,,,,20.0,,,,,Active
2026-07-01,Vegetables,Lettuce,Leafy Vegetables,Lebanon,,,,8.75,,,,,Active
2026-07-01,Vegetables,Red Chard Mix,Leafy Vegetables,Italy,125g,,,10.0,,,80.0,Family,Active
2026-07-01,Vegetables,Agrico Mushroom White Bottom,Mushrooms,Qatar,250g,,,7.0,,,28.0,Family,Active
2026-07-01,Vegetables,Eggplant,Other Vegetables,Holland,,,,28.0,,,,,Active
2026-07-01,Vegetables,Eggplant Purple,Other Vegetables,Qatar,,,,8.5,,,,,Active
2026-07-01,Vegetables,Sweet Potato,Potatoes & Starchy Vegetables,India,,,,9.88,,,,,Active
2026-07-01,Vegetables,Taro Root,Potatoes & Starchy Vegetables,,,,,53.0,,,,,Active
2026-07-01,Vegetables,Pumpkin Mathan Green,Pumpkin,India,,,,18.0,,,,,Active
2026-07-01,Vegetables,Red Radish Poly Bag,Raddish,,125g,,,6.5,,,52.0,Family,Active
2026-07-01,Vegetables,Mung Bean Sprouts Pkts,Sprouts,,,,,6.5,,,,,Active
2026-07-01,Vegetables,Tomato Syria,Tomato,,,,,1.75,,,,,Active
2026-07-01,Vegetables,Tomato Tommys Pkt ( ),Tomato,Spain,500g,,,44.0,,,88.0,Family,Active
2026-07-01,Vegetables,Kohi,Cabbage & Broccoli,Bangladesh,,,,,,,,,Market Out
2026-07-01,Vegetables,Capsicum Orange,Capsicum,Holland,,,,,,,,,Market Out
2026-07-01,Vegetables,Lettuce Iceberg,Leafy Vegetables,,,,,,,,,,Market Out
2026-07-01,Vegetables,Leeks,Leeks/Spring Onions,Holland,,,,,,,,,Market Out
2026-07-01,Vegetables,Mushrooms Portobello,Mushrooms,,,,,,,,,,Market Out
2026-07-01,Vegetables,Turnip,Other Vegetables,Oman,,,,,,,,,Market Out
2026-07-01,Vegetables,Radish Ksa,Raddish,,,,,,,,,,Market Out
2026-06-30,Vegetables,Kohi,Cabbage & Broccoli,Bangladesh,,,,17.0,,,,,Active
2026-06-30,Vegetables,Capsicum Orange,Capsicum,Holland,,,,11.0,,,,,Active
2026-06-30,Vegetables,Chilly Red,Chillies & Spicy,Holland,,,,15.0,,,,,Active
2026-06-30,Vegetables,Mixed Chilli Red & Green Pkt,Chillies & Spicy,,,,,8.0,,,,,Active
2026-06-30,Vegetables,Sambar Mixed Vegetable,Combo Pack,,,,,10.0,,,,,Active
2026-06-30,Vegetables,Celery,Herbs,Spain,,,,17.5,,,,,Active
2026-06-30,Vegetables,Lettuce,Leafy Vegetables,Lebanon,,,,8.75,,,,,Active
2026-06-30,Vegetables,Lettuce Iceberg,Leafy Vegetables,,,,,22.0,,,,,Active
2026-06-30,Vegetables,Leeks,Leeks/Spring Onions,Holland,,,,8.5,,,,,Active
2026-06-30,Vegetables,Agrico Mushroom White Bottom,Mushrooms,Qatar,250g,,,7.0,,,28.0,Family,Active
2026-06-30,Vegetables,Mushrooms Portobello,Mushrooms,,,,,17.0,,,,,Active
2026-06-30,Vegetables,Eggplant,Other Vegetables,Holland,,,,28.0,,,,,Active
2026-06-30,Vegetables,Eggplant Purple,Other Vegetables,Qatar,,,,8.5,,,,,Active
2026-06-30,Vegetables,Turnip,Other Vegetables,Oman,,,,5.0,,,,,Active
2026-06-30,Vegetables,Sweet Potato,Potatoes & Starchy Vegetables,India,,,,9.88,,,,,Active
2026-06-30,Vegetables,Sweet Potato,Potatoes & Starchy Vegetables,Bangladesh,,,,17.0,,,,,Active
2026-06-30,Vegetables,Taro Root,Potatoes & Starchy Vegetables,,,,,53.0,,,,,Active
2026-06-30,Vegetables,Pumpkin Mathan Green,Pumpkin,India,,,,18.0,,,,,Active
2026-06-30,Vegetables,Radish Ksa,Raddish,,,,,3.5,,,,,Active
2026-06-30,Vegetables,Mung Bean Sprouts Pkts,Sprouts,,,,,6.5,,,,,Active
2026-06-30,Vegetables,Beetroot Cooked,Beetroot,,500g,,,,,,,,Market Out
2026-06-30,Vegetables,Lettuce Gem Tray,Leafy Vegetables,Spain,,,,,,,,,Market Out
2026-06-30,Vegetables,Lettuce Lollo Rossa,Leafy Vegetables,,,,,,,,,,Market Out
2026-06-30,Vegetables,Potatoes White Chat Small,Potatoes & Starchy Vegetables,Australia,,,,,,,,,Market Out
2026-06-29,Vegetables,Beetroot Cooked,Beetroot,,500g,,,22.0,,,44.0,Family,Active
2026-06-29,Vegetables,Kohi,Cabbage & Broccoli,Bangladesh,,,,17.0,,,,,Active
2026-06-29,Vegetables,Chilly Red,Chillies & Spicy,Holland,,,,15.0,,,,,Active
2026-06-29,Vegetables,Mixed Chilli Red & Green Pkt,Chillies & Spicy,,,,,8.0,,,,,Active
2026-06-29,Vegetables,Sambar Mixed Vegetable,Combo Pack,,,,,10.0,,,,,Active
2026-06-29,Vegetables,Celery,Herbs,Spain,,,,17.5,,,,,Active
2026-06-29,Vegetables,Lettuce,Leafy Vegetables,Lebanon,,,,8.75,,,,,Active
2026-06-29,Vegetables,Lettuce Gem Tray,Leafy Vegetables,Spain,,,,15.0,,,,,Active
2026-06-29,Vegetables,Lettuce Lollo Rossa,Leafy Vegetables,,,,,16.25,,,,,Active
2026-06-29,Vegetables,Agrico Mushroom White Bottom,Mushrooms,Qatar,250g,,,7.0,,,28.0,Family,Active
2026-06-29,Vegetables,Eggplant,Other Vegetables,Holland,,,,28.0,,,,,Active
2026-06-29,Vegetables,Eggplant Purple,Other Vegetables,Qatar,,,,8.5,,,,,Active
2026-06-29,Vegetables,Turnip,Other Vegetables,Oman,,,,5.0,,,,,Active
2026-06-29,Vegetables,Potatoes White Chat Small,Potatoes & Starchy Vegetables,Australia,,,,13.5,,,,,Active
2026-06-29,Vegetables,Sweet Potato,Potatoes & Starchy Vegetables,India,,,,9.88,,,,,Active
2026-06-29,Vegetables,Sweet Potato,Potatoes & Starchy Vegetables,Bangladesh,,,,17.0,,,,,Active
2026-06-29,Vegetables,Taro Root,Potatoes & Starchy Vegetables,,,,,53.0,,,,,Active
2026-06-29,Vegetables,Pumpkin Mathan Green,Pumpkin,India,,,,18.0,,,,,Active
2026-06-29,Vegetables,Radish Ksa,Raddish,,,,,3.5,,,,,Active
2026-06-29,Vegetables,Mung Bean Sprouts Pkts,Sprouts,,,,,6.5,,,,,Active
2026-06-29,Fruits,Apple Africa,Apples,,1kg,,,,,,,,Market Out
2026-06-29,Fruits,Apple Fuji Jumbo,Apples,,1kg,,,,,,,,Market Out
2026-06-29,Fruits,Apple Gala,Apples,France,1kg,,,,,,,,Market Out
2026-06-29,Fruits,Apple Gala,Apples,Italy,1kg,,,,,,,,Market Out
2026-06-29,Fruits,Apple Gala Chili,Apples,,1kg,,,,,,,,Market Out
2026-06-29,Fruits,Apple Golden,Apples,Italy,1kg,,,,,,,,Market Out
2026-06-29,Fruits,Apple Green,Apples,Spain,1kg,,,,,,,,Market Out
2026-06-29,Fruits,Apple Morgana,Apples,Italy,1kg,,,,,,,,Market Out
2026-06-29,Fruits,Apple Pink Lady,Apples,France,1kg,,,,,,,,Market Out
2026-06-29,Fruits,Apple Red,Apples,South Africa,1kg,,,,,,,,Market Out
2026-06-29,Fruits,Apple Red,Apples,Usa,1kg,,,,,,,,Market Out
2026-06-29,Fruits,Apple Royal Gala,Apples,Italy,1kg,,,,,,,,Market Out
2026-06-29,Fruits,Apple Royal Gala,Apples,France,1kg,,,,,,,,Market Out
2026-06-29,Fruits,Apple Royal Gala,Apples,South Africa,1kg,,,,,,,,Market Out
2026-06-29,Fruits,Apple Royal Gala Portugal,Apples,,1kg,,,,,,,,Market Out
2026-06-29,Fruits,Apple Royal Gala Serbia,Apples,,1kg,,,,,,,,Market Out
2026-06-29,Fruits,Baby Pineapple,Apples,Sri Lanka,1.0pc,,,,,,,,Market Out
2026-06-29,Fruits,Colacasia Bangaladesh,Apples,,1kg,,,,,,,,Market Out
2026-06-29,Fruits,Galanga,Apples,Thailand,100g,,,,,,,,Market Out
2026-06-29,Fruits,Galanga -Carton,Apples,Thailand,,,,,,,,,Market Out
2026-06-29,Fruits,Golden Berry Columbia,Apples,,1.0pkt,,,,,,,,Market Out
2026-06-29,Fruits,Pineapple,Apples,,1kg,,,,,,,,Market Out
2026-06-29,Fruits,Pineapple,Apples,India,1kg,,,,,,,,Market Out
2026-06-29,Fruits,Pineapple ( - ),Apples,India,1.0pc,,,,,,,,Market Out
2026-06-29,Fruits,Pineapple Cuts,Apples,,250g,,,,,,,,Market Out
2026-06-29,Fruits,Pineapple Golden,Apples,Kenya,1kg,,,,,,,,Market Out
2026-06-29,Fruits,Pineapple Peeled,Apples,Thailand,1kg,,,,,,,,Market Out
2026-06-29,Fruits,Rose Apple -Packet,Apples,Thailand,,,,,,,,,Market Out
2026-06-29,Fruits,Apricot,Apricots,Spain,500g,,,,,,,,Market Out
2026-06-29,Fruits,Apricot Syria,Apricots,,1.0pkt,,,,,,,,Market Out
2026-06-29,Fruits,Avocado,Avocado,Uganda,1kg,,,,,,,,Market Out
2026-06-29,Fruits,Avocado,Avocado,Sri Lanka,1kg,,,,,,,,Market Out
2026-06-29,Fruits,Avocado By Air,Avocado,Uganda,1kg,,,,,,,,Market Out
2026-06-29,Fruits,Avocado Hass,Avocado,,2.0pcs,,,,,,,,Market Out
2026-06-29,Fruits,Banana,Banana,Ecuador,1kg,,,,,,,,Market Out
2026-06-29,Fruits,Banana,Banana,Philippines,1kg,,,,,,,,Market Out
2026-06-29,Fruits,Banana -Carton,Banana,Philippines,,,,,,,,,Market Out
2026-06-29,Fruits,Banana Leaf,Banana,India,1.0pc,,,,,,,,Market Out
2026-06-29,Fruits,Banana Leaves,Banana,India,1.0pc,,,,,,,,Market Out
2026-06-29,Fruits,Banana Pindi/Stem,Banana,,500g,,,,,,,,Market Out
2026-06-29,Fruits,Banana Rasakadali,Banana,India,500g,,,,,,,,Market Out
2026-06-29,Fruits,Banana Red Poovan,Banana,India,500g,,,,,,,,Market Out
2026-06-29,Fruits,Banana Yellow,Banana,India,1kg,,,,,,,,Market Out
2026-06-29,Fruits,Kadhali Banana,Banana,India,1kg,,,,,,,,Market Out
2026-06-29,Fruits,Blackberry,Berries,,170g,,,,,,,,Market Out
2026-06-29,Fruits,Blackberry -Packet,Berries,Usa,,,,,,,,,Market Out
2026-06-29,Fruits,Blueberry Packet,Berries,Morocco,500g,,,,,,,,Market Out
2026-06-29,Fruits,Californian Bing Cherry,Berries,,150g,,,,,,,,Market Out
2026-06-29,Fruits,Cherry Syria Plastic,Berries,,1.0pkt,,,,,,,,Market Out
2026-06-29,Fruits,Driscoll'S Blueberries Zimbabwe,Berries,,125g,,,,,,,,Market Out
2026-06-29,Fruits,Driscoll'S Blueberries Zimbabwe,Berries,,200g,,,,,,,,Market Out
2026-06-29,Fruits,Driscoll'S Strawberry,Berries,,454g,,,,,,,,Market Out
2026-06-29,Fruits,Driscolls Strawberry Uk,Berries,,250g,,,,,,,,Market Out
2026-06-29,Fruits,Fresh Cut Strawberry,Berries,,250g,,,,,,,,Market Out
2026-06-29,Fruits,Gold Berry Colombia Packet,Berries,,,,,,,,,,Market Out
2026-06-29,Fruits,Gooseberry (Amla),Berries,India,250g,,,,,,,,Market Out
2026-06-29,Fruits,Mix Berry,Berries,,255g,,,,,,,,Market Out
2026-06-29,Fruits,Physalis Colombia,Berries,,1.0pkt,,,,,,,,Market Out
2026-06-29,Fruits,Physalis Fruit Colombia-Packet,Berries,,,,,,,,,,Market Out
2026-06-29,Fruits,Raspberry -Packet,Berries,Usa,,,,,,,,,Market Out
2026-06-29,Fruits,Raspberry Clamshell,Berries,,170g,,,,,,,,Market Out
2026-06-29,Fruits,Red Currant,Berries,Holland,1.0pkt,,,,,,,,Market Out
2026-06-29,Fruits,Strawberry,Berries,Usa,250g,,,,,,,,Market Out
2026-06-29,Fruits,Strawberry Africa-Packet,Berries,,,,,,,,,,Market Out
2026-06-29,Fruits,Strawberry Big -Packet,Berries,Usa,,,,,,,,,Market Out
2026-06-29,Fruits,Strawberry Big 1 Box,Berries,Morocco,,,,,,,,,Market Out
2026-06-29,Fruits,Strawberry Fruit Cut,Berries,,255g,,,,,,,,Market Out
2026-06-29,Fruits,Strawberry Small -Packet,Berries,Usa,,,,,,,,,Market Out
2026-06-29,Fruits,Chickoo,Chickoo,India,500g,,,,,,,,Market Out
2026-06-29,Fruits,Chikoo -Plate,Chickoo,Thailand,,,,,,,,,Market Out
2026-06-29,Fruits,Fresh Cut Citrus,Citrus Fruits,,250g,,,,,,,,Market Out
2026-06-29,Fruits,Fresh Cut Citrus,Citrus Fruits,,300g,,,,,,,,Market Out
2026-06-29,Fruits,Lemon,Citrus Fruits,India,1kg,,,,,,,,Market Out
2026-06-29,Fruits,Lemon Africa,Citrus Fruits,,1kg,,,,,,,,Market Out
2026-06-29,Fruits,Lemon Big,Citrus Fruits,South Africa,500g,,,,,,,,Market Out
2026-06-29,Fruits,Lemon Tray Pack,Citrus Fruits,,,,,,,,,,Market Out
2026-06-29,Fruits,Lime,Citrus Fruits,Egypt,250g,,,,,,,,Market Out
2026-06-29,Fruits,Lime,Citrus Fruits,India,250g,,,,,,,,Market Out
2026-06-29,Fruits,Lime,Citrus Fruits,Vietnam,1kg,,,,,,,,Market Out
2026-06-29,Fruits,Lime Seedless,Citrus Fruits,Vietnam,250g,,,,,,,,Market Out
2026-06-29,Fruits,Mandarin,Citrus Fruits,Australia,1kg,,,,,,,,Market Out
2026-06-29,Fruits,Mandarin Leanri,Citrus Fruits,South Africa,1kg,,,,,,,,Market Out
2026-06-29,Fruits,Mandarin Murcott,Citrus Fruits,South Africa,1kg,,,,,,,,Market Out
2026-06-29,Fruits,Mandarin Nova,Citrus Fruits,South Africa,1kg,,,,,,,,Market Out
2026-06-29,Fruits,Mandarin Wogan,Citrus Fruits,China,1kg,,,,,,,,Market Out
2026-06-29,Fruits,Orange Caracara,Citrus Fruits,South Africa,1kg,,,,,,,,Market Out
2026-06-29,Fruits,Orange Navel,Citrus Fruits,Egypt,1kg,,,,,,,,Market Out
2026-06-29,Fruits,Orange Navel,Citrus Fruits,China,1kg,,,,,,,,Market Out
2026-06-29,Fruits,Orange Valencia,Citrus Fruits,Egypt,1kg,,,,,,,,Market Out
2026-06-29,Fruits,Peeled Mandarin,Citrus Fruits,,250g,,,,,,,,Market Out
2026-06-29,Fruits,Pomelo,Citrus Fruits,South Africa,800g,,,,,,,,Market Out
2026-06-29,Fruits,Pomelo Africa,Citrus Fruits,,1kg,,,,,,,,Market Out
2026-06-29,Fruits,Coconut,Coconut,India,1.0pc,,,,,,,,Market Out
2026-06-29,Fruits,Coconut Grated,Coconut,India,1.0pc,,,,,,,,Market Out
2026-06-29,Fruits,Coconut Shredded,Coconut,India,1.0pc,,,,,,,,Market Out
2026-06-29,Fruits,Coconut Shredded,Coconut,,3.0pcs,,,,,,,,Market Out
2026-06-29,Fruits,Coconut Whole,Coconut,India,1.0pc,,,,,,,,Market Out
2026-06-29,Fruits,Coconut Young,Coconut,Vietnam,1.0pc,,,,,,,,Market Out
2026-06-29,Fruits,Fresh Cut Coconut,Coconut,,200g,,,,,,,,Market Out
2026-06-29,Fruits,King Coconut,Coconut,,1.0pc,,,,,,,,Market Out
2026-06-29,Fruits,Slice Coconut,Coconut,,1kg,,,,,,,,Market Out
2026-06-29,Fruits,Arabian Ajwa Dates,Fresh Dates,,400g,,,,,,,,Market Out
2026-06-29,Fruits,Arabian Ajwa Dates,Fresh Dates,,800g,,,,,,,,Market Out
2026-06-29,Fruits,Dates Iraq,Fresh Dates,,1kg,,,,,,,,Market Out
2026-06-29,Fruits,Dates Medjoul,Fresh Dates,Jordan,1kg,,,,,,,,Market Out
2026-06-29,Fruits,Datte D’Or Deglet Nour Dates Tunisia,Fresh Dates,,1.0pkt,,,,,,,,Market Out
2026-06-29,Fruits,Khudri Dates,Fresh Dates,,500g,,,,,,,,Market Out
2026-06-29,Fruits,Khudri Dates,Fresh Dates,,1.0pkt,,,,,,,,Market Out
2026-06-29,Fruits,Majdoul Dates,Fresh Dates,,500g,,,,,,,,Market Out
2026-06-29,Fruits,Qdates Ajwa Dates,Fresh Dates,,400g,,,,,,,,Market Out
2026-06-29,Fruits,Qdates Mabroom Dates,Fresh Dates,,400g,,,,,,,,Market Out
2026-06-29,Fruits,Qdates Safawi Dates,Fresh Dates,,400g,,,,,,,,Market Out
2026-06-29,Fruits,Qdates Sufri Dates,Fresh Dates,,400g,,,,,,,,Market Out
2026-06-29,Fruits,Qdates Sufri Dates,Fresh Dates,,800g,,,,,,,,Market Out
2026-06-29,Fruits,Safawi Dates,Fresh Dates,,500g,,,,,,,,Market Out
2026-06-29,Fruits,Sukkari Dates,Fresh Dates,,500g,,,,,,,,Market Out
2026-06-29,Fruits,Fresh Almond Medium,Fresh Nuts,,400g,,,,,,,,Market Out
2026-06-29,Fruits,Grapefruit,Grapes,,1kg,,,,,,,,Market Out
2026-06-29,Fruits,Grapefruit Africa,Grapes,,1kg,,,,,,,,Market Out
2026-06-29,Fruits,Grapes Black,Grapes,Egypt,500g,,,,,,,,Market Out
2026-06-29,Fruits,Grapes Black -,Grapes,India,400g,,,,,,,,Market Out
2026-06-29,Fruits,Grapes Black Punnet,Grapes,Egypt,500g,,,,,,,,Market Out
2026-06-29,Fruits,Grapes Crimson,Grapes,Egypt,500g,,,,,,,,Market Out
2026-06-29,Fruits,Grapes White,Grapes,Egypt,500g,,,,,,,,Market Out
2026-06-29,Fruits,Grapes White,Grapes,Italy,1kg,,,,,,,,Market Out
2026-06-29,Fruits,Grapes White,Grapes,India,1kg,,,,,,,,Market Out
2026-06-29,Fruits,Grapes White -Packet,Grapes,India,,,,,,,,,Market Out
2026-06-29,Fruits,Green Banana,Green Banana,India,500g,,,,,,,,Market Out
2026-06-29,Fruits,Green Banana,Green Banana,Uganda,1kg,,,,,,,,Market Out
2026-06-29,Fruits,Green Banana,Green Banana,India,1kg,,,,,,,,Market Out
2026-06-29,Fruits,Green Mango,Green Mango,India,500g,,,,,,,,Market Out
2026-06-29,Fruits,Jackfruit,Jackfruit,India,1.0pkt,,,,,,,,Market Out
2026-06-29,Fruits,Kiwi Chili,Kiwi,,1kg,,,,,,,,Market Out
2026-06-29,Fruits,Kiwi Gold,Kiwi,South Africa,500g,,,,,,,,Market Out
2026-06-29,Fruits,Kiwi Gold New Zealand,Kiwi,,1kg,,,,,,,,Market Out
2026-06-29,Fruits,Hola Mangosteen,Mangoes,India,500g,,,,,,,,Market Out
2026-06-29,Fruits,Mango Badami Air,Mangoes,India,1kg,,,,,,,,Market Out
2026-06-29,Fruits,Mango Choco Dip,Mangoes,,250g,,,,,,,,Market Out
2026-06-29,Fruits,Mango Ginger,Mangoes,India,200g,,,,,,,,Market Out
2026-06-29,Fruits,Mango Green,Mangoes,India,1kg,,,,,,,,Market Out
2026-06-29,Fruits,Mango Kalbathoor,Mangoes,,1kg,,,,,,,,Market Out
2026-06-29,Fruits,Mango Neelam,Mangoes,,1kg,,,,,,,,Market Out
2026-06-29,Fruits,Mango Sindari,Mangoes,Pakistan,1kg,,,,,,,,Market Out
2026-06-29,Fruits,Mango Sliced,Mangoes,,250g,,,,,,,,Market Out
2026-06-29,Fruits,Mango Yemen,Mangoes,,1kg,,,,,,,,Market Out
2026-06-29,Fruits,Mangosteen,Mangoes,,1.0pkt,,,,,,,,Market Out
2026-06-29,Fruits,Mangosteen,Mangoes,,450g,,,,,,,,Market Out
2026-06-29,Fruits,Mangosteen Packet,Mangoes,Thailand,,,,,,,,,Market Out
2026-06-29,Fruits,Sindhri Mango,Mangoes,,1kg,,,,,,,,Market Out
2026-06-29,Fruits,Honey Dew Melon,Melons,Oman,2kg,,,,,,,,Market Out
2026-06-29,Fruits,Mixed Melon,Melons,,250g,,,,,,,,Market Out
2026-06-29,Fruits,Rock Melon,Melons,Oman,2kg,,,,,,,,Market Out
2026-06-29,Fruits,Rockmelon,Melons,Egypt,1kg,,,,,,,,Market Out
2026-06-29,Fruits,Sliced Rock Melon,Melons,,250g,,,,,,,,Market Out
2026-06-29,Fruits,Sliced Rock Melon,Melons,,300g,,,,,,,,Market Out
2026-06-29,Fruits,Sliced Sweet Melon,Melons,,250g,,,,,,,,Market Out
2026-06-29,Fruits,Sliced Water Melon,Melons,,250g,,,,,,,,Market Out
2026-06-29,Fruits,Sliced Water Melon,Melons,,300g,,,,,,,,Market Out
2026-06-29,Fruits,Sweet Melon,Melons,Egypt,2kg,,,,,,,,Market Out
2026-06-29,Fruits,Sweet Melon,Melons,Oman,1kg,,,,,,,,Market Out
2026-06-29,Fruits,Sweet Melon - Approx.,Melons,Jordan,2200g,,,,,,,,Market Out
2026-06-29,Fruits,Water Melon,Melons,Australia,1kg,,,,,,,,Market Out
2026-06-29,Fruits,Watermelon,Melons,Oman,5kg,,,,,,,,Market Out
2026-06-29,Fruits,Watermelon,Melons,Jordan,3kg,,,,,,,,Market Out
2026-06-29,Fruits,Nectarine,Nectarine,Jordan,500g,,,,,,,,Market Out
2026-06-29,Fruits,Nectarine,Nectarine,Jordan,1kg,,,,,,,,Market Out
2026-06-29,Fruits,Dragon Fruit Red,Other Fruits,,1kg,,,,,,,,Market Out
2026-06-29,Fruits,Exotic Fruit Platter,Other Fruits,,,,,,,,,,Market Out
2026-06-29,Fruits,Fresh Cut Dragon Fruit,Other Fruits,,250g,,,,,,,,Market Out
2026-06-29,Fruits,Fresh Cut Kaka Fruit,Other Fruits,,250g,,,,,,,,Market Out
2026-06-29,Fruits,Jack Fruit -Packet,Other Fruits,Thailand,,,,,,,,,Market Out
2026-06-29,Fruits,Mixed Fruits,Other Fruits,,250g,,,,,,,,Market Out
2026-06-29,Fruits,Mixed Fruits,Other Fruits,,300g,,,,,,,,Market Out
2026-06-29,Fruits,Passionfruit Pte Packet,Other Fruits,Thailand,,,,,,,,,Market Out
2026-06-29,Fruits,Special Fruits Cuts,Other Fruits,,250g,,,,,,,,Market Out
2026-06-29,Fruits,Fresh Papaya Cuts,Papaya,,250g,,,,,,,,Market Out
2026-06-29,Fruits,Green Papaya,Papaya,Sri Lanka,1kg,,,,,,,,Market Out
2026-06-29,Fruits,Green Papaya,Papaya,India,1kg,,,,,,,,Market Out
2026-06-29,Fruits,Lady Papaya,Papaya,Sri Lanka,1kg,,,,,,,,Market Out
2026-06-29,Fruits,Papaya,Papaya,Philippines,700g,,,,,,,,Market Out
2026-06-29,Fruits,Papaya,Papaya,Thailand,1kg,,,,,,,,Market Out
2026-06-29,Fruits,Papaya,Papaya,India,1kg,,,,,,,,Market Out
2026-06-29,Fruits,Papaya -,Papaya,Sri Lanka,900g,,,,,,,,Market Out
2026-06-29,Fruits,Papaya Fruit,Papaya,India,1500g,,,,,,,,Market Out
2026-06-29,Fruits,Peaches,Peaches,Jordan,1.0pkt,,,,,,,,Market Out
2026-06-29,Fruits,Peaches,Peaches,Lebanon,1.0pkt,,,,,,,,Market Out
2026-06-29,Fruits,Peaches,Peaches,Lebanon,1kg,,,,,,,,Market Out
2026-06-29,Fruits,Pear Africa,Pears,,1kg,,,,,,,,Market Out
2026-06-29,Fruits,Pear Rose Africa,Pears,,1kg,,,,,,,,Market Out
2026-06-29,Fruits,Pears Forelle,Pears,South Africa,500g,,,,,,,,Market Out
2026-06-29,Fruits,Pears Small Box,Pears,,1kg,,,,,,,,Market Out
2026-06-29,Fruits,Prickly Pears,Pears,,1kg,,,,,,,,Market Out
2026-06-29,Fruits,Vermonte Beauty Pears,Pears,South Africa,500g,,,,,,,,Market Out
2026-06-29,Fruits,Plums,Plums,,1.0pkt,,,,,,,,Market Out
2026-06-29,Fruits,Plums Black,Plums,South Africa,1kg,,,,,,,,Market Out
2026-06-29,Fruits,Plums Red,Plums,South Africa,500g,,,,,,,,Market Out
2026-06-29,Fruits,Plums Syria,Plums,,1.0pkt,,,,,,,,Market Out
2026-06-29,Fruits,Fresh Pomegranate Seeds,Pomegranates,,250g,,,,,,,,Market Out
2026-06-29,Fruits,Pomegranate,Pomegranates,India,1kg,,,,,,,,Market Out
2026-06-29,Fruits,Pomegranate,Pomegranates,Peru,1kg,,,,,,,,Market Out
2026-06-29,Fruits,Pomegranate (Anar),Pomegranates,South Africa,1kg,,,,,,,,Market Out
2026-06-29,Fruits,Pomegranate Air-Carton,Pomegranates,India,,,,,,,,,Market Out
2026-06-29,Vegetables,Asparagus Plate,Asparagus,Thailand,,,,,,,,,Market Out
2026-06-29,Vegetables,Beetroot,Beetroot,Sri Lanka,500g,,,,,,,,Market Out
2026-06-29,Vegetables,Beetroot,Beetroot,Saudi,500g,,,,,,,,Market Out
2026-06-29,Vegetables,Beetroot,Beetroot,India,1kg,,,,,,,,Market Out
2026-06-29,Vegetables,Beetroot Cooked -Packet,Beetroot,Holland,,,,,,,,,Market Out
2026-06-29,Vegetables,Baby Bok Choy,Cabbage & Broccoli,,400g,,,,,,,,Market Out
2026-06-29,Vegetables,Broccoli,Cabbage & Broccoli,Holland,1kg,,,,,,,,Market Out
2026-06-29,Vegetables,Broccoli,Cabbage & Broccoli,Holland,500g,,,,,,,,Market Out
2026-06-29,Vegetables,Broccoli Imported,Cabbage & Broccoli,,500g,,,,,,,,Market Out
2026-06-29,Vegetables,Cabbage,Cabbage & Broccoli,,2kg,,,,,,,,Market Out
2026-06-29,Vegetables,Cabbage Red,Cabbage & Broccoli,Holland,1kg,,,,,,,,Market Out
2026-06-29,Vegetables,Cabbage White,Cabbage & Broccoli,Oman,1kg,,,,,,,,Market Out
2026-06-29,Vegetables,Cabbage White,Cabbage & Broccoli,Holland,500g,,,,,,,,Market Out
2026-06-29,Vegetables,Cauliflower,Cabbage & Broccoli,Oman,1kg,,,,,,,,Market Out
2026-06-29,Vegetables,Cauliflower,Cabbage & Broccoli,Jordan,1kg,,,,,,,,Market Out
2026-06-29,Vegetables,Cauliflower Violet,Cabbage & Broccoli,Spain,1kg,,,,,,,,Market Out
2026-06-29,Vegetables,Chinese Cabbage,Cabbage & Broccoli,Holland,500g,,,,,,,,Market Out
2026-06-29,Vegetables,Kohlrabi,Cabbage & Broccoli,Holland,250g,,,,,,,,Market Out
2026-06-29,Vegetables,Capsicum,Capsicum,Holland,1kg,,,,,,,,Market Out
2026-06-29,Vegetables,Capsicum,Capsicum,Holland,500g,,,,,,,,Market Out
2026-06-29,Vegetables,Capsicum 4Color (Packet),Capsicum,Holland,,,,,,,,,Market Out
2026-06-29,Vegetables,Capsicum Green,Capsicum,Oman,500g,,,,,,,,Market Out
2026-06-29,Vegetables,Capsicum Green,Capsicum,India,500g,,,,,,,,Market Out
2026-06-29,Vegetables,Capsicum Green,Capsicum,Jordan,1kg,,,,,,,,Market Out
2026-06-29,Vegetables,Capsicum Green,Capsicum,Jordan,500g,,,,,,,,Market Out
2026-06-29,Vegetables,Capsicum Green Arabia,Capsicum,Saudi,500g,,,,,,,,Market Out
2026-06-29,Vegetables,Capsicum Mix Import,Capsicum,Holland,400g,,,,,,,,Market Out
2026-06-29,Vegetables,Capsicum Mix Pkt,Capsicum,Holland,4.0pcs,,,,,,,,Market Out
2026-06-29,Vegetables,Capsicum Orange,Capsicum,Holland,500g,,,,,,,,Market Out
2026-06-29,Vegetables,Capsicum Orange,Capsicum,Holland,1kg,,,,,,,,Market Out
2026-06-29,Vegetables,Capsicum Red,Capsicum,Egypt,500g,,,,,,,,Market Out
2026-06-29,Vegetables,Capsicum Red,Capsicum,Holland,1kg,,,,,,,,Market Out
2026-06-29,Vegetables,Capsicum Yellow,Capsicum,Oman,500g,,,,,,,,Market Out
2026-06-29,Vegetables,Capsicum Yellow,Capsicum,Holland,1kg,,,,,,,,Market Out
2026-06-29,Vegetables,Fresh Capsicum Red,Capsicum,Oman,500g,,,,,,,,Market Out
2026-06-29,Vegetables,Baby Carrots Peeled,Carrots,Usa,340g,,,,,,,,Market Out
2026-06-29,Vegetables,Carrot,Carrots,Australia,1kg,,,,,,,,Market Out
2026-06-29,Vegetables,Carrot White Netherland,Carrots,,1kg,,,,,,,,Market Out
2026-06-29,Vegetables,Carrots,Carrots,Australia,500g,,,,,,,,Market Out
2026-06-29,Vegetables,Chayote,Chayote,India,1kg,,,,,,,,Market Out
2026-06-29,Vegetables,Baby Chilli (Kanthari),Chillies & Spicy,India,1.0pkt,,,,,,,,Market Out
2026-06-29,Vegetables,Chilli,Chillies & Spicy,Uganda,1kg,,,,,,,,Market Out
2026-06-29,Vegetables,Chilly Green,Chillies & Spicy,Oman,250g,,,,,,,,Market Out
2026-06-29,Vegetables,Chilly Green (Packet),Chillies & Spicy,Thailand,,,,,,,,,Market Out
2026-06-29,Vegetables,Chilly Red (Packet),Chillies & Spicy,Thailand,,,,,,,,,Market Out
2026-06-29,Vegetables,Ginger,Chillies & Spicy,China,250g,,,,,,,,Market Out
2026-06-29,Vegetables,Ginger,Chillies & Spicy,China,1kg,,,,,,,,Market Out
2026-06-29,Vegetables,Ginger,Chillies & Spicy,India,1kg,,,,,,,,Market Out
2026-06-29,Vegetables,Ginger,Chillies & Spicy,Uganda,1kg,,,,,,,,Market Out
2026-06-29,Vegetables,Hot Pepper Mix,Chillies & Spicy,Uganda,1kg,,,,,,,,Market Out
2026-06-29,Vegetables,Jalapeno Green,Chillies & Spicy,Holland,1kg,,,,,,,,Market Out
2026-06-29,Vegetables,Jalapeno Red,Chillies & Spicy,Holland,1kg,,,,,,,,Market Out
2026-06-29,Vegetables,Long Chilli,Chillies & Spicy,Oman,250g,,,,,,,,Market Out
2026-06-29,Vegetables,Long Chilli Red,Chillies & Spicy,Morocco,1kg,,,,,,,,Market Out
2026-06-29,Vegetables,Long Chilly,Chillies & Spicy,Jordan,1kg,,,,,,,,Market Out
2026-06-29,Vegetables,Long Chilly Green Big,Chillies & Spicy,Jordan,1kg,,,,,,,,Market Out
2026-06-29,Vegetables,Red Chilli,Chillies & Spicy,Jordan,500g,,,,,,,,Market Out
2026-06-29,Vegetables,Red Chilli Long,Chillies & Spicy,,150g,,,,,,,,Market Out
2026-06-29,Vegetables,Ambrosia Salad,Combo Pack,,250g,,,,,,,,Market Out
2026-06-29,Vegetables,Fresh Fruit Basket,Combo Pack,,,,,,,,,,Market Out
2026-06-29,Vegetables,Fresh Fruits Basket Small,Combo Pack,,,,,,,,,,Market Out
2026-06-29,Vegetables,Fruit Salad,Combo Pack,,250g,,,,,,,,Market Out
2026-06-29,Vegetables,Lulu Fresh And Best Aviyal Mix,Combo Pack,,1kg,,,,,,,,Market Out
2026-06-29,Vegetables,Lulu Sambar Mix,Combo Pack,,1kg,,,,,,,,Market Out
2026-06-29,Vegetables,Mix Fruit Basket-Medium,Combo Pack,,,,,,,,,,Market Out
2026-06-29,Vegetables,Mix Fruit Basket-Small,Combo Pack,,,,,,,,,,Market Out
2026-06-29,Vegetables,Oriental Fruit Salad,Combo Pack,,250g,,,,,,,,Market Out
2026-06-29,Vegetables,Pineapple Coconut Passionfruit Salad,Combo Pack,,250g,,,,,,,,Market Out
2026-06-29,Vegetables,Baby Corn (Packet),Corns & Baby Corn,Thailand,,,,,,,,,Market Out
2026-06-29,Vegetables,Baby Corn + Snow Peas + Sugar Snaps,Corns & Baby Corn,Kenya,1.0pkt,,,,,,,,Market Out
2026-06-29,Vegetables,Courgette Green,Courgettes & Artichoke,Spain,400g,,,,,,,,Market Out
2026-06-29,Vegetables,Marrow (Koosa),Courgettes & Artichoke,Jordan,500g,,,,,,,,Market Out
2026-06-29,Vegetables,Zucchini,Courgettes & Artichoke,Jordan,1kg,,,,,,,,Market Out
2026-06-29,Vegetables,Cucumber,Cucumber,,1kg,,,,,,,,Market Out
2026-06-29,Vegetables,Cucumber,Cucumber,Jordan,500g,,,,,,,,Market Out
2026-06-29,Vegetables,Cucumber Arabia,Cucumber,Saudi,500g,,,,,,,,Market Out
2026-06-29,Vegetables,Cucumber Mazra Doha,Cucumber,,1kg,,,,,,,,Market Out
2026-06-29,Vegetables,Cucumber Premium Doha,Cucumber,,1kg,,,,,,,,Market Out
2026-06-29,Vegetables,Farm Fresh Cucumber,Cucumber,,1kg,,,,,,,,Market Out
2026-06-29,Vegetables,Premium Cucumber,Cucumber,Qatar,1.0pkt,,,,,,,,Market Out
2026-06-29,Vegetables,Vellery 1 Piece,Cucumber,India,,,,,,,,,Market Out
2026-06-29,Vegetables,Yellow Cucumber,Cucumber,India,1kg,,,,,,,,Market Out
2026-06-29,Vegetables,Garlic,Garlic,India,200g,,,,,,,,Market Out
2026-06-29,Vegetables,Garlic,Garlic,China,250g,,,,,,,,Market Out
2026-06-29,Vegetables,Garlic,Garlic,China,1kg,,,,,,,,Market Out
2026-06-29,Vegetables,Garlic,Garlic,India,1kg,,,,,,,,Market Out
2026-06-29,Vegetables,Garlic Big,Garlic,China,1.0pkt,,,,,,,,Market Out
2026-06-29,Vegetables,Garlic Packet Big,Garlic,China,,,,,,,,,Market Out
2026-06-29,Vegetables,Garlic Peeled,Garlic,,500g,,,,,,,,Market Out
2026-06-29,Vegetables,Garlic Peeled,Garlic,,1kg,,,,,,,,Market Out
2026-06-29,Vegetables,Garlic Small,Garlic,China,1.0pkt,,,,,,,,Market Out
2026-06-29,Vegetables,Garlic Small Pkt ( ),Garlic,China,,,,,,,,,Market Out
2026-06-29,Vegetables,Peeled Whole Garlic,Garlic,,250g,,,,,,,,Market Out
2026-06-29,Vegetables,Ash Gourd,Gourds,Oman,1.0pc,,,,,,,,Market Out
2026-06-29,Vegetables,Ash Gourd,Gourds,,1kg,,,,,,,,Market Out
2026-06-29,Vegetables,Ashgourd,Gourds,Oman,1kg,,,,,,,,Market Out
2026-06-29,Vegetables,Bitter Gourd,Gourds,India,1kg,,,,,,,,Market Out
2026-06-29,Vegetables,Ivy Gourd (Kovakka) Indian,Gourds,India,1kg,,,,,,,,Market Out
2026-06-29,Vegetables,Parwal,Gourds,Bangladesh,1kg,,,,,,,,Market Out
2026-06-29,Vegetables,Ridge Gourd,Gourds,India,1kg,,,,,,,,Market Out
2026-06-29,Vegetables,Snake Gourd,Gourds,India,500g,,,,,,,,Market Out
2026-06-29,Vegetables,Snake Gourd,Gourds,India,1kg,,,,,,,,Market Out
2026-06-29,Vegetables,Tindly,Gourds,India,250g,,,,,,,,Market Out
2026-06-29,Vegetables,Celery Stick,Herbs,Spain,1kg,,,,,,,,Market Out
2026-06-29,Vegetables,Coriander (Ksa),Herbs,,,,,,,,,,Market Out
2026-06-29,Vegetables,Coriander Leaves 1 Bunch,Herbs,Saudi,,,,,,,,,Market Out
2026-06-29,Vegetables,Coriander Leaves Arabia,Herbs,Saudi,100g,,,,,,,,Market Out
2026-06-29,Vegetables,Curry Leaves,Herbs,,,,,,,,,,Market Out
2026-06-29,Vegetables,Curry Leaves,Herbs,Uganda,,,,,,,,,Market Out
2026-06-29,Vegetables,Curry Leaves 1 Bunch,Herbs,,,,,,,,,,Market Out
2026-06-29,Vegetables,Dill Leaves Arabia,Herbs,Saudi,200g,,,,,,,,Market Out
2026-06-29,Vegetables,Fennel,Herbs,,,,,,,,,,Market Out
2026-06-29,Vegetables,Fennel,Herbs,Morocco,250g,,,,,,,,Market Out
2026-06-29,Vegetables,Granadilla Fruit Colombia,Herbs,,1kg,,,,,,,,Market Out
2026-06-29,Vegetables,Kalangal,Herbs,Thailand,250g,,,,,,,,Market Out
2026-06-29,Vegetables,Mint Leaves,Herbs,Saudi,100g,,,,,,,,Market Out
2026-06-29,Vegetables,Pandan Leaves,Herbs,,100g,,,,,,,,Market Out
2026-06-29,Vegetables,Parsely (Ksa),Herbs,,,,,,,,,,Market Out
2026-06-29,Vegetables,Parsley Leaves,Herbs,Saudi,100g,,,,,,,,Market Out
2026-06-29,Vegetables,Rosemary,Herbs,Kenya,1.0pc,,,,,,,,Market Out
2026-06-29,Vegetables,Lady Finger,Lady Finger,India,1kg,,,,,,,,Market Out
2026-06-29,Vegetables,Okra,Lady Finger,,500g,,,,,,,,Market Out
2026-06-29,Vegetables,Arugula (Jerjir)Leaves Doha,Leafy Vegetables,,500g,,,,,,,,Market Out
2026-06-29,Vegetables,Arugula (Jerjir)Leaves Doha 1 Bunch,Leafy Vegetables,,,,,,,,,,Market Out
2026-06-29,Vegetables,Baby Rocket -Packet,Leafy Vegetables,Italy,,,,,,,,,Market Out
2026-06-29,Vegetables,Baby Spinach Leaves -Packet,Leafy Vegetables,Italy,,,,,,,,,Market Out
2026-06-29,Vegetables,Cheera Leaves,Leafy Vegetables,Qatar,100g,,,,,,,,Market Out
2026-06-29,Vegetables,Farm Fresh Lettuce Romaine,Leafy Vegetables,,250g,,,,,,,,Market Out
2026-06-29,Vegetables,Fresh Iceberg Lettuce,Leafy Vegetables,Holland,1kg,,,,,,,,Market Out
2026-06-29,Vegetables,Fresh Molokhia Leaves,Leafy Vegetables,Qatar,200g,,,,,,,,Market Out
2026-06-29,Vegetables,Iceberg Lettuce,Leafy Vegetables,Jordan,500g,,,,,,,,Market Out
2026-06-29,Vegetables,Jerjer Leaves Arabia,Leafy Vegetables,Saudi,150g,,,,,,,,Market Out
2026-06-29,Vegetables,Kangkong Doha,Leafy Vegetables,,1.0pc,,,,,,,,Market Out
2026-06-29,Vegetables,Lettuce Ice Berge,Leafy Vegetables,Jordan,1kg,,,,,,,,Market Out
2026-06-29,Vegetables,Lettuce Ice Berge,Leafy Vegetables,Spain,1kg,,,,,,,,Market Out
2026-06-29,Vegetables,Lettuce Iceberg,Leafy Vegetables,Egypt,500g,,,,,,,,Market Out
2026-06-29,Vegetables,Lettuce Iceberg,Leafy Vegetables,Spain,400g,,,,,,,,Market Out
2026-06-29,Vegetables,Lettuce Romaine,Leafy Vegetables,,400g,,,,,,,,Market Out
2026-06-29,Vegetables,Mini Gem Lettuce,Leafy Vegetables,Holland,1.0pkt,,,,,,,,Market Out
2026-06-29,Vegetables,Molokhia Doha,Leafy Vegetables,,,,,,,,,,Market Out
2026-06-29,Vegetables,Mustard Leaves,Leafy Vegetables,Qatar,100g,,,,,,,,Market Out
2026-06-29,Vegetables,Red Spinach Doha 1 Bunch,Leafy Vegetables,,,,,,,,,,Market Out
2026-06-29,Vegetables,Ruwaith Leaves Doha,Leafy Vegetables,,1.0pc,,,,,,,,Market Out
2026-06-29,Vegetables,Spinach Doha 1 Bunch,Leafy Vegetables,,,,,,,,,,Market Out
2026-06-29,Vegetables,Leeks,Leeks/Spring Onions,Holland,1.0pc,,,,,,,,Market Out
2026-06-29,Vegetables,Leeks,Leeks/Spring Onions,Holland,1kg,,,,,,,,Market Out
2026-06-29,Vegetables,Mini Leeks,Leeks/Spring Onions,,1.0pc,,,,,,,,Market Out
2026-06-29,Vegetables,Spring Onion,Leeks/Spring Onions,Saudi,200g,,,,,,,,Market Out
2026-06-29,Vegetables,Agrico Mushroom White Doha Packet,Mushrooms,,,,,,,,,,Market Out
2026-06-29,Vegetables,Mushroom Brown Doha-Packet,Mushrooms,,,,,,,,,,Market Out
2026-06-29,Vegetables,Mushroom Slice,Mushrooms,Qatar,,,,,,,,,Market Out
2026-06-29,Vegetables,Mushroom Slice Doha-Packet,Mushrooms,,,,,,,,,,Market Out
2026-06-29,Vegetables,Safwa Mushroom Oyster,Mushrooms,Qatar,200g,,,,,,,,Market Out
2026-06-29,Vegetables,Onion Big,Onion,India,1kg,,,,,,,,Market Out
2026-06-29,Vegetables,Onion Brown,Onion,,1kg,,,,,,,,Market Out
2026-06-29,Vegetables,Onion Brown,Onion,Spain,1kg,,,,,,,,Market Out
2026-06-29,Vegetables,Onion Brown,Onion,Australia,1kg,,,,,,,,Market Out
2026-06-29,Vegetables,Onion Medium Bag,Onion,India,,,,,,,,,Market Out
2026-06-29,Vegetables,Onion Red Egyptian,Onion,Egypt,1kg,,,,,,,,Market Out
2026-06-29,Vegetables,Onion Small,Onion,India,1kg,,,,,,,,Market Out
2026-06-29,Vegetables,Onion Small Bag,Onion,India,,,,,,,,,Market Out
2026-06-29,Vegetables,Onion Sudan,Onion,,1kg,,,,,,,,Market Out
2026-06-29,Vegetables,Onion White,Onion,Spain,1kg,,,,,,,,Market Out
2026-06-29,Vegetables,Onion White,Onion,Australia,1kg,,,,,,,,Market Out
2026-06-29,Vegetables,Onion Yeman,Onion,,1kg,,,,,,,,Market Out
2026-06-29,Vegetables,Onion Yemen,Onion,,1kg,,,,,,,,Market Out
2026-06-29,Vegetables,Small Onion,Onion,India,250g,,,,,,,,Market Out
2026-06-29,Vegetables,White Onion,Onion,,600g,,,,,,,,Market Out
2026-06-29,Vegetables,Organic Apple Juliet,Organic Vegetables,France,1kg,,,,,,,,Market Out
2026-06-29,Vegetables,Organic Cucumber,Organic Vegetables,,500g,,,,,,,,Market Out
2026-06-29,Vegetables,Organic Cucumber Local,Organic Vegetables,,1kg,,,,,,,,Market Out
2026-06-29,Vegetables,Bagal Leaves,Other Vegetables,,1.0pc,,,,,,,,Market Out
2026-06-29,Vegetables,Chicory,Other Vegetables,Holland,400g,,,,,,,,Market Out
2026-06-29,Vegetables,Chinese Potato (Koorka),Other Vegetables,India,500g,,,,,,,,Market Out
2026-06-29,Vegetables,Drumstick,Other Vegetables,India,200g,,,,,,,,Market Out
2026-06-29,Vegetables,Drumstick,Other Vegetables,India,1kg,,,,,,,,Market Out
2026-06-29,Vegetables,Drumstick Leaves,Other Vegetables,India,1.0pc,,,,,,,,Market Out
2026-06-29,Vegetables,Drumstick Leaves 1 Bunch,Other Vegetables,,,,,,,,,,Market Out
2026-06-29,Vegetables,Durian,Other Vegetables,Sri Lanka,1250g,,,,,,,,Market Out
2026-06-29,Vegetables,Eggplant Mazra Doha,Other Vegetables,,1kg,,,,,,,,Market Out
2026-06-29,Vegetables,Eggplant Pink,Other Vegetables,,500g,,,,,,,,Market Out
2026-06-29,Vegetables,Fig,Other Vegetables,Turkey,1kg,,,,,,,,Market Out
2026-06-29,Vegetables,Fresh Black Tamarind (Kudam Puli/ Brindle Berry/Garcinia Cambogia),Other Vegetables,,250g,,,,,,,,Market Out
2026-06-29,Vegetables,Govar,Other Vegetables,India,1kg,,,,,,,,Market Out
2026-06-29,Vegetables,Guava,Other Vegetables,Sri Lanka,500g,,,,,,,,Market Out
2026-06-29,Vegetables,Guava,Other Vegetables,India,1kg,,,,,,,,Market Out
2026-06-29,Vegetables,Guava -Packet,Other Vegetables,Thailand,,,,,,,,,Market Out
2026-06-29,Vegetables,Guava Red,Other Vegetables,Thailand,1kg,,,,,,,,Market Out
2026-06-29,Vegetables,Guava Red -Packet,Other Vegetables,Thailand,,,,,,,,,Market Out
2026-06-29,Vegetables,Jicama (Singkamas),Other Vegetables,,500g,,,,,,,,Market Out
2026-06-29,Vegetables,Lollo Bioanda,Other Vegetables,Holland,1kg,,,,,,,,Market Out
2026-06-29,Vegetables,Lollo Bionda,Other Vegetables,Holland,200g,,,,,,,,Market Out
2026-06-29,Vegetables,Longan -Packet,Other Vegetables,Thailand,,,,,,,,,Market Out
2026-06-29,Vegetables,Palak Leaves Doha,Other Vegetables,,1.0pc,,,,,,,,Market Out
2026-06-29,Vegetables,Rambutan,Other Vegetables,,450g,,,,,,,,Market Out
2026-06-29,Vegetables,Rambutan -Packet,Other Vegetables,Thailand,,,,,,,,,Market Out
2026-06-29,Vegetables,Raw Peanuts,Other Vegetables,India,250g,,,,,,,,Market Out
2026-06-29,Vegetables,Sugarcane,Other Vegetables,,1kg,,,,,,,,Market Out
2026-06-29,Vegetables,Sweet Tamarind,Other Vegetables,Thailand,450g,,,,,,,,Market Out
2026-06-29,Vegetables,Beans,Peas & Beans,India,1kg,,,,,,,,Market Out
2026-06-29,Vegetables,Beans Fine Bean & Snow Peas Ke,Peas & Beans,,250g,,,,,,,,Market Out
2026-06-29,Vegetables,Cluster Beans,Peas & Beans,India,250g,,,,,,,,Market Out
2026-06-29,Vegetables,Fine Beans,Peas & Beans,,250g,,,,,,,,Market Out
2026-06-29,Vegetables,Fine Beans + Snow Peas,Peas & Beans,Kenya,1.0pkt,,,,,,,,Market Out
2026-06-29,Vegetables,Fine Beans + Sugar Snaps,Peas & Beans,Kenya,1.0pkt,,,,,,,,Market Out
2026-06-29,Vegetables,French Beans,Peas & Beans,India,500g,,,,,,,,Market Out
2026-06-29,Vegetables,Mutter,Peas & Beans,Pakistan,1kg,,,,,,,,Market Out
2026-06-29,Vegetables,Snow Peas,Peas & Beans,Kenya,250g,,,,,,,,Market Out
2026-06-29,Vegetables,Sugar Snaps,Peas & Beans,Kenya,250g,,,,,,,,Market Out
2026-06-29,Vegetables,Sugar Snaps + Snow Peas,Peas & Beans,Kenya,1.0pkt,,,,,,,,Market Out
2026-06-29,Vegetables,Big Aravi,Potatoes & Starchy Vegetables,India,500g,,,,,,,,Market Out
2026-06-29,Vegetables,Big Suran (Yam),Potatoes & Starchy Vegetables,India,1kg,,,,,,,,Market Out
2026-06-29,Vegetables,Gold Fingerling Fresh Potatoes,Potatoes & Starchy Vegetables,Usa,680g,,,,,,,,Market Out
2026-06-29,Vegetables,Honey Gold Potato,Potatoes & Starchy Vegetables,,1.0pkt,,,,,,,,Market Out
2026-06-29,Vegetables,Kachil,Potatoes & Starchy Vegetables,Sri Lanka,250g,,,,,,,,Market Out
2026-06-29,Vegetables,Lothi,Potatoes & Starchy Vegetables,,1kg,,,,,,,,Market Out
2026-06-29,Vegetables,Potato,Potatoes & Starchy Vegetables,Saudi,1kg,,,,,,,,Market Out
2026-06-29,Vegetables,Potato,Potatoes & Starchy Vegetables,Bangladesh,1kg,,,,,,,,Market Out
2026-06-29,Vegetables,Potato,Potatoes & Starchy Vegetables,Pakistan,1kg,,,,,,,,Market Out
2026-06-29,Vegetables,Potato Bag,Potatoes & Starchy Vegetables,Pakistan,,,,,,,,,Market Out
2026-06-29,Vegetables,Potato Ruby Sensation,Potatoes & Starchy Vegetables,,1.0pkt,,,,,,,,Market Out
2026-06-29,Vegetables,Potato Syria,Potatoes & Starchy Vegetables,,1kg,,,,,,,,Market Out
2026-06-29,Vegetables,Purple Yam (Ube),Potatoes & Starchy Vegetables,,500g,,,,,,,,Market Out
2026-06-29,Vegetables,Small Aravi,Potatoes & Starchy Vegetables,India,600g,,,,,,,,Market Out
2026-06-29,Vegetables,Small Red Potato,Potatoes & Starchy Vegetables,,1kg,,,,,,,,Market Out
2026-06-29,Vegetables,Sweet Potato By Air,Potatoes & Starchy Vegetables,Uganda,1kg,,,,,,,,Market Out
2026-06-29,Vegetables,Tapioca,Potatoes & Starchy Vegetables,Sri Lanka,1kg,,,,,,,,Market Out
2026-06-29,Vegetables,Tapioca,Potatoes & Starchy Vegetables,India,1kg,,,,,,,,Market Out
2026-06-29,Vegetables,Tasteful Selections White Delights Bite Size Potatoes,Potatoes & Starchy Vegetables,,680g,,,,,,,,Market Out
2026-06-29,Vegetables,Tomyam Mix,Potatoes & Starchy Vegetables,Thailand,1.0pkt,,,,,,,,Market Out
2026-06-29,Vegetables,Yam,Potatoes & Starchy Vegetables,India,1kg,,,,,,,,Market Out
2026-06-29,Vegetables,Butternut Pumpkin,Pumpkin,,1500g,,,,,,,,Market Out
2026-06-29,Vegetables,Disco Pumpkin,Pumpkin,India,1kg,,,,,,,,Market Out
2026-06-29,Vegetables,Pumpkin,Pumpkin,India,500g,,,,,,,,Market Out
2026-06-29,Vegetables,Pumpkin Medium,Pumpkin,India,,,,,,,,,Market Out
2026-06-29,Vegetables,Red Pumpkin,Pumpkin,,1kg,,,,,,,,Market Out
2026-06-29,Vegetables,Red Pumpkin,Pumpkin,India,1kg,,,,,,,,Market Out
2026-06-29,Vegetables,White Pumpkin,Pumpkin,Qatar,500g,,,,,,,,Market Out
2026-06-29,Vegetables,Radish Red -Packet,Raddish,Holland,,,,,,,,,Market Out
2026-06-29,Vegetables,Red Radish,Raddish,Holland,1kg,,,,,,,,Market Out
2026-06-29,Vegetables,Red Radish,Raddish,Holland,125g,,,,,,,,Market Out
2026-06-29,Vegetables,White Radish,Raddish,China,600g,,,,,,,,Market Out
2026-06-29,Vegetables,Peeled Shallot Packet,Shallots,India,,,,,,,,,Market Out
2026-06-29,Vegetables,Shallots,Shallots,,250g,,,,,,,,Market Out
2026-06-29,Vegetables,Brussel Sprouts,Sprouts,Holland,500g,,,,,,,,Market Out
2026-06-29,Vegetables,Cherry Tomato,Tomato,Holland,250g,,,,,,,,Market Out
2026-06-29,Vegetables,Cherry Tomato -Packet,Tomato,Morocco,,,,,,,,,Market Out
2026-06-29,Vegetables,Cherry Tomato Bucket,Tomato,Morocco,500g,,,,,,,,Market Out
2026-06-29,Vegetables,Cherry Tomato Bucket,Tomato,Holland,500g,,,,,,,,Market Out
2026-06-29,Vegetables,Cherry Tomato Mix Bucket,Tomato,,500g,,,,,,,,Market Out
2026-06-29,Vegetables,Cherry Tomato Orange,Tomato,,1.0pkt,,,,,,,,Market Out
2026-06-29,Vegetables,Tomato,Tomato,Turkey,1kg,,,,,,,,Market Out
2026-06-29,Vegetables,Tomato Bunch,Tomato,,500g,,,,,,,,Market Out
2026-06-29,Vegetables,Tomato Cherry Mix Carnival,Tomato,Holland,,,,,,,,,Market Out
2026-06-29,Vegetables,Tomato Cherry Shaker,Tomato,Morocco,250g,,,,,,,,Market Out
2026-06-29,Vegetables,Tomato Cherry Yellow,Tomato,Holland,250g,,,,,,,,Market Out
2026-06-29,Vegetables,Tomato Sweet Cherry Vine Netherland,Tomato,,,,,,,,,,Market Out
2026-06-29,Vegetables,Tomato Syria,Tomato,,1kg,,,,,,,,Market Out
2026-06-29,Vegetables,Fresh Turmeric,Turmeric,India,200g,,,,,,,,Market Out
2026-06-29,Vegetables,Turmeric,Turmeric,Thailand,1.0pkt,,,,,,,,Market Out
2026-06-29,Vegetables,Turmeric,Turmeric,India,1kg,,,,,,,,Market Out
2026-06-29,Vegetables,Turmeric -Packet,Turmeric,Thailand,,,,,,,,,Market Out
2026-06-28,Fruits,Apple Africa,Apples,,1kg,,10.5,,,10.5,,Rawabi,Active
2026-06-28,Fruits,Apple Fuji Jumbo,Apples,,1kg,9.5,,,9.5,,,Lulu,Active
2026-06-28,Fruits,Apple Gala,Apples,France,1kg,,11.5,,,11.5,,Rawabi,Active
2026-06-28,Fruits,Apple Gala,Apples,Italy,1kg,,9.75,,,9.75,,Rawabi,Active
2026-06-28,Fruits,Apple Gala Chili,Apples,,1kg,,11.5,,,11.5,,Rawabi,Active
2026-06-28,Fruits,Apple Golden,Apples,Italy,1kg,8.5,9.75,,8.5,9.75,,Lulu,Active
2026-06-28,Fruits,Apple Green,Apples,Spain,1kg,12.75,,,12.75,,,Lulu,Active
2026-06-28,Fruits,Apple Morgana,Apples,Italy,1kg,10.75,,,10.75,,,Lulu,Active
2026-06-28,Fruits,Apple Pink Lady,Apples,France,1kg,13.5,,,13.5,,,Lulu,Active
2026-06-28,Fruits,Apple Red,Apples,South Africa,1kg,10.0,,,10.0,,,Lulu,Active
2026-06-28,Fruits,Apple Red,Apples,Usa,1kg,,14.5,,,14.5,,Rawabi,Active
2026-06-28,Fruits,Apple Royal Gala,Apples,Italy,1kg,10.5,,,10.5,,,Lulu,Active
2026-06-28,Fruits,Apple Royal Gala,Apples,France,1kg,11.0,,,11.0,,,Lulu,Active
2026-06-28,Fruits,Apple Royal Gala,Apples,South Africa,1kg,10.0,,,10.0,,,Lulu,Active
2026-06-28,Fruits,Apple Royal Gala Portugal,Apples,,1kg,11.0,,,11.0,,,Lulu,Active
2026-06-28,Fruits,Apple Royal Gala Serbia,Apples,,1kg,11.5,,,11.5,,,Lulu,Active
2026-06-28,Fruits,Baby Pineapple,Apples,Sri Lanka,1.0pc,7.25,,,7250.0,,,Lulu,Active
2026-06-28,Fruits,Colacasia Bangaladesh,Apples,,1kg,,18.0,,,18.0,,Rawabi,Active
2026-06-28,Fruits,Galanga,Apples,Thailand,100g,4.75,,,47.5,,,Lulu,Active
2026-06-28,Fruits,Galanga -Carton,Apples,Thailand,,,22.0,,,,,,Active
2026-06-28,Fruits,Golden Berry Columbia,Apples,,1.0pkt,22.5,,,22500.0,,,Lulu,Active
2026-06-28,Fruits,Pineapple,Apples,,1kg,14.5,,,14.5,,,Lulu,Active
2026-06-28,Fruits,Pineapple,Apples,India,1kg,,18.75,,,18.75,,Rawabi,Active
2026-06-28,Fruits,Pineapple ( - ),Apples,India,1.0pc,27.5,,,27500.0,,,Lulu,Active
2026-06-28,Fruits,Pineapple Cuts,Apples,,250g,15.0,,,60.0,,,Lulu,Active
2026-06-28,Fruits,Pineapple Golden,Apples,Kenya,1kg,,13.75,,,13.75,,Rawabi,Active
2026-06-28,Fruits,Pineapple Peeled,Apples,Thailand,1kg,,44.0,,,44.0,,Rawabi,Active
2026-06-28,Fruits,Rose Apple -Packet,Apples,Thailand,,,30.0,,,,,,Active
2026-06-28,Fruits,Apricot,Apricots,Spain,500g,18.25,,,36.5,,,Lulu,Active
2026-06-28,Fruits,Apricot Syria,Apricots,,1.0pkt,12.5,,,12500.0,,,Lulu,Active
2026-06-28,Fruits,Avocado,Avocado,Uganda,1kg,19.75,,,19.75,,,Lulu,Active
2026-06-28,Fruits,Avocado,Avocado,Sri Lanka,1kg,24.5,,,24.5,,,Lulu,Active
2026-06-28,Fruits,Avocado By Air,Avocado,Uganda,1kg,,19.0,,,19.0,,Rawabi,Active
2026-06-28,Fruits,Avocado Hass,Avocado,,2.0pcs,21.5,,,10750.0,,,Lulu,Active
2026-06-28,Fruits,Banana,Banana,Ecuador,1kg,7.5,7.5,,7.5,7.5,,Lulu,Active
2026-06-28,Fruits,Banana,Banana,Philippines,1kg,,7.5,,,7.5,,Rawabi,Active
2026-06-28,Fruits,Banana -Carton,Banana,Philippines,,,91.0,,,,,,Active
2026-06-28,Fruits,Banana Leaf,Banana,India,1.0pc,1.75,,,1750.0,,,Lulu,Active
2026-06-28,Fruits,Banana Leaves,Banana,India,1.0pc,,1.5,,,1500.0,,Rawabi,Active
2026-06-28,Fruits,Banana Pindi/Stem,Banana,,500g,8.75,,,17.5,,,Lulu,Active
2026-06-28,Fruits,Banana Rasakadali,Banana,India,500g,8.5,,,17.0,,,Lulu,Active
2026-06-28,Fruits,Banana Red Poovan,Banana,India,500g,8.25,,,16.5,,,Lulu,Active
2026-06-28,Fruits,Banana Yellow,Banana,India,1kg,6.75,14.0,,6.75,14.0,,Lulu,Active
2026-06-28,Fruits,Kadhali Banana,Banana,India,1kg,,18.5,,,18.5,,Rawabi,Active
2026-06-28,Fruits,Blackberry,Berries,,170g,23.5,,,138.24,,,Lulu,Active
2026-06-28,Fruits,Blackberry -Packet,Berries,Usa,,,25.5,,,,,,Active
2026-06-28,Fruits,Blueberry Packet,Berries,Morocco,500g,,47.0,,,94.0,,Rawabi,Active
2026-06-28,Fruits,Californian Bing Cherry,Berries,,150g,9.5,,,63.33,,,Lulu,Active
2026-06-28,Fruits,Cherry Syria Plastic,Berries,,1.0pkt,14.75,,,14750.0,,,Lulu,Active
2026-06-28,Fruits,Driscoll'S Blueberries Zimbabwe,Berries,,125g,9.75,,,78.0,,,Lulu,Active
2026-06-28,Fruits,Driscoll'S Blueberries Zimbabwe,Berries,,200g,16.5,,,82.5,,,Lulu,Active
2026-06-28,Fruits,Driscoll'S Strawberry,Berries,,454g,36.5,,,80.4,,,Lulu,Active
2026-06-28,Fruits,Driscolls Strawberry Uk,Berries,,250g,18.75,,,75.0,,,Lulu,Active
2026-06-28,Fruits,Fresh Cut Strawberry,Berries,,250g,20.0,,,80.0,,,Lulu,Active
2026-06-28,Fruits,Gold Berry Colombia Packet,Berries,,,,14.0,,,,,,Active
2026-06-28,Fruits,Gooseberry (Amla),Berries,India,250g,5.75,,,23.0,,,Lulu,Active
2026-06-28,Fruits,Mix Berry,Berries,,255g,42.0,,,164.71,,,Lulu,Active
2026-06-28,Fruits,Physalis Colombia,Berries,,1.0pkt,12.5,,,12500.0,,,Lulu,Active
2026-06-28,Fruits,Physalis Fruit Colombia-Packet,Berries,,,,10.0,,,,,,Active
2026-06-28,Fruits,Raspberry -Packet,Berries,Usa,,,25.5,,,,,,Active
2026-06-28,Fruits,Raspberry Clamshell,Berries,,170g,23.5,,,138.24,,,Lulu,Active
2026-06-28,Fruits,Red Currant,Berries,Holland,1.0pkt,38.5,,,38500.0,,,Lulu,Active
2026-06-28,Fruits,Strawberry,Berries,Usa,250g,23.5,,,94.0,,,Lulu,Active
2026-06-28,Fruits,Strawberry Africa-Packet,Berries,,,,21.0,,,,,,Active
2026-06-28,Fruits,Strawberry Big -Packet,Berries,Usa,,,38.0,,,,,,Active
2026-06-28,Fruits,Strawberry Big 1 Box,Berries,Morocco,,56.5,,,,,,,Active
2026-06-28,Fruits,Strawberry Fruit Cut,Berries,,255g,28.0,,,109.8,,,Lulu,Active
2026-06-28,Fruits,Strawberry Small -Packet,Berries,Usa,,,26.0,,,,,,Active
2026-06-28,Fruits,Chickoo,Chickoo,India,500g,12.5,,,25.0,,,Lulu,Active
2026-06-28,Fruits,Chikoo -Plate,Chickoo,Thailand,,,25.0,,,,,,Active
2026-06-28,Fruits,Fresh Cut Citrus,Citrus Fruits,,250g,4.5,,,18.0,,,Lulu,Active
2026-06-28,Fruits,Fresh Cut Citrus,Citrus Fruits,,300g,4.75,,,15.83,,,Lulu,Active
2026-06-28,Fruits,Lemon,Citrus Fruits,India,1kg,,16.0,,,16.0,,Rawabi,Active
2026-06-28,Fruits,Lemon Africa,Citrus Fruits,,1kg,,9.75,,,9.75,,Rawabi,Active
2026-06-28,Fruits,Lemon Big,Citrus Fruits,South Africa,500g,5.75,,,11.5,,,Lulu,Active
2026-06-28,Fruits,Lemon Tray Pack,Citrus Fruits,,,11.5,,,,,,,Active
2026-06-28,Fruits,Lime,Citrus Fruits,Egypt,250g,2.0,,,8.0,,,Lulu,Active
2026-06-28,Fruits,Lime,Citrus Fruits,India,250g,5.0,,,20.0,,,Lulu,Active
2026-06-28,Fruits,Lime,Citrus Fruits,Vietnam,1kg,,12.0,,,12.0,,Rawabi,Active
2026-06-28,Fruits,Lime Seedless,Citrus Fruits,Vietnam,250g,4.0,,,16.0,,,Lulu,Active
2026-06-28,Fruits,Mandarin,Citrus Fruits,Australia,1kg,,29.0,,,29.0,,Rawabi,Active
2026-06-28,Fruits,Mandarin Leanri,Citrus Fruits,South Africa,1kg,11.75,,,11.75,,,Lulu,Active
2026-06-28,Fruits,Mandarin Murcott,Citrus Fruits,South Africa,1kg,15.75,,,15.75,,,Lulu,Active
2026-06-28,Fruits,Mandarin Nova,Citrus Fruits,South Africa,1kg,12.75,,,12.75,,,Lulu,Active
2026-06-28,Fruits,Mandarin Wogan,Citrus Fruits,China,1kg,10.5,,,10.5,,,Lulu,Active
2026-06-28,Fruits,Orange Caracara,Citrus Fruits,South Africa,1kg,13.75,,,13.75,,,Lulu,Active
2026-06-28,Fruits,Orange Navel,Citrus Fruits,Egypt,1kg,11.5,11.5,,11.5,11.5,,Lulu,Active
2026-06-28,Fruits,Orange Navel,Citrus Fruits,China,1kg,,9.5,,,9.5,,Rawabi,Active
2026-06-28,Fruits,Orange Valencia,Citrus Fruits,Egypt,1kg,5.0,3.5,,5.0,3.5,,Rawabi,Active
2026-06-28,Fruits,Peeled Mandarin,Citrus Fruits,,250g,5.5,,,22.0,,,Lulu,Active
2026-06-28,Fruits,Pomelo,Citrus Fruits,South Africa,800g,12.0,,,15.0,,,Lulu,Active
2026-06-28,Fruits,Pomelo Africa,Citrus Fruits,,1kg,,17.0,,,17.0,,Rawabi,Active
2026-06-28,Fruits,Coconut,Coconut,India,1.0pc,,1.75,,,1750.0,,Rawabi,Active
2026-06-28,Fruits,Coconut Grated,Coconut,India,1.0pc,,3.0,,,3000.0,,Rawabi,Active
2026-06-28,Fruits,Coconut Shredded,Coconut,India,1.0pc,3.25,,,3250.0,,,Lulu,Active
2026-06-28,Fruits,Coconut Shredded,Coconut,,3.0pcs,9.5,,,3166.67,,,Lulu,Active
2026-06-28,Fruits,Coconut Whole,Coconut,India,1.0pc,1.25,,,1250.0,,,Lulu,Active
2026-06-28,Fruits,Coconut Young,Coconut,Vietnam,1.0pc,,16.0,,,16000.0,,Rawabi,Active
2026-06-28,Fruits,Fresh Cut Coconut,Coconut,,200g,8.0,,,40.0,,,Lulu,Active
2026-06-28,Fruits,King Coconut,Coconut,,1.0pc,19.5,,,19500.0,,,Lulu,Active
2026-06-28,Fruits,Slice Coconut,Coconut,,1kg,,20.0,,,20.0,,Rawabi,Active
2026-06-28,Fruits,Arabian Ajwa Dates,Fresh Dates,,400g,24.5,,,61.25,,,Lulu,Active
2026-06-28,Fruits,Arabian Ajwa Dates,Fresh Dates,,800g,41.5,,,51.88,,,Lulu,Active
2026-06-28,Fruits,Dates Iraq,Fresh Dates,,1kg,7.5,,,7.5,,,Lulu,Active
2026-06-28,Fruits,Dates Medjoul,Fresh Dates,Jordan,1kg,31.5,,,31.5,,,Lulu,Active
2026-06-28,Fruits,Datte D’Or Deglet Nour Dates Tunisia,Fresh Dates,,1.0pkt,5.0,,,5000.0,,,Lulu,Active
2026-06-28,Fruits,Khudri Dates,Fresh Dates,,500g,15.75,,,31.5,,,Lulu,Active
2026-06-28,Fruits,Khudri Dates,Fresh Dates,,1.0pkt,24.0,,,24000.0,,,Lulu,Active
2026-06-28,Fruits,Majdoul Dates,Fresh Dates,,500g,16.75,,,33.5,,,Lulu,Active
2026-06-28,Fruits,Qdates Ajwa Dates,Fresh Dates,,400g,24.5,,,61.25,,,Lulu,Active
2026-06-28,Fruits,Qdates Mabroom Dates,Fresh Dates,,400g,24.0,,,60.0,,,Lulu,Active
2026-06-28,Fruits,Qdates Safawi Dates,Fresh Dates,,400g,17.0,,,42.5,,,Lulu,Active
2026-06-28,Fruits,Qdates Sufri Dates,Fresh Dates,,400g,16.0,,,40.0,,,Lulu,Active
2026-06-28,Fruits,Qdates Sufri Dates,Fresh Dates,,800g,32.0,,,40.0,,,Lulu,Active
2026-06-28,Fruits,Safawi Dates,Fresh Dates,,500g,17.5,,,35.0,,,Lulu,Active
2026-06-28,Fruits,Sukkari Dates,Fresh Dates,,500g,16.5,,,33.0,,,Lulu,Active
2026-06-28,Fruits,Fresh Almond Medium,Fresh Nuts,,400g,10.0,,,25.0,,,Lulu,Active
2026-06-28,Fruits,Grapefruit,Grapes,,1kg,7.75,,,7.75,,,Lulu,Active
2026-06-28,Fruits,Grapefruit Africa,Grapes,,1kg,,11.5,,,11.5,,Rawabi,Active
2026-06-28,Fruits,Grapes Black,Grapes,Egypt,500g,8.5,,,17.0,,,Lulu,Active
2026-06-28,Fruits,Grapes Black -,Grapes,India,400g,8.5,,,21.25,,,Lulu,Active
2026-06-28,Fruits,Grapes Black Punnet,Grapes,Egypt,500g,8.25,,,16.5,,,Lulu,Active
2026-06-28,Fruits,Grapes Crimson,Grapes,Egypt,500g,8.5,,,17.0,,,Lulu,Active
2026-06-28,Fruits,Grapes White,Grapes,Egypt,500g,7.5,,,15.0,,,Lulu,Active
2026-06-28,Fruits,Grapes White,Grapes,Italy,1kg,,56.0,,,56.0,,Rawabi,Active
2026-06-28,Fruits,Grapes White,Grapes,India,1kg,,14.5,,,14.5,,Rawabi,Active
2026-06-28,Fruits,Grapes White -Packet,Grapes,India,,,6.0,,,,,,Active
2026-06-28,Fruits,Green Banana,Green Banana,India,500g,6.75,,,13.5,,,Lulu,Active
2026-06-28,Fruits,Green Banana,Green Banana,Uganda,1kg,,18.5,,,18.5,,Rawabi,Active
2026-06-28,Fruits,Green Banana,Green Banana,India,1kg,,11.5,,,11.5,,Rawabi,Active
2026-06-28,Fruits,Green Mango,Green Mango,India,500g,10.0,,,20.0,,,Lulu,Active
2026-06-28,Fruits,Jackfruit,Jackfruit,India,1.0pkt,8.75,,,8750.0,,,Lulu,Active
2026-06-28,Fruits,Kiwi Chili,Kiwi,,1kg,,19.0,,,19.0,,Rawabi,Active
2026-06-28,Fruits,Kiwi Gold,Kiwi,South Africa,500g,16.75,,,33.5,,,Lulu,Active
2026-06-28,Fruits,Kiwi Gold New Zealand,Kiwi,,1kg,,62.0,,,62.0,,Rawabi,Active
2026-06-28,Fruits,Hola Mangosteen,Mangoes,India,500g,17.75,,,35.5,,,Lulu,Active
2026-06-28,Fruits,Mango Badami Air,Mangoes,India,1kg,,12.75,,,12.75,,Rawabi,Active
2026-06-28,Fruits,Mango Choco Dip,Mangoes,,250g,20.0,,,80.0,,,Lulu,Active
2026-06-28,Fruits,Mango Ginger,Mangoes,India,200g,5.0,,,25.0,,,Lulu,Active
2026-06-28,Fruits,Mango Green,Mangoes,India,1kg,,17.75,,,17.75,,Rawabi,Active
2026-06-28,Fruits,Mango Kalbathoor,Mangoes,,1kg,13.75,,,13.75,,,Lulu,Active
2026-06-28,Fruits,Mango Neelam,Mangoes,,1kg,22.75,,,22.75,,,Lulu,Active
2026-06-28,Fruits,Mango Sindari,Mangoes,Pakistan,1kg,,9.75,,,9.75,,Rawabi,Active
2026-06-28,Fruits,Mango Sliced,Mangoes,,250g,11.25,,,45.0,,,Lulu,Active
2026-06-28,Fruits,Mango Yemen,Mangoes,,1kg,13.75,,,13.75,,,Lulu,Active
2026-06-28,Fruits,Mangosteen,Mangoes,,1.0pkt,18.5,,,18500.0,,,Lulu,Active
2026-06-28,Fruits,Mangosteen,Mangoes,,450g,14.5,,,32.22,,,Lulu,Active
2026-06-28,Fruits,Mangosteen Packet,Mangoes,Thailand,,,22.0,,,,,,Active
2026-06-28,Fruits,Sindhri Mango,Mangoes,,1kg,10.0,,,10.0,,,Lulu,Active
2026-06-28,Fruits,Honey Dew Melon,Melons,Oman,2kg,21.0,,,10.5,,,Lulu,Active
2026-06-28,Fruits,Mixed Melon,Melons,,250g,4.25,,,17.0,,,Lulu,Active
2026-06-28,Fruits,Rock Melon,Melons,Oman,2kg,19.5,,,9.75,,,Lulu,Active
2026-06-28,Fruits,Rockmelon,Melons,Egypt,1kg,6.0,,,6.0,,,Lulu,Active
2026-06-28,Fruits,Sliced Rock Melon,Melons,,250g,6.0,,,24.0,,,Lulu,Active
2026-06-28,Fruits,Sliced Rock Melon,Melons,,300g,9.0,,,30.0,,,Lulu,Active
2026-06-28,Fruits,Sliced Sweet Melon,Melons,,250g,6.25,,,25.0,,,Lulu,Active
2026-06-28,Fruits,Sliced Water Melon,Melons,,250g,4.5,,,18.0,,,Lulu,Active
2026-06-28,Fruits,Sliced Water Melon,Melons,,300g,6.0,,,20.0,,,Lulu,Active
2026-06-28,Fruits,Sweet Melon,Melons,Egypt,2kg,11.0,,,5.5,,,Lulu,Active
2026-06-28,Fruits,Sweet Melon,Melons,Oman,1kg,,3.5,,,3.5,,Rawabi,Active
2026-06-28,Fruits,Sweet Melon - Approx.,Melons,Jordan,2200g,8.75,,,3.98,,,Lulu,Active
2026-06-28,Fruits,Water Melon,Melons,Australia,1kg,,33.0,,,33.0,,Rawabi,Active
2026-06-28,Fruits,Watermelon,Melons,Oman,5kg,20.0,,,4.0,,,Lulu,Active
2026-06-28,Fruits,Watermelon,Melons,Jordan,3kg,12.0,,,4.0,,,Lulu,Active
2026-06-28,Fruits,Nectarine,Nectarine,Jordan,500g,9.5,,,19.0,,,Lulu,Active
2026-06-28,Fruits,Nectarine,Nectarine,Jordan,1kg,,16.5,,,16.5,,Rawabi,Active
2026-06-28,Fruits,Dragon Fruit Red,Other Fruits,,1kg,,55.0,,,55.0,,Rawabi,Active
2026-06-28,Fruits,Exotic Fruit Platter,Other Fruits,,,42.0,,,,,,,Active
2026-06-28,Fruits,Fresh Cut Dragon Fruit,Other Fruits,,250g,17.5,,,70.0,,,Lulu,Active
2026-06-28,Fruits,Fresh Cut Kaka Fruit,Other Fruits,,250g,13.75,,,55.0,,,Lulu,Active
2026-06-28,Fruits,Jack Fruit -Packet,Other Fruits,Thailand,,,13.5,,,,,,Active
2026-06-28,Fruits,Mixed Fruits,Other Fruits,,250g,11.0,,,44.0,,,Lulu,Active
2026-06-28,Fruits,Mixed Fruits,Other Fruits,,300g,10.0,,,33.33,,,Lulu,Active
2026-06-28,Fruits,Passionfruit Pte Packet,Other Fruits,Thailand,,,24.0,,,,,,Active
2026-06-28,Fruits,Special Fruits Cuts,Other Fruits,,250g,20.75,,,83.0,,,Lulu,Active
2026-06-28,Fruits,Fresh Papaya Cuts,Papaya,,250g,10.75,,,43.0,,,Lulu,Active
2026-06-28,Fruits,Green Papaya,Papaya,Sri Lanka,1kg,17.5,,,17.5,,,Lulu,Active
2026-06-28,Fruits,Green Papaya,Papaya,India,1kg,,16.5,,,16.5,,Rawabi,Active
2026-06-28,Fruits,Lady Papaya,Papaya,Sri Lanka,1kg,,18.5,,,18.5,,Rawabi,Active
2026-06-28,Fruits,Papaya,Papaya,Philippines,700g,22.75,,,32.5,,,Lulu,Active
2026-06-28,Fruits,Papaya,Papaya,Thailand,1kg,,46.0,,,46.0,,Rawabi,Active
2026-06-28,Fruits,Papaya,Papaya,India,1kg,,16.0,,,16.0,,Rawabi,Active
2026-06-28,Fruits,Papaya -,Papaya,Sri Lanka,900g,17.5,,,19.44,,,Lulu,Active
2026-06-28,Fruits,Papaya Fruit,Papaya,India,1500g,26.25,,,17.5,,,Lulu,Active
2026-06-28,Fruits,Peaches,Peaches,Jordan,1.0pkt,14.75,,,14750.0,,,Lulu,Active
2026-06-28,Fruits,Peaches,Peaches,Lebanon,1.0pkt,16.75,,,16750.0,,,Lulu,Active
2026-06-28,Fruits,Peaches,Peaches,Lebanon,1kg,26.5,,,26.5,,,Lulu,Active
2026-06-28,Fruits,Pear Africa,Pears,,1kg,,10.5,,,10.5,,Rawabi,Active
2026-06-28,Fruits,Pear Rose Africa,Pears,,1kg,,10.5,,,10.5,,Rawabi,Active
2026-06-28,Fruits,Pears Forelle,Pears,South Africa,500g,5.75,,,11.5,,,Lulu,Active
2026-06-28,Fruits,Pears Small Box,Pears,,1kg,12.0,,,12.0,,,Lulu,Active
2026-06-28,Fruits,Prickly Pears,Pears,,1kg,36.5,,,36.5,,,Lulu,Active
2026-06-28,Fruits,Vermonte Beauty Pears,Pears,South Africa,500g,5.5,,,11.0,,,Lulu,Active
2026-06-28,Fruits,Plums,Plums,,1.0pkt,15.0,,,15000.0,,,Lulu,Active
2026-06-28,Fruits,Plums Black,Plums,South Africa,1kg,16.0,,,16.0,,,Lulu,Active
2026-06-28,Fruits,Plums Red,Plums,South Africa,500g,8.0,,,16.0,,,Lulu,Active
2026-06-28,Fruits,Plums Syria,Plums,,1.0pkt,12.5,,,12500.0,,,Lulu,Active
2026-06-28,Fruits,Fresh Pomegranate Seeds,Pomegranates,,250g,15.0,,,60.0,,,Lulu,Active
2026-06-28,Fruits,Pomegranate,Pomegranates,India,1kg,19.5,17.5,,19.5,17.5,,Rawabi,Active
2026-06-28,Fruits,Pomegranate,Pomegranates,Peru,1kg,21.5,,,21.5,,,Lulu,Active
2026-06-28,Fruits,Pomegranate (Anar),Pomegranates,South Africa,1kg,21.5,,,21.5,,,Lulu,Active
2026-06-28,Fruits,Pomegranate Air-Carton,Pomegranates,India,,,33.0,,,,,,Active
2026-06-28,Vegetables,Asparagus Plate,Asparagus,Thailand,,,10.0,,,,,,Active
2026-06-28,Vegetables,Beetroot,Beetroot,Sri Lanka,500g,4.25,,,8.5,,,Lulu,Active
2026-06-28,Vegetables,Beetroot,Beetroot,Saudi,500g,1.5,,,3.0,,,Lulu,Active
2026-06-28,Vegetables,Beetroot,Beetroot,India,1kg,,17.5,,,17.5,,Rawabi,Active
2026-06-28,Vegetables,Beetroot Cooked,Beetroot,,500g,14.5,,22.0,29.0,,44.0,Lulu,Active
2026-06-28,Vegetables,Beetroot Cooked -Packet,Beetroot,Holland,,,15.75,,,,,,Active
2026-06-28,Vegetables,Baby Bok Choy,Cabbage & Broccoli,,400g,14.5,,,36.25,,,Lulu,Active
2026-06-28,Vegetables,Broccoli,Cabbage & Broccoli,Holland,1kg,,42.0,,,42.0,,Rawabi,Active
2026-06-28,Vegetables,Broccoli,Cabbage & Broccoli,Holland,500g,,21.0,,,42.0,,Rawabi,Active
2026-06-28,Vegetables,Broccoli Imported,Cabbage & Broccoli,,500g,13.25,,,26.5,,,Lulu,Active
2026-06-28,Vegetables,Cabbage,Cabbage & Broccoli,,2kg,6.0,,,3.0,,,Lulu,Active
2026-06-28,Vegetables,Cabbage Red,Cabbage & Broccoli,Holland,1kg,28.5,,,28.5,,,Lulu,Active
2026-06-28,Vegetables,Cabbage White,Cabbage & Broccoli,Oman,1kg,3.0,,,3.0,,,Lulu,Active
2026-06-28,Vegetables,Cabbage White,Cabbage & Broccoli,Holland,500g,14.25,,,28.5,,,Lulu,Active
2026-06-28,Vegetables,Cauliflower,Cabbage & Broccoli,Oman,1kg,10.0,,,10.0,,,Lulu,Active
2026-06-28,Vegetables,Cauliflower,Cabbage & Broccoli,Jordan,1kg,,6.75,,,6.75,,Rawabi,Active
2026-06-28,Vegetables,Cauliflower Violet,Cabbage & Broccoli,Spain,1kg,,44.0,,,44.0,,Rawabi,Active
2026-06-28,Vegetables,Chinese Cabbage,Cabbage & Broccoli,Holland,500g,21.25,,,42.5,,,Lulu,Active
2026-06-28,Vegetables,Kohi,Cabbage & Broccoli,Bangladesh,,,,17.0,,,,,Active
2026-06-28,Vegetables,Kohlrabi,Cabbage & Broccoli,Holland,250g,11.75,,,47.0,,,Lulu,Active
2026-06-28,Vegetables,Capsicum,Capsicum,Holland,1kg,,41.0,,,41.0,,Rawabi,Active
2026-06-28,Vegetables,Capsicum,Capsicum,Holland,500g,,20.5,,,41.0,,Rawabi,Active
2026-06-28,Vegetables,Capsicum 4Color (Packet),Capsicum,Holland,,,19.0,,,,,,Active
2026-06-28,Vegetables,Capsicum Green,Capsicum,Oman,500g,2.75,,,5.5,,,Lulu,Active
2026-06-28,Vegetables,Capsicum Green,Capsicum,India,500g,9.5,,,19.0,,,Lulu,Active
2026-06-28,Vegetables,Capsicum Green,Capsicum,Jordan,1kg,,8.0,,,8.0,,Rawabi,Active
2026-06-28,Vegetables,Capsicum Green,Capsicum,Jordan,500g,,4.0,,,8.0,,Rawabi,Active
2026-06-28,Vegetables,Capsicum Green Arabia,Capsicum,Saudi,500g,3.0,,,6.0,,,Lulu,Active
2026-06-28,Vegetables,Capsicum Mix Import,Capsicum,Holland,400g,23.5,,,58.75,,,Lulu,Active
2026-06-28,Vegetables,Capsicum Mix Pkt,Capsicum,Holland,4.0pcs,,,29.0,,,7250.0,Family,Active
2026-06-28,Vegetables,Capsicum Orange,Capsicum,Holland,500g,22.25,,,44.5,,,Lulu,Active
2026-06-28,Vegetables,Capsicum Orange,Capsicum,Holland,1kg,,42.0,,,42.0,,Rawabi,Active
2026-06-28,Vegetables,Capsicum Red,Capsicum,Egypt,500g,6.5,,,13.0,,,Lulu,Active
2026-06-28,Vegetables,Capsicum Red,Capsicum,Holland,1kg,,44.0,,,44.0,,Rawabi,Active
2026-06-28,Vegetables,Capsicum Yellow,Capsicum,Oman,500g,6.25,,,12.5,,,Lulu,Active
2026-06-28,Vegetables,Capsicum Yellow,Capsicum,Holland,1kg,,44.0,,,44.0,,Rawabi,Active
2026-06-28,Vegetables,Fresh Capsicum Red,Capsicum,Oman,500g,6.25,,,12.5,,,Lulu,Active
2026-06-28,Vegetables,Baby Carrots Peeled,Carrots,Usa,340g,8.75,,,25.74,,,Lulu,Active
2026-06-28,Vegetables,Carrot,Carrots,Australia,1kg,,9.5,,,9.5,,Rawabi,Active
2026-06-28,Vegetables,Carrot White Netherland,Carrots,,1kg,,32.0,,,32.0,,Rawabi,Active
2026-06-28,Vegetables,Carrots,Carrots,Australia,500g,4.0,,,8.0,,,Lulu,Active
2026-06-28,Vegetables,Chayote,Chayote,India,1kg,17.75,15.5,,17.75,15.5,,Rawabi,Active
2026-06-28,Vegetables,Baby Chilli (Kanthari),Chillies & Spicy,India,1.0pkt,8.5,,,8500.0,,,Lulu,Active
2026-06-28,Vegetables,Chilli,Chillies & Spicy,Uganda,1kg,,19.75,,,19.75,,Rawabi,Active
2026-06-28,Vegetables,Chilly Green,Chillies & Spicy,Oman,250g,2.5,,,10.0,,,Lulu,Active
2026-06-28,Vegetables,Chilly Green (Packet),Chillies & Spicy,Thailand,,,6.5,,,,,,Active
2026-06-28,Vegetables,Chilly Red,Chillies & Spicy,Holland,,,,15.0,,,,,Active
2026-06-28,Vegetables,Chilly Red (Packet),Chillies & Spicy,Thailand,,,7.0,,,,,,Active
2026-06-28,Vegetables,Ginger,Chillies & Spicy,China,250g,2.0,,,8.0,,,Lulu,Active
2026-06-28,Vegetables,Ginger,Chillies & Spicy,China,1kg,,8.0,,,8.0,,Rawabi,Active
2026-06-28,Vegetables,Ginger,Chillies & Spicy,India,1kg,,19.75,,,19.75,,Rawabi,Active
2026-06-28,Vegetables,Ginger,Chillies & Spicy,Uganda,1kg,,24.5,,,24.5,,Rawabi,Active
2026-06-28,Vegetables,Hot Pepper Mix,Chillies & Spicy,Uganda,1kg,,38.0,,,38.0,,Rawabi,Active
2026-06-28,Vegetables,Jalapeno Green,Chillies & Spicy,Holland,1kg,,70.0,,,70.0,,Rawabi,Active
2026-06-28,Vegetables,Jalapeno Red,Chillies & Spicy,Holland,1kg,,65.0,,,65.0,,Rawabi,Active
2026-06-28,Vegetables,Long Chilli,Chillies & Spicy,Oman,250g,2.5,,,10.0,,,Lulu,Active
2026-06-28,Vegetables,Long Chilli Red,Chillies & Spicy,Morocco,1kg,,20.0,,,20.0,,Rawabi,Active
2026-06-28,Vegetables,Long Chilly,Chillies & Spicy,Jordan,1kg,,10.5,,,10.5,,Rawabi,Active
2026-06-28,Vegetables,Long Chilly Green Big,Chillies & Spicy,Jordan,1kg,,5.0,,,5.0,,Rawabi,Active
2026-06-28,Vegetables,Mixed Chilli Red & Green Pkt,Chillies & Spicy,,,,,8.0,,,,,Active
2026-06-28,Vegetables,Red Chilli,Chillies & Spicy,Jordan,500g,9.0,,,18.0,,,Lulu,Active
2026-06-28,Vegetables,Red Chilli Long,Chillies & Spicy,,150g,2.0,,,13.33,,,Lulu,Active
2026-06-28,Vegetables,Ambrosia Salad,Combo Pack,,250g,8.5,,,34.0,,,Lulu,Active
2026-06-28,Vegetables,Fresh Fruit Basket,Combo Pack,,,,150.0,,,,,,Active
2026-06-28,Vegetables,Fresh Fruits Basket Small,Combo Pack,,,,130.0,,,,,,Active
2026-06-28,Vegetables,Fruit Salad,Combo Pack,,250g,5.5,,,22.0,,,Lulu,Active
2026-06-28,Vegetables,Lulu Fresh And Best Aviyal Mix,Combo Pack,,1kg,17.75,,,17.75,,,Lulu,Active
2026-06-28,Vegetables,Lulu Sambar Mix,Combo Pack,,1kg,17.75,,,17.75,,,Lulu,Active
2026-06-28,Vegetables,Mix Fruit Basket-Medium,Combo Pack,,,,250.0,,,,,,Active
2026-06-28,Vegetables,Mix Fruit Basket-Small,Combo Pack,,,,180.0,,,,,,Active
2026-06-28,Vegetables,Oriental Fruit Salad,Combo Pack,,250g,8.75,,,35.0,,,Lulu,Active
2026-06-28,Vegetables,Pineapple Coconut Passionfruit Salad,Combo Pack,,250g,9.0,,,36.0,,,Lulu,Active
2026-06-28,Vegetables,Sambar Mixed Vegetable,Combo Pack,,,,,10.0,,,,,Active
2026-06-28,Vegetables,Baby Corn (Packet),Corns & Baby Corn,Thailand,,,7.0,,,,,,Active
2026-06-28,Vegetables,Baby Corn + Snow Peas + Sugar Snaps,Corns & Baby Corn,Kenya,1.0pkt,12.5,,,12500.0,,,Lulu,Active
2026-06-28,Vegetables,Courgette Green,Courgettes & Artichoke,Spain,400g,17.0,,,42.5,,,Lulu,Active
2026-06-28,Vegetables,Marrow (Koosa),Courgettes & Artichoke,Jordan,500g,2.75,,,5.5,,,Lulu,Active
2026-06-28,Vegetables,Zucchini,Courgettes & Artichoke,Jordan,1kg,,5.5,,,5.5,,Rawabi,Active
2026-06-28,Vegetables,Cucumber,Cucumber,,1kg,7.5,,,7.5,,,Lulu,Active
2026-06-28,Vegetables,Cucumber,Cucumber,Jordan,500g,1.75,,,3.5,,,Lulu,Active
2026-06-28,Vegetables,Cucumber Arabia,Cucumber,Saudi,500g,2.0,,,4.0,,,Lulu,Active
2026-06-28,Vegetables,Cucumber Mazra Doha,Cucumber,,1kg,,7.5,,,7.5,,Rawabi,Active
2026-06-28,Vegetables,Cucumber Premium Doha,Cucumber,,1kg,,7.5,,,7.5,,Rawabi,Active
2026-06-28,Vegetables,Farm Fresh Cucumber,Cucumber,,1kg,7.5,,,7.5,,,Lulu,Active
2026-06-28,Vegetables,Premium Cucumber,Cucumber,Qatar,1.0pkt,7.5,,,7500.0,,,Lulu,Active
2026-06-28,Vegetables,Vellery 1 Piece,Cucumber,India,,17.0,,,,,,,Active
2026-06-28,Vegetables,Yellow Cucumber,Cucumber,India,1kg,,18.5,,,18.5,,Rawabi,Active
2026-06-28,Vegetables,Garlic,Garlic,India,200g,4.0,,,20.0,,,Lulu,Active
2026-06-28,Vegetables,Garlic,Garlic,China,250g,2.0,,,8.0,,,Lulu,Active
2026-06-28,Vegetables,Garlic,Garlic,China,1kg,,8.0,,,8.0,,Rawabi,Active
2026-06-28,Vegetables,Garlic,Garlic,India,1kg,,24.75,,,24.75,,Rawabi,Active
2026-06-28,Vegetables,Garlic Big,Garlic,China,1.0pkt,9.5,,,9500.0,,,Lulu,Active
2026-06-28,Vegetables,Garlic Packet Big,Garlic,China,,,8.0,,,,,,Active
2026-06-28,Vegetables,Garlic Peeled,Garlic,,500g,17.75,,,35.5,,,Lulu,Active
2026-06-28,Vegetables,Garlic Peeled,Garlic,,1kg,,24.0,,,24.0,,Rawabi,Active
2026-06-28,Vegetables,Garlic Small,Garlic,China,1.0pkt,5.0,,,5000.0,,,Lulu,Active
2026-06-28,Vegetables,Garlic Small Pkt ( ),Garlic,China,,,5.0,,,,,,Active
2026-06-28,Vegetables,Peeled Whole Garlic,Garlic,,250g,9.0,,,36.0,,,Lulu,Active
2026-06-28,Vegetables,Ash Gourd,Gourds,Oman,1.0pc,9.5,,,9500.0,,,Lulu,Active
2026-06-28,Vegetables,Ash Gourd,Gourds,,1kg,17.5,,,17.5,,,Lulu,Active
2026-06-28,Vegetables,Ashgourd,Gourds,Oman,1kg,,7.5,,,7.5,,Rawabi,Active
2026-06-28,Vegetables,Bitter Gourd,Gourds,India,1kg,,15.5,,,15.5,,Rawabi,Active
2026-06-28,Vegetables,Ivy Gourd (Kovakka) Indian,Gourds,India,1kg,,15.5,,,15.5,,Rawabi,Active
2026-06-28,Vegetables,Parwal,Gourds,Bangladesh,1kg,,17.0,,,17.0,,Rawabi,Active
2026-06-28,Vegetables,Ridge Gourd,Gourds,India,1kg,,18.75,,,18.75,,Rawabi,Active
2026-06-28,Vegetables,Snake Gourd,Gourds,India,500g,9.5,,,19.0,,,Lulu,Active
2026-06-28,Vegetables,Snake Gourd,Gourds,India,1kg,,19.5,,,19.5,,Rawabi,Active
2026-06-28,Vegetables,Tindly,Gourds,India,250g,4.5,,,18.0,,,Lulu,Active
2026-06-28,Vegetables,Celery,Herbs,Spain,,,,17.5,,,,,Active
2026-06-28,Vegetables,Celery Stick,Herbs,Spain,1kg,,32.0,,,32.0,,Rawabi,Active
2026-06-28,Vegetables,Coriander (Ksa),Herbs,,,,,3.0,,,,,Active
2026-06-28,Vegetables,Coriander Leaves 1 Bunch,Herbs,Saudi,,,12.0,,,,,,Active
2026-06-28,Vegetables,Coriander Leaves Arabia,Herbs,Saudi,100g,1.25,,,12.5,,,Lulu,Active
2026-06-28,Vegetables,Curry Leaves,Herbs,,,,4.0,,,,,,Active
2026-06-28,Vegetables,Curry Leaves,Herbs,Uganda,,,38.0,,,,,,Active
2026-06-28,Vegetables,Curry Leaves 1 Bunch,Herbs,,,3.75,,,,,,,Active
2026-06-28,Vegetables,Dill Leaves Arabia,Herbs,Saudi,200g,2.25,,,11.25,,,Lulu,Active
2026-06-28,Vegetables,Fennel,Herbs,,,,,20.0,,,,,Active
2026-06-28,Vegetables,Fennel,Herbs,Morocco,250g,13.25,,,53.0,,,Lulu,Active
2026-06-28,Vegetables,Granadilla Fruit Colombia,Herbs,,1kg,,88.0,,,88.0,,Rawabi,Active
2026-06-28,Vegetables,Kalangal,Herbs,Thailand,250g,11.5,,,46.0,,,Lulu,Active
2026-06-28,Vegetables,Mint Leaves,Herbs,Saudi,100g,1.5,,,15.0,,,Lulu,Active
2026-06-28,Vegetables,Pandan Leaves,Herbs,,100g,4.25,,,42.5,,,Lulu,Active
2026-06-28,Vegetables,Parsely (Ksa),Herbs,,,,,9.0,,,,,Active
2026-06-28,Vegetables,Parsley Leaves,Herbs,Saudi,100g,1.0,,,10.0,,,Lulu,Active
2026-06-28,Vegetables,Rosemary,Herbs,Kenya,1.0pc,,10.0,,,10000.0,,Rawabi,Active
2026-06-28,Vegetables,Lady Finger,Lady Finger,India,1kg,,16.75,,,16.75,,Rawabi,Active
2026-06-28,Vegetables,Okra,Lady Finger,,500g,9.5,,,19.0,,,Lulu,Active
2026-06-28,Vegetables,Arugula (Jerjir)Leaves Doha,Leafy Vegetables,,500g,,3.75,,,7.5,,Rawabi,Active
2026-06-28,Vegetables,Arugula (Jerjir)Leaves Doha 1 Bunch,Leafy Vegetables,,,,7.5,,,,,,Active
2026-06-28,Vegetables,Baby Rocket -Packet,Leafy Vegetables,Italy,,,10.5,,,,,,Active
2026-06-28,Vegetables,Baby Spinach Leaves -Packet,Leafy Vegetables,Italy,,,9.0,,,,,,Active
2026-06-28,Vegetables,Cheera Leaves,Leafy Vegetables,Qatar,100g,0.5,,,5.0,,,Lulu,Active
2026-06-28,Vegetables,Farm Fresh Lettuce Romaine,Leafy Vegetables,,250g,2.25,,,9.0,,,Lulu,Active
2026-06-28,Vegetables,Fresh Iceberg Lettuce,Leafy Vegetables,Holland,1kg,42.5,,,42.5,,,Lulu,Active
2026-06-28,Vegetables,Fresh Molokhia Leaves,Leafy Vegetables,Qatar,200g,0.75,,,3.75,,,Lulu,Active
2026-06-28,Vegetables,Iceberg Lettuce,Leafy Vegetables,Jordan,500g,2.75,,,5.5,,,Lulu,Active
2026-06-28,Vegetables,Jerjer Leaves Arabia,Leafy Vegetables,Saudi,150g,1.75,,,11.67,,,Lulu,Active
2026-06-28,Vegetables,Kangkong Doha,Leafy Vegetables,,1.0pc,,7.0,,,7000.0,,Rawabi,Active
2026-06-28,Vegetables,Lettuce,Leafy Vegetables,Oman,500g,4.5,,,9.0,,,Lulu,Active
2026-06-28,Vegetables,Lettuce,Leafy Vegetables,Oman,1kg,,9.75,,,9.75,,Rawabi,Active
2026-06-28,Vegetables,Lettuce,Leafy Vegetables,Lebanon,,,,8.75,,,,,Active
2026-06-28,Vegetables,Lettuce Ice Berge,Leafy Vegetables,Jordan,1kg,,10.0,,,10.0,,Rawabi,Active
2026-06-28,Vegetables,Lettuce Ice Berge,Leafy Vegetables,Spain,1kg,,38.0,,,38.0,,Rawabi,Active
2026-06-28,Vegetables,Lettuce Iceberg,Leafy Vegetables,Egypt,500g,2.25,,,4.5,,,Lulu,Active
2026-06-28,Vegetables,Lettuce Iceberg,Leafy Vegetables,Spain,400g,17.0,,,42.5,,,Lulu,Active
2026-06-28,Vegetables,Lettuce Romaine,Leafy Vegetables,,400g,4.0,,,10.0,,,Lulu,Active
2026-06-28,Vegetables,Mini Gem Lettuce,Leafy Vegetables,Holland,1.0pkt,36.5,,,36500.0,,,Lulu,Active
2026-06-28,Vegetables,Molokhia Doha,Leafy Vegetables,,,,5.5,,,,,,Active
2026-06-28,Vegetables,Mustard Leaves,Leafy Vegetables,Qatar,100g,0.75,,,7.5,,,Lulu,Active
2026-06-28,Vegetables,Red Spinach Doha 1 Bunch,Leafy Vegetables,,,,7.0,,,,,,Active
2026-06-28,Vegetables,Ruwaith Leaves Doha,Leafy Vegetables,,1.0pc,,6.5,,,6500.0,,Rawabi,Active
2026-06-28,Vegetables,Spinach Doha 1 Bunch,Leafy Vegetables,,,,5.5,,,,,,Active
2026-06-28,Vegetables,Leeks,Leeks/Spring Onions,Holland,1.0pc,14.75,,,14750.0,,,Lulu,Active
2026-06-28,Vegetables,Leeks,Leeks/Spring Onions,Holland,1kg,,35.0,,,35.0,,Rawabi,Active
2026-06-28,Vegetables,Mini Leeks,Leeks/Spring Onions,,1.0pc,26.5,,,26500.0,,,Lulu,Active
2026-06-28,Vegetables,Spring Onion,Leeks/Spring Onions,Saudi,200g,1.75,,,8.75,,,Lulu,Active
2026-06-28,Vegetables,Agrico Mushroom White Bottom,Mushrooms,Qatar,250g,,,7.0,,,28.0,Family,Active
2026-06-28,Vegetables,Agrico Mushroom White Doha Packet,Mushrooms,,,,7.0,,,,,,Active
2026-06-28,Vegetables,Mushroom Brown Doha-Packet,Mushrooms,,,,8.5,,,,,,Active
2026-06-28,Vegetables,Mushroom Slice,Mushrooms,Qatar,,,,8.5,,,,,Active
2026-06-28,Vegetables,Mushroom Slice Doha-Packet,Mushrooms,,,,8.5,,,,,,Active
2026-06-28,Vegetables,Safwa Mushroom Oyster,Mushrooms,Qatar,200g,8.5,,,42.5,,,Lulu,Active
2026-06-28,Vegetables,Onion Big,Onion,India,1kg,,4.0,,,4.0,,Rawabi,Active
2026-06-28,Vegetables,Onion Brown,Onion,,1kg,9.75,,,9.75,,,Lulu,Active
2026-06-28,Vegetables,Onion Brown,Onion,Spain,1kg,11.75,,,11.75,,,Lulu,Active
2026-06-28,Vegetables,Onion Brown,Onion,Australia,1kg,,8.0,,,8.0,,Rawabi,Active
2026-06-28,Vegetables,Onion Medium Bag,Onion,India,,,18.0,,,,,,Active
2026-06-28,Vegetables,Onion Red Egyptian,Onion,Egypt,1kg,1.75,,,1.75,,,Lulu,Active
2026-06-28,Vegetables,Onion Small,Onion,India,1kg,,16.5,,,16.5,,Rawabi,Active
2026-06-28,Vegetables,Onion Small Bag,Onion,India,,,13.5,,,,,,Active
2026-06-28,Vegetables,Onion Sudan,Onion,,1kg,4.25,,,4.25,,,Lulu,Active
2026-06-28,Vegetables,Onion White,Onion,Spain,1kg,11.75,,,11.75,,,Lulu,Active
2026-06-28,Vegetables,Onion White,Onion,Australia,1kg,,8.5,,,8.5,,Rawabi,Active
2026-06-28,Vegetables,Onion Yeman,Onion,,1kg,,4.5,,,4.5,,Rawabi,Active
2026-06-28,Vegetables,Onion Yemen,Onion,,1kg,4.0,,,4.0,,,Lulu,Active
2026-06-28,Vegetables,Small Onion,Onion,India,250g,4.75,,,19.0,,,Lulu,Active
2026-06-28,Vegetables,White Onion,Onion,,600g,6.5,,,10.83,,,Lulu,Active
2026-06-28,Vegetables,Organic Apple Juliet,Organic Vegetables,France,1kg,12.75,,,12.75,,,Lulu,Active
2026-06-28,Vegetables,Organic Cucumber,Organic Vegetables,,500g,9.5,,,19.0,,,Lulu,Active
2026-06-28,Vegetables,Organic Cucumber Local,Organic Vegetables,,1kg,19.0,,,19.0,,,Lulu,Active
2026-06-28,Vegetables,Bagal Leaves,Other Vegetables,,1.0pc,,9.0,,,9000.0,,Rawabi,Active
2026-06-28,Vegetables,Chicory,Other Vegetables,Holland,400g,18.75,,,46.88,,,Lulu,Active
2026-06-28,Vegetables,Chinese Potato (Koorka),Other Vegetables,India,500g,8.5,,,17.0,,,Lulu,Active
2026-06-28,Vegetables,Drumstick,Other Vegetables,India,200g,4.0,,,20.0,,,Lulu,Active
2026-06-28,Vegetables,Drumstick,Other Vegetables,India,1kg,,17.75,,,17.75,,Rawabi,Active
2026-06-28,Vegetables,Drumstick Leaves,Other Vegetables,India,1.0pc,,6.0,,,6000.0,,Rawabi,Active
2026-06-28,Vegetables,Drumstick Leaves 1 Bunch,Other Vegetables,,,5.75,,,,,,,Active
2026-06-28,Vegetables,Durian,Other Vegetables,Sri Lanka,1250g,29.5,,,23.6,,,Lulu,Active
2026-06-28,Vegetables,Eggplant,Other Vegetables,Holland,,,,28.0,,,,,Active
2026-06-28,Vegetables,Eggplant Mazra Doha,Other Vegetables,,1kg,,6.0,,,6.0,,Rawabi,Active
2026-06-28,Vegetables,Eggplant Pink,Other Vegetables,,500g,8.5,,,17.0,,,Lulu,Active
2026-06-28,Vegetables,Eggplant Purple,Other Vegetables,Qatar,,,,8.5,,,,,Active
2026-06-28,Vegetables,Fig,Other Vegetables,Turkey,1kg,,46.0,,,46.0,,Rawabi,Active
2026-06-28,Vegetables,Fresh Black Tamarind (Kudam Puli/ Brindle Berry/Garcinia Cambogia),Other Vegetables,,250g,7.0,,,28.0,,,Lulu,Active
2026-06-28,Vegetables,Govar,Other Vegetables,India,1kg,,16.75,,,16.75,,Rawabi,Active
2026-06-28,Vegetables,Guava,Other Vegetables,Sri Lanka,500g,11.25,,,22.5,,,Lulu,Active
2026-06-28,Vegetables,Guava,Other Vegetables,India,1kg,,22.0,,,22.0,,Rawabi,Active
2026-06-28,Vegetables,Guava -Packet,Other Vegetables,Thailand,,,32.0,,,,,,Active
2026-06-28,Vegetables,Guava Red,Other Vegetables,Thailand,1kg,,42.0,,,42.0,,Rawabi,Active
2026-06-28,Vegetables,Guava Red -Packet,Other Vegetables,Thailand,,,34.0,,,,,,Active
2026-06-28,Vegetables,Jicama (Singkamas),Other Vegetables,,500g,21.25,,,42.5,,,Lulu,Active
2026-06-28,Vegetables,Lollo Bioanda,Other Vegetables,Holland,1kg,,60.0,,,60.0,,Rawabi,Active
2026-06-28,Vegetables,Lollo Bionda,Other Vegetables,Holland,200g,14.5,,,72.5,,,Lulu,Active
2026-06-28,Vegetables,Longan -Packet,Other Vegetables,Thailand,,,24.0,,,,,,Active
2026-06-28,Vegetables,Palak Leaves Doha,Other Vegetables,,1.0pc,,5.0,,,5000.0,,Rawabi,Active
2026-06-28,Vegetables,Rambutan,Other Vegetables,,450g,14.75,,,32.78,,,Lulu,Active
2026-06-28,Vegetables,Rambutan -Packet,Other Vegetables,Thailand,,,22.0,,,,,,Active
2026-06-28,Vegetables,Raw Peanuts,Other Vegetables,India,250g,4.25,,,17.0,,,Lulu,Active
2026-06-28,Vegetables,Sugarcane,Other Vegetables,,1kg,21.5,,,21.5,,,Lulu,Active
2026-06-28,Vegetables,Sweet Tamarind,Other Vegetables,Thailand,450g,26.5,,,58.89,,,Lulu,Active
2026-06-28,Vegetables,Beans,Peas & Beans,India,1kg,,19.75,,,19.75,,Rawabi,Active
2026-06-28,Vegetables,Beans Fine Bean & Snow Peas Ke,Peas & Beans,,250g,,14.0,,,56.0,,Rawabi,Active
2026-06-28,Vegetables,Cluster Beans,Peas & Beans,India,250g,4.75,,,19.0,,,Lulu,Active
2026-06-28,Vegetables,Fine Beans,Peas & Beans,,250g,7.5,,,30.0,,,Lulu,Active
2026-06-28,Vegetables,Fine Beans + Snow Peas,Peas & Beans,Kenya,1.0pkt,12.5,,,12500.0,,,Lulu,Active
2026-06-28,Vegetables,Fine Beans + Sugar Snaps,Peas & Beans,Kenya,1.0pkt,12.5,,,12500.0,,,Lulu,Active
2026-06-28,Vegetables,French Beans,Peas & Beans,India,500g,11.25,,,22.5,,,Lulu,Active
2026-06-28,Vegetables,Mutter,Peas & Beans,Pakistan,1kg,,27.0,,,27.0,,Rawabi,Active
2026-06-28,Vegetables,Snow Peas,Peas & Beans,Kenya,250g,9.0,,,36.0,,,Lulu,Active
2026-06-28,Vegetables,Sugar Snaps,Peas & Beans,Kenya,250g,9.0,,,36.0,,,Lulu,Active
2026-06-28,Vegetables,Sugar Snaps + Snow Peas,Peas & Beans,Kenya,1.0pkt,12.5,,,12500.0,,,Lulu,Active
2026-06-28,Vegetables,Big Aravi,Potatoes & Starchy Vegetables,India,500g,8.5,,,17.0,,,Lulu,Active
2026-06-28,Vegetables,Big Suran (Yam),Potatoes & Starchy Vegetables,India,1kg,12.5,,,12.5,,,Lulu,Active
2026-06-28,Vegetables,Gold Fingerling Fresh Potatoes,Potatoes & Starchy Vegetables,Usa,680g,24.75,,,36.4,,,Lulu,Active
2026-06-28,Vegetables,Honey Gold Potato,Potatoes & Starchy Vegetables,,1.0pkt,32.5,,,32500.0,,,Lulu,Active
2026-06-28,Vegetables,Kachil,Potatoes & Starchy Vegetables,Sri Lanka,250g,5.75,,,23.0,,,Lulu,Active
2026-06-28,Vegetables,Lothi,Potatoes & Starchy Vegetables,,1kg,,16.0,,,16.0,,Rawabi,Active
2026-06-28,Vegetables,Potato,Potatoes & Starchy Vegetables,Saudi,1kg,3.0,,,3.0,,,Lulu,Active
2026-06-28,Vegetables,Potato,Potatoes & Starchy Vegetables,Bangladesh,1kg,,16.0,,,16.0,,Rawabi,Active
2026-06-28,Vegetables,Potato,Potatoes & Starchy Vegetables,Pakistan,1kg,,3.0,,,3.0,,Rawabi,Active
2026-06-28,Vegetables,Potato Bag,Potatoes & Starchy Vegetables,Pakistan,,,7.0,,,,,,Active
2026-06-28,Vegetables,Potato Ruby Sensation,Potatoes & Starchy Vegetables,,1.0pkt,32.5,,,32500.0,,,Lulu,Active
2026-06-28,Vegetables,Potato Syria,Potatoes & Starchy Vegetables,,1kg,,3.0,,,3.0,,Rawabi,Active
2026-06-28,Vegetables,Purple Yam (Ube),Potatoes & Starchy Vegetables,,500g,23.5,,,47.0,,,Lulu,Active
2026-06-28,Vegetables,Small Aravi,Potatoes & Starchy Vegetables,India,600g,4.5,,,7.5,,,Lulu,Active
2026-06-28,Vegetables,Small Red Potato,Potatoes & Starchy Vegetables,,1kg,24.5,,,24.5,,,Lulu,Active
2026-06-28,Vegetables,Sweet Potato,Potatoes & Starchy Vegetables,India,,,,8.75,,,,,Active
2026-06-28,Vegetables,Sweet Potato,Potatoes & Starchy Vegetables,Bangladesh,,,,17.0,,,,,Active
2026-06-28,Vegetables,Sweet Potato,Potatoes & Starchy Vegetables,Usa,,,,17.0,,,,,Active
2026-06-28,Vegetables,Sweet Potato,Potatoes & Starchy Vegetables,Australia,1kg,,38.0,,,38.0,,Rawabi,Active
2026-06-28,Vegetables,Sweet Potato,Potatoes & Starchy Vegetables,Egypt,1kg,,6.0,,,6.0,,Rawabi,Active
2026-06-28,Vegetables,Sweet Potato By Air,Potatoes & Starchy Vegetables,Uganda,1kg,,18.5,,,18.5,,Rawabi,Active
2026-06-28,Vegetables,Tapioca,Potatoes & Starchy Vegetables,Sri Lanka,1kg,16.5,,,16.5,,,Lulu,Active
2026-06-28,Vegetables,Tapioca,Potatoes & Starchy Vegetables,India,1kg,16.5,16.75,,16.5,16.75,,Lulu,Active
2026-06-28,Vegetables,Taro Root,Potatoes & Starchy Vegetables,,,,,53.0,,,,,Active
2026-06-28,Vegetables,Tasteful Selections White Delights Bite Size Potatoes,Potatoes & Starchy Vegetables,,680g,32.5,,,47.79,,,Lulu,Active
2026-06-28,Vegetables,Tomyam Mix,Potatoes & Starchy Vegetables,Thailand,1.0pkt,16.75,,,16750.0,,,Lulu,Active
2026-06-28,Vegetables,Yam,Potatoes & Starchy Vegetables,India,1kg,,6.5,,,6.5,,Rawabi,Active
2026-06-28,Vegetables,Butternut Pumpkin,Pumpkin,,1500g,14.25,,,9.5,,,Lulu,Active
2026-06-28,Vegetables,Disco Pumpkin,Pumpkin,India,1kg,,15.5,,,15.5,,Rawabi,Active
2026-06-28,Vegetables,Pumpkin,Pumpkin,India,500g,8.25,,,16.5,,,Lulu,Active
2026-06-28,Vegetables,Pumpkin Mathan Green,Pumpkin,India,,,,17.5,,,,,Active
2026-06-28,Vegetables,Pumpkin Medium,Pumpkin,India,,,,8.75,,,,,Active
2026-06-28,Vegetables,Red Pumpkin,Pumpkin,,1kg,4.0,,,4.0,,,Lulu,Active
2026-06-28,Vegetables,Red Pumpkin,Pumpkin,India,1kg,17.5,,,17.5,,,Lulu,Active
2026-06-28,Vegetables,White Pumpkin,Pumpkin,Qatar,500g,3.5,,,7.0,,,Lulu,Active
2026-06-28,Vegetables,Radish Red -Packet,Raddish,Holland,,,5.5,,,,,,Active
2026-06-28,Vegetables,Red Radish,Raddish,Holland,1kg,39.5,33.5,32.0,39.5,33.5,32.0,Family,Active
2026-06-28,Vegetables,Red Radish,Raddish,Holland,125g,7.5,,,60.0,,,Lulu,Active
2026-06-28,Vegetables,White Radish,Raddish,China,600g,5.75,,,9.58,,,Lulu,Active
2026-06-28,Vegetables,Peeled Shallot Packet,Shallots,India,,,7.0,,,,,,Active
2026-06-28,Vegetables,Shallots,Shallots,,250g,12.5,,,50.0,,,Lulu,Active
2026-06-28,Vegetables,Brussel Sprouts,Sprouts,Holland,500g,26.5,,,53.0,,,Lulu,Active
2026-06-28,Vegetables,Mung Bean Sprouts Pkts,Sprouts,,,,,6.5,,,,,Active
2026-06-28,Vegetables,Cherry Tomato,Tomato,Holland,250g,14.5,,,58.0,,,Lulu,Active
2026-06-28,Vegetables,Cherry Tomato -Packet,Tomato,Morocco,,,10.0,,,,,,Active
2026-06-28,Vegetables,Cherry Tomato Bucket,Tomato,Morocco,500g,17.5,,,35.0,,,Lulu,Active
2026-06-28,Vegetables,Cherry Tomato Bucket,Tomato,Holland,500g,39.0,,,78.0,,,Lulu,Active
2026-06-28,Vegetables,Cherry Tomato Mix Bucket,Tomato,,500g,36.5,,,73.0,,,Lulu,Active
2026-06-28,Vegetables,Cherry Tomato Orange,Tomato,,1.0pkt,24.5,,,24500.0,,,Lulu,Active
2026-06-28,Vegetables,Tomato,Tomato,Turkey,1kg,5.25,,,5.25,,,Lulu,Active
2026-06-28,Vegetables,Tomato Bunch,Tomato,,500g,6.75,,,13.5,,,Lulu,Active
2026-06-28,Vegetables,Tomato Cherry Mix Carnival,Tomato,Holland,,,18.0,,,,,,Active
2026-06-28,Vegetables,Tomato Cherry Shaker,Tomato,Morocco,250g,8.75,,,35.0,,,Lulu,Active
2026-06-28,Vegetables,Tomato Cherry Yellow,Tomato,Holland,250g,26.5,,,106.0,,,Lulu,Active
2026-06-28,Vegetables,Tomato Sweet Cherry Vine Netherland,Tomato,,,,68.0,,,,,,Active
2026-06-28,Vegetables,Tomato Syria,Tomato,,1kg,3.5,,,3.5,,,Lulu,Active
2026-06-28,Vegetables,Fresh Turmeric,Turmeric,India,200g,5.5,,,27.5,,,Lulu,Active
2026-06-28,Vegetables,Turmeric,Turmeric,Thailand,1.0pkt,11.5,,,11500.0,,,Lulu,Active
2026-06-28,Vegetables,Turmeric,Turmeric,India,1kg,,18.5,,,18.5,,Rawabi,Active
2026-06-28,Vegetables,Turmeric -Packet,Turmeric,Thailand,,,6.5,,,,,,Active
2026-06-28,Fruits,Fresh Coconut (By Air),Coconut,India,,,,,,,,,Market Out
2026-06-28,Vegetables,Baby Corn,Corns & Baby Corn,Thailand,125g,,,,,,,,Market Out
2026-06-28,Vegetables,Fruit'O Snack Boiled Sweet Corn Cob,Corns & Baby Corn,,270g,,,,,,,,Market Out
2026-06-28,Vegetables,Lemon Grass,Herbs,,,,,,,,,,Market Out
2026-06-28,Vegetables,Lettuce Lollo Rossa,Leafy Vegetables,,,,,,,,,,Market Out
2026-06-28,Vegetables,Red Chard Mix,Leafy Vegetables,Italy,125g,,,,,,,,Market Out
2026-06-28,Vegetables,Tomato Tommys Pkt ( ),Tomato,Spain,500g,,,,,,,,Market Out
2026-06-27,Fruits,Fresh Coconut (By Air),Coconut,India,,,,7.0,,,,,Active
2026-06-27,Vegetables,Beetroot Cooked,Beetroot,,500g,,,22.0,,,44.0,Family,Active
2026-06-27,Vegetables,Kohi,Cabbage & Broccoli,Bangladesh,,,,17.0,,,,,Active
2026-06-27,Vegetables,Capsicum Mix Pkt,Capsicum,Holland,4.0pcs,,,29.0,,,7250.0,Family,Active
2026-06-27,Vegetables,Sambar Mixed Vegetable,Combo Pack,,,,,10.0,,,,,Active
2026-06-27,Vegetables,Baby Corn,Corns & Baby Corn,Thailand,125g,,,8.0,,,64.0,Family,Active
2026-06-27,Vegetables,Fruit'O Snack Boiled Sweet Corn Cob,Corns & Baby Corn,,270g,,,6.0,,,22.22,Family,Active
2026-06-27,Vegetables,Celery,Herbs,Spain,,,,17.5,,,,,Active
2026-06-27,Vegetables,Lemon Grass,Herbs,,,,,5.5,,,,,Active
2026-06-27,Vegetables,Lettuce Lollo Rossa,Leafy Vegetables,,,,,16.25,,,,,Active
2026-06-27,Vegetables,Red Chard Mix,Leafy Vegetables,Italy,125g,,,10.0,,,80.0,Family,Active
2026-06-27,Vegetables,Agrico Mushroom White Bottom,Mushrooms,Qatar,250g,,,7.0,,,28.0,Family,Active
2026-06-27,Vegetables,Eggplant,Other Vegetables,Holland,,,,28.0,,,,,Active
2026-06-27,Vegetables,Eggplant Purple,Other Vegetables,Qatar,,,,8.5,,,,,Active
2026-06-27,Vegetables,Sweet Potato,Potatoes & Starchy Vegetables,India,,,,8.75,,,,,Active
2026-06-27,Vegetables,Sweet Potato,Potatoes & Starchy Vegetables,Usa,,,,17.0,,,,,Active
2026-06-27,Vegetables,Taro Root,Potatoes & Starchy Vegetables,,,,,53.0,,,,,Active
2026-06-27,Vegetables,Pumpkin Mathan Green,Pumpkin,India,,,,13.75,,,,,Active
2026-06-27,Vegetables,Mung Bean Sprouts Pkts,Sprouts,,,,,6.5,,,,,Active
2026-06-27,Vegetables,Tomato Tommys Pkt ( ),Tomato,Spain,500g,,,44.0,,,88.0,Family,Active
2026-06-27,Vegetables,Chilly Red,Chillies & Spicy,Holland,,,,,,,,,Market Out
2026-06-27,Vegetables,Sweet Corn,Corns & Baby Corn,Jordan,,,,,,,,,Market Out
2026-06-27,Vegetables,Baby Spinach,Leafy Vegetables,Italy,125g,,,,,,,,Market Out
2026-06-27,Vegetables,Peas Mangetout/Snow/Podded Peas,Peas & Beans,,250g,,,,,,,,Market Out
2026-06-27,Vegetables,Radish Ksa,Raddish,,,,,,,,,,Market Out
2026-06-26,Vegetables,Beetroot Cooked,Beetroot,,500g,,,22.0,,,44.0,Family,Active
2026-06-26,Vegetables,Kohi,Cabbage & Broccoli,Bangladesh,,,,17.0,,,,,Active
2026-06-26,Vegetables,Chilly Red,Chillies & Spicy,Holland,,,,15.0,,,,,Active
2026-06-26,Vegetables,Sambar Mixed Vegetable,Combo Pack,,,,,10.0,,,,,Active
2026-06-26,Vegetables,Baby Corn,Corns & Baby Corn,Thailand,125g,,,8.0,,,64.0,Family,Active
2026-06-26,Vegetables,Fruit'O Snack Boiled Sweet Corn Cob,Corns & Baby Corn,,270g,,,6.0,,,22.22,Family,Active
2026-06-26,Vegetables,Sweet Corn,Corns & Baby Corn,Jordan,,,,8.5,,,,,Active
2026-06-26,Vegetables,Celery,Herbs,Spain,,,,17.5,,,,,Active
2026-06-26,Vegetables,Baby Spinach,Leafy Vegetables,Italy,125g,,,14.0,,,112.0,Family,Active
2026-06-26,Vegetables,Red Chard Mix,Leafy Vegetables,Italy,125g,,,10.0,,,80.0,Family,Active
2026-06-26,Vegetables,Agrico Mushroom White Bottom,Mushrooms,Qatar,250g,,,7.0,,,28.0,Family,Active
2026-06-26,Vegetables,Eggplant,Other Vegetables,Holland,,,,28.0,,,,,Active
2026-06-26,Vegetables,Eggplant Purple,Other Vegetables,Qatar,,,,8.5,,,,,Active
2026-06-26,Vegetables,Peas Mangetout/Snow/Podded Peas,Peas & Beans,,250g,,,14.0,,,56.0,Family,Active
2026-06-26,Vegetables,Sweet Potato,Potatoes & Starchy Vegetables,India,,,,8.75,,,,,Active
2026-06-26,Vegetables,Sweet Potato,Potatoes & Starchy Vegetables,Bangladesh,,,,17.0,,,,,Active
2026-06-26,Vegetables,Taro Root,Potatoes & Starchy Vegetables,,,,,53.0,,,,,Active
2026-06-26,Vegetables,Pumpkin Mathan Green,Pumpkin,India,,,,13.75,,,,,Active
2026-06-26,Vegetables,Radish Ksa,Raddish,,,,,3.5,,,,,Active
2026-06-26,Vegetables,Tomato Tommys Pkt ( ),Tomato,Spain,500g,,,44.0,,,88.0,Family,Active
2026-06-26,Vegetables,Capsicum Mix Pkt,Capsicum,Holland,4.0pcs,,,,,,,,Market Out
2026-06-26,Vegetables,Garlic,Garlic,India,,,,,,,,,Market Out
2026-06-26,Vegetables,Lemon Grass,Herbs,,,,,,,,,,Market Out
2026-06-26,Vegetables,Lettuce Lollo Rossa,Leafy Vegetables,,,,,,,,,,Market Out
2026-06-26,Vegetables,Aravi Big,Potatoes & Starchy Vegetables,India,,,,,,,,,Market Out
2026-06-26,Vegetables,Arigni Green Gram Sprouts,Sprouts,,200g,,,,,,,,Market Out
2026-06-25,Vegetables,Beetroot Cooked,Beetroot,,500g,,,22.0,,,44.0,Family,Active
2026-06-25,Vegetables,Kohi,Cabbage & Broccoli,Bangladesh,,,,17.0,,,,,Active
2026-06-25,Vegetables,Capsicum Mix Pkt,Capsicum,Holland,4.0pcs,,,29.0,,,7250.0,Family,Active
2026-06-25,Vegetables,Chilly Red,Chillies & Spicy,Holland,,,,15.0,,,,,Active
2026-06-25,Vegetables,Sweet Corn,Corns & Baby Corn,Jordan,,,,8.5,,,,,Active
2026-06-25,Vegetables,Garlic,Garlic,India,,,,12.25,,,,,Active
2026-06-25,Vegetables,Celery,Herbs,Spain,,,,19.0,,,,,Active
2026-06-25,Vegetables,Lemon Grass,Herbs,,,,,5.5,,,,,Active
2026-06-25,Vegetables,Lettuce Lollo Rossa,Leafy Vegetables,,,,,18.75,,,,,Active
2026-06-25,Vegetables,Agrico Mushroom White Bottom,Mushrooms,Qatar,250g,,,7.0,,,28.0,Family,Active
2026-06-25,Vegetables,Eggplant,Other Vegetables,Holland,,,,28.0,,,,,Active
2026-06-25,Vegetables,Eggplant Purple,Other Vegetables,Qatar,,,,8.5,,,,,Active
2026-06-25,Vegetables,Peas Mangetout/Snow/Podded Peas,Peas & Beans,,250g,,,14.0,,,56.0,Family,Active
2026-06-25,Vegetables,Aravi Big,Potatoes & Starchy Vegetables,India,,,,8.0,,,,,Active
2026-06-25,Vegetables,Sweet Potato,Potatoes & Starchy Vegetables,India,,,,8.75,,,,,Active
2026-06-25,Vegetables,Sweet Potato,Potatoes & Starchy Vegetables,Bangladesh,,,,17.0,,,,,Active
2026-06-25,Vegetables,Taro Root,Potatoes & Starchy Vegetables,,,,,53.0,,,,,Active
2026-06-25,Vegetables,Pumpkin Mathan Green,Pumpkin,India,,,,13.75,,,,,Active
2026-06-25,Vegetables,Radish Ksa,Raddish,,,,,3.5,,,,,Active
2026-06-25,Vegetables,Arigni Green Gram Sprouts,Sprouts,,200g,,,5.75,,,28.75,Family,Active
2026-06-25,Vegetables,Baby Corn,Corns & Baby Corn,Thailand,125g,,,,,,,,Market Out
2026-06-25,Vegetables,Lettuce Gem Tray,Leafy Vegetables,Spain,,,,,,,,,Market Out
2026-06-25,Vegetables,Mushroom Slice,Mushrooms,Qatar,,,,,,,,,Market Out
2026-06-25,Vegetables,Mushrooms Portobello,Mushrooms,,,,,,,,,,Market Out
2026-06-25,Vegetables,Brinjal Multicolour Doha,Other Vegetables,,,,,,,,,,Market Out
2026-06-25,Vegetables,Potatoes White Chat Small,Potatoes & Starchy Vegetables,Australia,,,,,,,,,Market Out
2026-06-25,Vegetables,Red Radish,Raddish,Holland,1kg,,,,,,,,Market Out
2026-06-24,Vegetables,Kohi,Cabbage & Broccoli,Bangladesh,,,,17.0,,,,,Active
2026-06-24,Vegetables,Baby Corn,Corns & Baby Corn,Thailand,125g,,,8.0,,,64.0,Family,Active
2026-06-24,Vegetables,Sweet Corn,Corns & Baby Corn,Jordan,,,,8.5,,,,,Active
2026-06-24,Vegetables,Celery,Herbs,Spain,,,,19.0,,,,,Active
2026-06-24,Vegetables,Lettuce Gem Tray,Leafy Vegetables,Spain,,,,15.0,,,,,Active
2026-06-24,Vegetables,Agrico Mushroom White Bottom,Mushrooms,Qatar,250g,,,7.0,,,28.0,Family,Active
2026-06-24,Vegetables,Mushroom Slice,Mushrooms,Qatar,,,,8.5,,,,,Active
2026-06-24,Vegetables,Mushrooms Portobello,Mushrooms,,,,,19.5,,,,,Active
2026-06-24,Vegetables,Brinjal Multicolour Doha,Other Vegetables,,,,,8.5,,,,,Active
2026-06-24,Vegetables,Eggplant,Other Vegetables,Holland,,,,28.0,,,,,Active
2026-06-24,Vegetables,Eggplant Purple,Other Vegetables,Qatar,,,,8.5,,,,,Active
2026-06-24,Vegetables,Peas Mangetout/Snow/Podded Peas,Peas & Beans,,250g,,,14.0,,,56.0,Family,Active
2026-06-24,Vegetables,Potatoes White Chat Small,Potatoes & Starchy Vegetables,Australia,,,,27.0,,,,,Active
2026-06-24,Vegetables,Sweet Potato,Potatoes & Starchy Vegetables,India,,,,8.75,,,,,Active
2026-06-24,Vegetables,Taro Root,Potatoes & Starchy Vegetables,,,,,53.0,,,,,Active
2026-06-24,Vegetables,Pumpkin Mathan Green,Pumpkin,India,,,,13.75,,,,,Active
2026-06-24,Vegetables,Radish Ksa,Raddish,,,,,3.5,,,,,Active
2026-06-24,Vegetables,Red Radish,Raddish,Holland,1kg,,,32.0,,,32.0,Family,Active
2026-06-24,Vegetables,Arigni Green Gram Sprouts,Sprouts,,200g,,,5.75,,,28.75,Family,Active
2026-06-24,Fruits,Mushroom Chestnut -,Fresh Nuts,Holland,,,,,,,,,Market Out
2026-06-24,Vegetables,Beetroot Cooked,Beetroot,,500g,,,,,,,,Market Out
2026-06-24,Vegetables,Red Chard Mix,Leafy Vegetables,Italy,125g,,,,,,,,Market Out
2026-06-24,Vegetables,Leeks,Leeks/Spring Onions,Holland,,,,,,,,,Market Out
2026-06-24,Vegetables,Shimenji White Mushroom,Mushrooms,,150g,,,,,,,,Market Out
2026-06-24,Vegetables,Bagal,Other Vegetables,,,,,,,,,,Market Out
2026-06-24,Vegetables,Mung Bean Sprouts Pkts,Sprouts,,,,,,,,,,Market Out
2026-06-23,Fruits,Mushroom Chestnut -,Fresh Nuts,Holland,,,,15.5,,,,,Active
2026-06-23,Vegetables,Beetroot Cooked,Beetroot,,500g,,,22.0,,,44.0,Family,Active
2026-06-23,Vegetables,Kohi,Cabbage & Broccoli,Bangladesh,,,,17.0,,,,,Active
2026-06-23,Vegetables,Sweet Corn,Corns & Baby Corn,Jordan,,,,8.5,,,,,Active
2026-06-23,Vegetables,Celery,Herbs,Spain,,,,19.0,,,,,Active
2026-06-23,Vegetables,Red Chard Mix,Leafy Vegetables,Italy,125g,,,10.0,,,80.0,Family,Active
2026-06-23,Vegetables,Leeks,Leeks/Spring Onions,Holland,,,,9.5,,,,,Active
2026-06-23,Vegetables,Agrico Mushroom White Bottom,Mushrooms,Qatar,250g,,,7.0,,,28.0,Family,Active
2026-06-23,Vegetables,Mushrooms Portobello,Mushrooms,,,,,19.5,,,,,Active
2026-06-23,Vegetables,Shimenji White Mushroom,Mushrooms,,150g,,,12.0,,,80.0,Family,Active
2026-06-23,Vegetables,Bagal,Other Vegetables,,,,,5.0,,,,,Active
2026-06-23,Vegetables,Eggplant,Other Vegetables,Holland,,,,28.0,,,,,Active
2026-06-23,Vegetables,Eggplant Purple,Other Vegetables,Qatar,,,,8.5,,,,,Active
2026-06-23,Vegetables,Peas Mangetout/Snow/Podded Peas,Peas & Beans,,250g,,,14.0,,,56.0,Family,Active
2026-06-23,Vegetables,Sweet Potato,Potatoes & Starchy Vegetables,India,,,,8.75,,,,,Active
2026-06-23,Vegetables,Sweet Potato,Potatoes & Starchy Vegetables,Bangladesh,,,,17.0,,,,,Active
2026-06-23,Vegetables,Taro Root,Potatoes & Starchy Vegetables,,,,,53.0,,,,,Active
2026-06-23,Vegetables,Pumpkin Mathan Green,Pumpkin,India,,,,13.75,,,,,Active
2026-06-23,Vegetables,Radish Ksa,Raddish,,,,,3.5,,,,,Active
2026-06-23,Vegetables,Mung Bean Sprouts Pkts,Sprouts,,,,,6.5,,,,,Active
2026-06-23,Vegetables,Ash Gourd(Kumbalam),Gourds,India,,,,,,,,,Market Out
2026-06-23,Vegetables,Lettuce Gem Tray,Leafy Vegetables,Spain,,,,,,,,,Market Out
2026-06-23,Vegetables,Red Radish,Raddish,Holland,1kg,,,,,,,,Market Out
2026-06-22,Vegetables,Beetroot Cooked,Beetroot,,500g,,,22.0,,,44.0,Family,Active
2026-06-22,Vegetables,Kohi,Cabbage & Broccoli,Bangladesh,,,,17.0,,,,,Active
2026-06-22,Vegetables,Sweet Corn,Corns & Baby Corn,Jordan,,,,8.5,,,,,Active
2026-06-22,Vegetables,Ash Gourd(Kumbalam),Gourds,India,,,,17.5,,,,,Active
2026-06-22,Vegetables,Celery,Herbs,Spain,,,,19.0,,,,,Active
2026-06-22,Vegetables,Lettuce Gem Tray,Leafy Vegetables,Spain,,,,15.0,,,,,Active
2026-06-22,Vegetables,Agrico Mushroom White Bottom,Mushrooms,Qatar,250g,,,7.0,,,28.0,Family,Active
2026-06-22,Vegetables,Bagal,Other Vegetables,,,,,5.0,,,,,Active
2026-06-22,Vegetables,Eggplant,Other Vegetables,Holland,,,,28.0,,,,,Active
2026-06-22,Vegetables,Eggplant Purple,Other Vegetables,Qatar,,,,8.5,,,,,Active
2026-06-22,Vegetables,Peas Mangetout/Snow/Podded Peas,Peas & Beans,,250g,,,14.0,,,56.0,Family,Active
2026-06-22,Vegetables,Sweet Potato,Potatoes & Starchy Vegetables,India,,,,8.75,,,,,Active
2026-06-22,Vegetables,Sweet Potato,Potatoes & Starchy Vegetables,Bangladesh,,,,17.0,,,,,Active
2026-06-22,Vegetables,Sweet Potato,Potatoes & Starchy Vegetables,Usa,,,,17.5,,,,,Active
2026-06-22,Vegetables,Taro Root,Potatoes & Starchy Vegetables,,,,,53.0,,,,,Active
2026-06-22,Vegetables,Pumpkin Mathan Green,Pumpkin,India,,,,13.75,,,,,Active
2026-06-22,Vegetables,Radish Ksa,Raddish,,,,,3.5,,,,,Active
2026-06-22,Vegetables,Red Radish,Raddish,Holland,1kg,,,32.0,,,32.0,Family,Active
2026-06-22,Vegetables,Mung Bean Sprouts Pkts,Sprouts,,,,,6.5,,,,,Active
2026-06-22,Fruits,Apple,Apples,China,1kg,,,,,,,,Market Out
2026-06-22,Fruits,Apple Africa,Apples,,1kg,,,,,,,,Market Out
2026-06-22,Fruits,Apple Gala,Apples,France,1kg,,,,,,,,Market Out
2026-06-22,Fruits,Apple Gala,Apples,Italy,1kg,,,,,,,,Market Out
2026-06-22,Fruits,Apple Golden,Apples,Italy,1kg,,,,,,,,Market Out
2026-06-22,Fruits,Apple Red,Apples,Usa,1kg,,,,,,,,Market Out
2026-06-22,Fruits,Baby Apple Africa,Apples,,1kg,,,,,,,,Market Out
2026-06-22,Fruits,Colacasia Bangaladesh,Apples,,1kg,,,,,,,,Market Out
2026-06-22,Fruits,Galanga -Carton,Apples,Thailand,,,,,,,,,Market Out
2026-06-22,Fruits,Pineapple,Apples,India,1kg,,,,,,,,Market Out
2026-06-22,Fruits,Pineapple Golden,Apples,Kenya,1kg,,,,,,,,Market Out
2026-06-22,Fruits,Pineapple Peeled,Apples,Thailand,1kg,,,,,,,,Market Out
2026-06-22,Fruits,Pineapple Peeled,Apples,Thailand,500g,,,,,,,,Market Out
2026-06-22,Fruits,Rose Apple -Packet,Apples,Thailand,,,,,,,,,Market Out
2026-06-22,Fruits,Apricot,Apricots,Jordan,1kg,,,,,,,,Market Out
2026-06-22,Fruits,Apricot Packet,Apricots,Jordan,,,,,,,,,Market Out
2026-06-22,Fruits,Avocado By Air,Avocado,Uganda,1kg,,,,,,,,Market Out
2026-06-22,Fruits,Avocado Hass,Avocado,Kenya,1kg,,,,,,,,Market Out
2026-06-22,Fruits,Banana,Banana,Philippines,1kg,,,,,,,,Market Out
2026-06-22,Fruits,Banana,Banana,Ecuador,1kg,,,,,,,,Market Out
2026-06-22,Fruits,Banana -Carton,Banana,Philippines,,,,,,,,,Market Out
2026-06-22,Fruits,Banana Flower,Banana,India,,,,,,,,,Market Out
2026-06-22,Fruits,Banana Green,Banana,India,,,,,,,,,Market Out
2026-06-22,Fruits,Banana Leaves,Banana,India,1.0pc,,,,,,,,Market Out
2026-06-22,Fruits,Banana Yellow,Banana,India,1kg,,,,,,,,Market Out
2026-06-22,Fruits,Kadali Banana By Air,Banana,India,1kg,,,,,,,,Market Out
2026-06-22,Fruits,Kadhali Banana,Banana,India,1kg,,,,,,,,Market Out
2026-06-22,Fruits,Blueberry Packet,Berries,Morocco,500g,,,,,,,,Market Out
2026-06-22,Fruits,Cherry Syria Packet,Berries,,,,,,,,,,Market Out
2026-06-22,Fruits,Gold Berry Colombia Packet,Berries,,,,,,,,,,Market Out
2026-06-22,Fruits,Physalis,Berries,,125g,,,,,,,,Market Out
2026-06-22,Fruits,Physalis Fruit Colombia-Packet,Berries,,,,,,,,,,Market Out
2026-06-22,Fruits,Raspberry -Packet,Berries,Usa,,,,,,,,,Market Out
2026-06-22,Fruits,Strawberry Africa-Packet,Berries,,,,,,,,,,Market Out
2026-06-22,Fruits,Chikoo -Plate,Chickoo,Thailand,,,,,,,,,Market Out
2026-06-22,Fruits,Lemon,Citrus Fruits,India,1kg,,,,,,,,Market Out
2026-06-22,Fruits,Lemon,Citrus Fruits,India,250g,,,,,,,,Market Out
2026-06-22,Fruits,Lemon Africa,Citrus Fruits,,1kg,,,,,,,,Market Out
2026-06-22,Fruits,Lemon Africa,Citrus Fruits,,250g,,,,,,,,Market Out
2026-06-22,Fruits,Lime,Citrus Fruits,Vietnam,1kg,,,,,,,,Market Out
2026-06-22,Fruits,Lime,Citrus Fruits,Vietnam,250g,,,,,,,,Market Out
2026-06-22,Fruits,Mandarin,Citrus Fruits,Australia,1kg,,,,,,,,Market Out
2026-06-22,Fruits,Mandarin,Citrus Fruits,China,1kg,,,,,,,,Market Out
2026-06-22,Fruits,Mandarin Africa,Citrus Fruits,,1kg,,,,,,,,Market Out
2026-06-22,Fruits,Mandarin Leanri Africa,Citrus Fruits,,1kg,,,,,,,,Market Out
2026-06-22,Fruits,Orange Valencia,Citrus Fruits,Egypt,1kg,,,,,,,,Market Out
2026-06-22,Fruits,Orangevalencia -Box,Citrus Fruits,Lebanon,,,,,,,,,Market Out
2026-06-22,Fruits,Pomelo Africa,Citrus Fruits,,1kg,,,,,,,,Market Out
2026-06-22,Fruits,Coconut,Coconut,India,1.0pc,,,,,,,,Market Out
2026-06-22,Fruits,Coconut Grated,Coconut,India,1.0pc,,,,,,,,Market Out
2026-06-22,Fruits,Coconut Young,Coconut,Sri Lanka,1.0pc,,,,,,,,Market Out
2026-06-22,Fruits,Fresh Coconut (By Air),Coconut,India,,,,,,,,,Market Out
2026-06-22,Fruits,Fresh Shredded Coconut (By Sea),Coconut,India,,,,,,,,,Market Out
2026-06-22,Fruits,Mushroom Chestnut -,Fresh Nuts,Holland,,,,,,,,,Market Out
2026-06-22,Fruits,Grape Black Packet,Grapes,India,,,,,,,,,Market Out
2026-06-22,Fruits,Grape Red,Grapes,Australia,1kg,,,,,,,,Market Out
2026-06-22,Fruits,Grapefruit Africa,Grapes,,1kg,,,,,,,,Market Out
2026-06-22,Fruits,Grapes White,Grapes,Australia,1kg,,,,,,,,Market Out
2026-06-22,Fruits,Grapes White,Grapes,Australia,500g,,,,,,,,Market Out
2026-06-22,Fruits,Grapes White -Packet,Grapes,India,,,,,,,,,Market Out
2026-06-22,Fruits,Ash Banana,Green Banana,Sri Lanka,,,,,,,,,Market Out
2026-06-22,Fruits,Curry Banana,Green Banana,India,,,,,,,,,Market Out
2026-06-22,Fruits,Green Banana,Green Banana,Uganda,1kg,,,,,,,,Market Out
2026-06-22,Fruits,Green Banana,Green Banana,India,1kg,,,,,,,,Market Out
2026-06-22,Fruits,Peeled Jackfruit Packet,Jackfruit,India,,,,,,,,,Market Out
2026-06-22,Fruits,Kiwi Gold New Zealand,Kiwi,,1kg,,,,,,,,Market Out
2026-06-22,Fruits,Kiwi Gold New Zealand,Kiwi,,250g,,,,,,,,Market Out
2026-06-22,Fruits,Mango Alphonsa,Mangoes,India,1kg,,,,,,,,Market Out
2026-06-22,Fruits,Mango Alphonso Cartoon,Mangoes,India,,,,,,,,,Market Out
2026-06-22,Fruits,Mango Colombia-Box,Mangoes,,,,,,,,,,Market Out
2026-06-22,Fruits,Mango Galbetor Yeman,Mangoes,,1kg,,,,,,,,Market Out
2026-06-22,Fruits,Mango Mallika,Mangoes,India,1kg,,,,,,,,Market Out
2026-06-22,Fruits,Mango Yemen Cartoon,Mangoes,,,,,,,,,,Market Out
2026-06-22,Fruits,Mangosteen Packet,Mangoes,Thailand,,,,,,,,,Market Out
2026-06-22,Fruits,Water Melon,Melons,Jordan,1kg,,,,,,,,Market Out
2026-06-22,Fruits,Nectarine,Nectarine,Jordan,1kg,,,,,,,,Market Out
2026-06-22,Fruits,Dragon Fruit Red,Other Fruits,,1kg,,,,,,,,Market Out
2026-06-22,Fruits,Dragon Fruit Red,Other Fruits,,500g,,,,,,,,Market Out
2026-06-22,Fruits,Jack Fruit,Other Fruits,India,1kg,,,,,,,,Market Out
2026-06-22,Fruits,Jack Fruit -Packet,Other Fruits,Thailand,,,,,,,,,Market Out
2026-06-22,Fruits,Passionfruit Pte Packet,Other Fruits,Thailand,,,,,,,,,Market Out
2026-06-22,Fruits,Green Papaya,Papaya,India,1kg,,,,,,,,Market Out
2026-06-22,Fruits,Lady Papaya,Papaya,Sri Lanka,1kg,,,,,,,,Market Out
2026-06-22,Fruits,Papaya,Papaya,Thailand,1kg,,,,,,,,Market Out
2026-06-22,Fruits,Papaya,Papaya,India,1kg,,,,,,,,Market Out
2026-06-22,Fruits,Peach Round Packet,Peaches,Jordan,,,,,,,,,Market Out
2026-06-22,Fruits,Pear Africa,Pears,,1kg,,,,,,,,Market Out
2026-06-22,Fruits,Pear Rose Africa,Pears,,1kg,,,,,,,,Market Out
2026-06-22,Fruits,Plums Red Africa,Plums,,1kg,,,,,,,,Market Out
2026-06-22,Fruits,Pomegranate,Pomegranates,India,1kg,,,,,,,,Market Out
2026-06-22,Fruits,Pomegranate,Pomegranates,India,500g,,,,,,,,Market Out
2026-06-22,Fruits,Pomegranate,Pomegranates,Peru,1kg,,,,,,,,Market Out
2026-06-22,Fruits,Pomegranate Air-Carton,Pomegranates,India,,,,,,,,,Market Out
2026-06-22,Vegetables,Asparagus Plate,Asparagus,Thailand,,,,,,,,,Market Out
2026-06-22,Vegetables,Beetroot,Beetroot,India,1kg,,,,,,,,Market Out
2026-06-22,Vegetables,Beetroot Cooked -Packet,Beetroot,Holland,,,,,,,,,Market Out
2026-06-22,Vegetables,Cabbage,Cabbage & Broccoli,India,,,,,,,,,Market Out
2026-06-22,Vegetables,Cabbage,Cabbage & Broccoli,Qatar,,,,,,,,,Market Out
2026-06-22,Vegetables,Cabbage Sliced,Cabbage & Broccoli,,1kg,,,,,,,,Market Out
2026-06-22,Vegetables,Cauliflower,Cabbage & Broccoli,Jordan,1kg,,,,,,,,Market Out
2026-06-22,Vegetables,Cauliflower Mazra Doha,Cabbage & Broccoli,,1kg,,,,,,,,Market Out
2026-06-22,Vegetables,Capsicum,Capsicum,Holland,1kg,,,,,,,,Market Out
2026-06-22,Vegetables,Capsicum,Capsicum,Holland,500g,,,,,,,,Market Out
2026-06-22,Vegetables,Capsicum 4Color (Packet),Capsicum,Holland,,,,,,,,,Market Out
2026-06-22,Vegetables,Capsicum Green,Capsicum,Jordan,1kg,,,,,,,,Market Out
2026-06-22,Vegetables,Capsicum Green,Capsicum,Jordan,500g,,,,,,,,Market Out
2026-06-22,Vegetables,Capsicum Mix Pkt,Capsicum,Holland,4.0pcs,,,,,,,,Market Out
2026-06-22,Vegetables,Capsicum Orange,Capsicum,Holland,,,,,,,,,Market Out
2026-06-22,Vegetables,Capsicum Orange,Capsicum,Holland,1kg,,,,,,,,Market Out
2026-06-22,Vegetables,Capsicum Orange,Capsicum,Holland,500g,,,,,,,,Market Out
2026-06-22,Vegetables,Capsicum Orange,Capsicum,Oman,1kg,,,,,,,,Market Out
2026-06-22,Vegetables,Capsicum Red,Capsicum,Holland,,,,,,,,,Market Out
2026-06-22,Vegetables,Capsicum Red,Capsicum,Holland,1kg,,,,,,,,Market Out
2026-06-22,Vegetables,Capsicum Red,Capsicum,Holland,500g,,,,,,,,Market Out
2026-06-22,Vegetables,Capsicum Red,Capsicum,Oman,1kg,,,,,,,,Market Out
2026-06-22,Vegetables,Capsicum Yellow,Capsicum,Holland,,,,,,,,,Market Out
2026-06-22,Vegetables,Capsicum Yellow,Capsicum,Holland,1kg,,,,,,,,Market Out
2026-06-22,Vegetables,Capsicum Yellow,Capsicum,Holland,500g,,,,,,,,Market Out
2026-06-22,Vegetables,Capsicum Yellow,Capsicum,Oman,1kg,,,,,,,,Market Out
2026-06-22,Vegetables,Carrot,Carrots,Australia,,,,,,,,,Market Out
2026-06-22,Vegetables,Carrot,Carrots,Australia,1kg,,,,,,,,Market Out
2026-06-22,Vegetables,Carrot,Carrots,Australia,500g,,,,,,,,Market Out
2026-06-22,Vegetables,Chow Chow (Chayote),Chayote,India,,,,,,,,,Market Out
2026-06-22,Vegetables,Chilli Kanthari,Chillies & Spicy,India,1kg,,,,,,,,Market Out
2026-06-22,Vegetables,Chilli Kanthari,Chillies & Spicy,India,250g,,,,,,,,Market Out
2026-06-22,Vegetables,Chilly Green (Packet),Chillies & Spicy,Thailand,,,,,,,,,Market Out
2026-06-22,Vegetables,Chilly Red,Chillies & Spicy,Holland,,,,,,,,,Market Out
2026-06-22,Vegetables,Chilly Red (Packet),Chillies & Spicy,Thailand,,,,,,,,,Market Out
2026-06-22,Vegetables,Chilly Round Green,Chillies & Spicy,India,,,,,,,,,Market Out
2026-06-22,Vegetables,Ginger,Chillies & Spicy,China,,,,,,,,,Market Out
2026-06-22,Vegetables,Ginger,Chillies & Spicy,China,1kg,,,,,,,,Market Out
2026-06-22,Vegetables,Ginger,Chillies & Spicy,India,1kg,,,,,,,,Market Out
2026-06-22,Vegetables,Ginger,Chillies & Spicy,Uganda,1kg,,,,,,,,Market Out
2026-06-22,Vegetables,Ginger,Chillies & Spicy,China,250g,,,,,,,,Market Out
2026-06-22,Vegetables,Ginger,Chillies & Spicy,India,250g,,,,,,,,Market Out
2026-06-22,Vegetables,Ginger,Chillies & Spicy,Uganda,250g,,,,,,,,Market Out
2026-06-22,Vegetables,Green Chilli,Chillies & Spicy,Uganda,,,,,,,,,Market Out
2026-06-22,Vegetables,Hot Chilli,Chillies & Spicy,Qatar,,,,,,,,,Market Out
2026-06-22,Vegetables,Hot Pepper Mix,Chillies & Spicy,Uganda,1kg,,,,,,,,Market Out
2026-06-22,Vegetables,Hot Pepper Mix,Chillies & Spicy,Uganda,250g,,,,,,,,Market Out
2026-06-22,Vegetables,Jalapeno Green,Chillies & Spicy,Holland,1kg,,,,,,,,Market Out
2026-06-22,Vegetables,Jalapeno Green,Chillies & Spicy,Holland,250g,,,,,,,,Market Out
2026-06-22,Vegetables,Jalapeno Red,Chillies & Spicy,Holland,1kg,,,,,,,,Market Out
2026-06-22,Vegetables,Jalapeno Red,Chillies & Spicy,Holland,250g,,,,,,,,Market Out
2026-06-22,Vegetables,Long Chilly Green Big,Chillies & Spicy,Jordan,1kg,,,,,,,,Market Out
2026-06-22,Vegetables,Long Chilly Green Big,Chillies & Spicy,Jordan,250g,,,,,,,,Market Out
2026-06-22,Vegetables,Fresh Fruit Basket,Combo Pack,,,,,,,,,,Market Out
2026-06-22,Vegetables,Fresh Fruits Basket Small,Combo Pack,,,,,,,,,,Market Out
2026-06-22,Vegetables,Mix Fruit Basket-Medium,Combo Pack,,,,,,,,,,Market Out
2026-06-22,Vegetables,Mix Fruit Basket-Small,Combo Pack,,,,,,,,,,Market Out
2026-06-22,Vegetables,Pinakbet Mixed,Combo Pack,,1kg,,,,,,,,Market Out
2026-06-22,Vegetables,Sambar Mixed Vegetable,Combo Pack,,,,,,,,,,Market Out
2026-06-22,Vegetables,Baby Corn,Corns & Baby Corn,Thailand,125g,,,,,,,,Market Out
2026-06-22,Vegetables,Baby Corn (Packet),Corns & Baby Corn,Thailand,,,,,,,,,Market Out
2026-06-22,Vegetables,Fruit'O Snack Boiled Sweet Corn Cob,Corns & Baby Corn,,270g,,,,,,,,Market Out
2026-06-22,Vegetables,Sweet Corn Boiled,Corns & Baby Corn,India,1.0pc,,,,,,,,Market Out
2026-06-22,Vegetables,Sweet Corn Doha Packet,Corns & Baby Corn,,,,,,,,,,Market Out
2026-06-22,Vegetables,Marrow (Kusa),Courgettes & Artichoke,Qatar,,,,,,,,,Market Out
2026-06-22,Vegetables,Zucchini,Courgettes & Artichoke,Jordan,1kg,,,,,,,,Market Out
2026-06-22,Vegetables,Cucumber,Cucumber,Qatar,,,,,,,,,Market Out
2026-06-22,Vegetables,Cucumber Mazra Doha,Cucumber,,1kg,,,,,,,,Market Out
2026-06-22,Vegetables,Cucumber Premium Doha,Cucumber,,1kg,,,,,,,,Market Out
2026-06-22,Vegetables,Vellary Indian,Cucumber,India,1kg,,,,,,,,Market Out
2026-06-22,Vegetables,Yellow Cucumber,Cucumber,India,1kg,,,,,,,,Market Out
2026-06-22,Vegetables,Garlic,Garlic,India,,,,,,,,,Market Out
2026-06-22,Vegetables,Garlic,Garlic,Egypt,,,,,,,,,Market Out
2026-06-22,Vegetables,Garlic,Garlic,China,1kg,,,,,,,,Market Out
2026-06-22,Vegetables,Garlic,Garlic,India,1kg,,,,,,,,Market Out
2026-06-22,Vegetables,Garlic,Garlic,China,250g,,,,,,,,Market Out
2026-06-22,Vegetables,Garlic,Garlic,India,250g,,,,,,,,Market Out
2026-06-22,Vegetables,Garlic Loose,Garlic,,,,,,,,,,Market Out
2026-06-22,Vegetables,Garlic Packet Big,Garlic,China,,,,,,,,,Market Out
2026-06-22,Vegetables,Garlic Peeled,Garlic,,1kg,,,,,,,,Market Out
2026-06-22,Vegetables,Garlic Small Pkt ( ),Garlic,China,,,,,,,,,Market Out
2026-06-22,Vegetables,Peeled Garlic,Garlic,,250g,,,,,,,,Market Out
2026-06-22,Vegetables,Ashgourd,Gourds,Oman,1kg,,,,,,,,Market Out
2026-06-22,Vegetables,Bitter Gourd,Gourds,India,1kg,,,,,,,,Market Out
2026-06-22,Vegetables,Ivy Gourd (Kovakka) Indian,Gourds,India,1kg,,,,,,,,Market Out
2026-06-22,Vegetables,Ivy Gourd (Tindly),Gourds,India,,,,,,,,,Market Out
2026-06-22,Vegetables,Parwal,Gourds,Bangladesh,1kg,,,,,,,,Market Out
2026-06-22,Vegetables,Ridge Gourd,Gourds,India,,,,,,,,,Market Out
2026-06-22,Vegetables,Ridge Gourd,Gourds,India,1kg,,,,,,,,Market Out
2026-06-22,Vegetables,Snake Gourd,Gourds,India,,,,,,,,,Market Out
2026-06-22,Vegetables,Snake Gourd,Gourds,India,1kg,,,,,,,,Market Out
2026-06-22,Vegetables,Celery Stick,Herbs,Spain,1kg,,,,,,,,Market Out
2026-06-22,Vegetables,Celery Stick,Herbs,Spain,250g,,,,,,,,Market Out
2026-06-22,Vegetables,Coriander (Ksa),Herbs,,,,,,,,,,Market Out
2026-06-22,Vegetables,Coriander Leaves 1 Bunch,Herbs,Saudi,,,,,,,,,Market Out
2026-06-22,Vegetables,Curry Leaves,Herbs,,,,,,,,,,Market Out
2026-06-22,Vegetables,Curry Leaves,Herbs,Uganda,,,,,,,,,Market Out
2026-06-22,Vegetables,Fennel,Herbs,,,,,,,,,,Market Out
2026-06-22,Vegetables,Granadilla Fruit Colombia,Herbs,,1kg,,,,,,,,Market Out
2026-06-22,Vegetables,Granadilla Fruit Colombia,Herbs,,250g,,,,,,,,Market Out
2026-06-22,Vegetables,Green Basil ( ),Herbs,Kenya,,,,,,,,,Market Out
2026-06-22,Vegetables,Lemon Grass,Herbs,,,,,,,,,,Market Out
2026-06-22,Vegetables,Parsely (Ksa),Herbs,,,,,,,,,,Market Out
2026-06-22,Vegetables,Rosemary,Herbs,Kenya,1.0pc,,,,,,,,Market Out
2026-06-22,Vegetables,Thyme Green Thin,Herbs,,,,,,,,,,Market Out
2026-06-22,Vegetables,Bhindi (Lady'S Finger),Lady Finger,India,,,,,,,,,Market Out
2026-06-22,Vegetables,Lady Finger,Lady Finger,India,1kg,,,,,,,,Market Out
2026-06-22,Vegetables,Arugula (Jerjir)Leaves Doha,Leafy Vegetables,,500g,,,,,,,,Market Out
2026-06-22,Vegetables,Arugula (Jerjir)Leaves Doha 1 Bunch,Leafy Vegetables,,,,,,,,,,Market Out
2026-06-22,Vegetables,Baby Rocket -Packet,Leafy Vegetables,Italy,,,,,,,,,Market Out
2026-06-22,Vegetables,Baby Spinach,Leafy Vegetables,Italy,125g,,,,,,,,Market Out
2026-06-22,Vegetables,Baby Spinach Leaves -Packet,Leafy Vegetables,Italy,,,,,,,,,Market Out
2026-06-22,Vegetables,Kale Leaves,Leafy Vegetables,Holland,1kg,,,,,,,,Market Out
2026-06-22,Vegetables,Kale Leaves,Leafy Vegetables,Holland,250g,,,,,,,,Market Out
2026-06-22,Vegetables,Kangkong Doha,Leafy Vegetables,,1.0pc,,,,,,,,Market Out
2026-06-22,Vegetables,Lettuce,Leafy Vegetables,Oman,1kg,,,,,,,,Market Out
2026-06-22,Vegetables,Lettuce,Leafy Vegetables,Oman,500g,,,,,,,,Market Out
2026-06-22,Vegetables,Lettuce Bionda/ Rossa Mix,Leafy Vegetables,,125g,,,,,,,,Market Out
2026-06-22,Vegetables,Lettuce Boston Soft,Leafy Vegetables,Holland,,,,,,,,,Market Out
2026-06-22,Vegetables,Lettuce Ice Berge,Leafy Vegetables,Jordan,1kg,,,,,,,,Market Out
2026-06-22,Vegetables,Lettuce Ice Berge,Leafy Vegetables,Spain,1kg,,,,,,,,Market Out
2026-06-22,Vegetables,Lettuce Ice Berge,Leafy Vegetables,Jordan,250g,,,,,,,,Market Out
2026-06-22,Vegetables,Lettuce Ice Berge,Leafy Vegetables,Spain,250g,,,,,,,,Market Out
2026-06-22,Vegetables,Lettuce Lollo Rossa,Leafy Vegetables,,,,,,,,,,Market Out
2026-06-22,Vegetables,Molokhia Doha,Leafy Vegetables,,,,,,,,,,Market Out
2026-06-22,Vegetables,Molokhia Doha,Leafy Vegetables,,250g,,,,,,,,Market Out
2026-06-22,Vegetables,Red Chard Mix,Leafy Vegetables,Italy,125g,,,,,,,,Market Out
2026-06-22,Vegetables,Red Spinach Doha 1 Bunch,Leafy Vegetables,,,,,,,,,,Market Out
2026-06-22,Vegetables,Rocket Leaves,Leafy Vegetables,Italy,125g,,,,,,,,Market Out
2026-06-22,Vegetables,Ruwaith Leaves Doha,Leafy Vegetables,,1.0pc,,,,,,,,Market Out
2026-06-22,Vegetables,Leeks,Leeks/Spring Onions,Holland,,,,,,,,,Market Out
2026-06-22,Vegetables,Leeks,Leeks/Spring Onions,Holland,1kg,,,,,,,,Market Out
2026-06-22,Vegetables,Leeks,Leeks/Spring Onions,Holland,250g,,,,,,,,Market Out
2026-06-22,Vegetables,Agrico Eggplant,Mushrooms,Qatar,,,,,,,,,Market Out
2026-06-22,Vegetables,Agrico Mushroom White Doha Packet,Mushrooms,,,,,,,,,,Market Out
2026-06-22,Vegetables,Mushroom Brown Doha-Packet,Mushrooms,,,,,,,,,,Market Out
2026-06-22,Vegetables,Mushroom Mix Doha Packet,Mushrooms,,,,,,,,,,Market Out
2026-06-22,Vegetables,Mushroom Slice,Mushrooms,Qatar,,,,,,,,,Market Out
2026-06-22,Vegetables,Mushroom Slice Doha-Packet,Mushrooms,,,,,,,,,,Market Out
2026-06-22,Vegetables,Mushrooms Portobello,Mushrooms,,,,,,,,,,Market Out
2026-06-22,Vegetables,Onion Big,Onion,India,1kg,,,,,,,,Market Out
2026-06-22,Vegetables,Onion Brown,Onion,Australia,1kg,,,,,,,,Market Out
2026-06-22,Vegetables,Onion Medium Bag,Onion,India,,,,,,,,,Market Out
2026-06-22,Vegetables,Onion Small,Onion,India,,,,,,,,,Market Out
2026-06-22,Vegetables,Onion Small,Onion,India,1kg,,,,,,,,Market Out
2026-06-22,Vegetables,Onion Small Bag,Onion,India,,,,,,,,,Market Out
2026-06-22,Vegetables,Onion Yeman,Onion,,1kg,,,,,,,,Market Out
2026-06-22,Vegetables,Onion Yemen,Onion,,,,,,,,,,Market Out
2026-06-22,Vegetables,Amla (Gooseberry),Other Vegetables,India,,,,,,,,,Market Out
2026-06-22,Vegetables,Bagal Leaves,Other Vegetables,,1.0pc,,,,,,,,Market Out
2026-06-22,Vegetables,Drumstick,Other Vegetables,India,,,,,,,,,Market Out
2026-06-22,Vegetables,Drumstick,Other Vegetables,India,1kg,,,,,,,,Market Out
2026-06-22,Vegetables,Drumstick Leaves,Other Vegetables,India,1.0pc,,,,,,,,Market Out
2026-06-22,Vegetables,Drumstick Leaves Pkt ( ),Other Vegetables,India,150g,,,,,,,,Market Out
2026-06-22,Vegetables,Eggplant Long Arabia,Other Vegetables,Saudi,1kg,,,,,,,,Market Out
2026-06-22,Vegetables,Eggplant Mazra Doha,Other Vegetables,,1kg,,,,,,,,Market Out
2026-06-22,Vegetables,Fig,Other Vegetables,Turkey,1kg,,,,,,,,Market Out
2026-06-22,Vegetables,Govar,Other Vegetables,India,1kg,,,,,,,,Market Out
2026-06-22,Vegetables,Guava -Packet,Other Vegetables,Thailand,,,,,,,,,Market Out
2026-06-22,Vegetables,Guava Red,Other Vegetables,Thailand,1kg,,,,,,,,Market Out
2026-06-22,Vegetables,Guava Red -Packet,Other Vegetables,Thailand,,,,,,,,,Market Out
2026-06-22,Vegetables,Lollo Bioanda,Other Vegetables,Holland,1kg,,,,,,,,Market Out
2026-06-22,Vegetables,Lollo Bioanda,Other Vegetables,Holland,250g,,,,,,,,Market Out
2026-06-22,Vegetables,Longan -Packet,Other Vegetables,Thailand,,,,,,,,,Market Out
2026-06-22,Vegetables,Palak Leaves Doha,Other Vegetables,,1.0pc,,,,,,,,Market Out
2026-06-22,Vegetables,Premium Eggplant Pkt,Other Vegetables,Qatar,1kg,,,,,,,,Market Out
2026-06-22,Vegetables,Rambutan -Packet,Other Vegetables,Thailand,,,,,,,,,Market Out
2026-06-22,Vegetables,Beans,Peas & Beans,India,1kg,,,,,,,,Market Out
2026-06-22,Vegetables,Cluster Beans,Peas & Beans,India,,,,,,,,,Market Out
2026-06-22,Vegetables,Indian Beans,Peas & Beans,India,,,,,,,,,Market Out
2026-06-22,Vegetables,Mutter,Peas & Beans,Pakistan,1kg,,,,,,,,Market Out
2026-06-22,Vegetables,Aravi Big,Potatoes & Starchy Vegetables,India,,,,,,,,,Market Out
2026-06-22,Vegetables,Potato,Potatoes & Starchy Vegetables,Pakistan,1kg,,,,,,,,Market Out
2026-06-22,Vegetables,Potato Bag,Potatoes & Starchy Vegetables,Pakistan,,,,,,,,,Market Out
2026-06-22,Vegetables,Potato Bag,Potatoes & Starchy Vegetables,Saudi,1kg,,,,,,,,Market Out
2026-06-22,Vegetables,Potato Syria,Potatoes & Starchy Vegetables,,1kg,,,,,,,,Market Out
2026-06-22,Vegetables,Potatoes White Chat Small,Potatoes & Starchy Vegetables,Australia,,,,,,,,,Market Out
2026-06-22,Vegetables,Sweet Potato By Air,Potatoes & Starchy Vegetables,Uganda,1kg,,,,,,,,Market Out
2026-06-22,Vegetables,Tapioca,Potatoes & Starchy Vegetables,India,1kg,,,,,,,,Market Out
2026-06-22,Vegetables,Yam,Potatoes & Starchy Vegetables,India,1kg,,,,,,,,Market Out
2026-06-22,Vegetables,Butter Nut Pumpkin Africa,Pumpkin,,1kg,,,,,,,,Market Out
2026-06-22,Vegetables,Disco Pumpkin,Pumpkin,India,1kg,,,,,,,,Market Out
2026-06-22,Vegetables,Pumpkin Doha,Pumpkin,,1kg,,,,,,,,Market Out
2026-06-22,Vegetables,Pumpkin Medium,Pumpkin,India,,,,,,,,,Market Out
2026-06-22,Vegetables,Radish Red -Packet,Raddish,Holland,,,,,,,,,Market Out
2026-06-22,Vegetables,Red Radish Poly Bag,Raddish,,125g,,,,,,,,Market Out
2026-06-22,Vegetables,Peeled Shallot Packet,Shallots,India,,,,,,,,,Market Out
2026-06-22,Vegetables,Arigni Green Gram Sprouts,Sprouts,,200g,,,,,,,,Market Out
2026-06-22,Vegetables,Cherry Tomato -Packet,Tomato,Morocco,,,,,,,,,Market Out
2026-06-22,Vegetables,Tomato,Tomato,Qatar,,,,,,,,,Market Out
2026-06-22,Vegetables,Tomato Cherry Mix Carnival,Tomato,Holland,,,,,,,,,Market Out
2026-06-22,Vegetables,Tomato Sweet Cherry Vine Netherland,Tomato,,,,,,,,,,Market Out
2026-06-22,Vegetables,Tomato Syria,Tomato,,,,,,,,,,Market Out
2026-06-22,Vegetables,Tomato Syria,Tomato,,1kg,,,,,,,,Market Out
2026-06-22,Vegetables,Tomato Tommys Pkt ( ),Tomato,Spain,500g,,,,,,,,Market Out
2026-06-22,Vegetables,Tomatoes Cherry Plum,Tomato,,250g,,,,,,,,Market Out
2026-06-22,Vegetables,Turmeric,Turmeric,India,,,,,,,,,Market Out
2026-06-22,Vegetables,Turmeric,Turmeric,India,1kg,,,,,,,,Market Out
2026-06-22,Vegetables,Turmeric,Turmeric,India,250g,,,,,,,,Market Out
2026-06-22,Vegetables,Turmeric -Packet,Turmeric,Thailand,,,,,,,,,Market Out
2026-06-21,Fruits,Apple,Apples,China,1kg,,8.5,,,8.5,,Rawabi,Active
2026-06-21,Fruits,Apple Africa,Apples,,1kg,,10.5,,,10.5,,Rawabi,Active
2026-06-21,Fruits,Apple Gala,Apples,France,1kg,,11.5,,,11.5,,Rawabi,Active
2026-06-21,Fruits,Apple Gala,Apples,Italy,1kg,,9.75,,,9.75,,Rawabi,Active
2026-06-21,Fruits,Apple Golden,Apples,Italy,1kg,,9.75,,,9.75,,Rawabi,Active
2026-06-21,Fruits,Apple Red,Apples,Usa,1kg,,14.5,,,14.5,,Rawabi,Active
2026-06-21,Fruits,Baby Apple Africa,Apples,,1kg,,9.0,,,9.0,,Rawabi,Active
2026-06-21,Fruits,Colacasia Bangaladesh,Apples,,1kg,,18.0,,,18.0,,Rawabi,Active
2026-06-21,Fruits,Galanga -Carton,Apples,Thailand,,,22.0,,,,,,Active
2026-06-21,Fruits,Pineapple,Apples,India,1kg,,18.0,,,18.0,,Rawabi,Active
2026-06-21,Fruits,Pineapple Golden,Apples,Kenya,1kg,,13.75,,,13.75,,Rawabi,Active
2026-06-21,Fruits,Pineapple Peeled,Apples,Thailand,1kg,,44.0,,,44.0,,Rawabi,Active
2026-06-21,Fruits,Pineapple Peeled,Apples,Thailand,500g,,22.0,,,44.0,,Rawabi,Active
2026-06-21,Fruits,Rose Apple -Packet,Apples,Thailand,,,30.0,,,,,,Active
2026-06-21,Fruits,Apricot,Apricots,Jordan,1kg,,25.0,,,25.0,,Rawabi,Active
2026-06-21,Fruits,Apricot Packet,Apricots,Jordan,,,11.5,,,,,,Active
2026-06-21,Fruits,Avocado By Air,Avocado,Uganda,1kg,,19.0,,,19.0,,Rawabi,Active
2026-06-21,Fruits,Avocado Hass,Avocado,Kenya,1kg,,16.75,,,16.75,,Rawabi,Active
2026-06-21,Fruits,Banana,Banana,Philippines,1kg,,8.25,,,8.25,,Rawabi,Active
2026-06-21,Fruits,Banana,Banana,Ecuador,1kg,,8.25,,,8.25,,Rawabi,Active
2026-06-21,Fruits,Banana -Carton,Banana,Philippines,,,91.0,,,,,,Active
2026-06-21,Fruits,Banana Flower,Banana,India,,,,17.5,,,,,Active
2026-06-21,Fruits,Banana Green,Banana,India,,,,5.5,,,,,Active
2026-06-21,Fruits,Banana Leaves,Banana,India,1.0pc,,1.5,,,1500.0,,Rawabi,Active
2026-06-21,Fruits,Banana Yellow,Banana,India,1kg,,14.0,,,14.0,,Rawabi,Active
2026-06-21,Fruits,Kadali Banana By Air,Banana,India,1kg,,16.5,,,16.5,,Rawabi,Active
2026-06-21,Fruits,Kadhali Banana,Banana,India,1kg,,18.5,,,18.5,,Rawabi,Active
2026-06-21,Fruits,Blueberry Packet,Berries,Morocco,500g,,47.0,,,94.0,,Rawabi,Active
2026-06-21,Fruits,Cherry Syria Packet,Berries,,,,10.5,,,,,,Active
2026-06-21,Fruits,Gold Berry Colombia Packet,Berries,,,,14.0,,,,,,Active
2026-06-21,Fruits,Physalis,Berries,,125g,,,11.0,,,88.0,Family,Active
2026-06-21,Fruits,Physalis Fruit Colombia-Packet,Berries,,,,10.0,,,,,,Active
2026-06-21,Fruits,Raspberry -Packet,Berries,Usa,,,25.5,,,,,,Active
2026-06-21,Fruits,Strawberry Africa-Packet,Berries,,,,21.0,,,,,,Active
2026-06-21,Fruits,Chikoo -Plate,Chickoo,Thailand,,,25.0,,,,,,Active
2026-06-21,Fruits,Lemon,Citrus Fruits,India,1kg,,18.0,,,18.0,,Rawabi,Active
2026-06-21,Fruits,Lemon,Citrus Fruits,India,250g,,4.5,,,18.0,,Rawabi,Active
2026-06-21,Fruits,Lemon Africa,Citrus Fruits,,1kg,,9.75,,,9.75,,Rawabi,Active
2026-06-21,Fruits,Lemon Africa,Citrus Fruits,,250g,,2.5,,,10.0,,Rawabi,Active
2026-06-21,Fruits,Lime,Citrus Fruits,Vietnam,1kg,,14.0,,,14.0,,Rawabi,Active
2026-06-21,Fruits,Lime,Citrus Fruits,Vietnam,250g,,3.5,,,14.0,,Rawabi,Active
2026-06-21,Fruits,Mandarin,Citrus Fruits,Australia,1kg,,25.5,,,25.5,,Rawabi,Active
2026-06-21,Fruits,Mandarin,Citrus Fruits,China,1kg,,13.75,,,13.75,,Rawabi,Active
2026-06-21,Fruits,Mandarin Africa,Citrus Fruits,,1kg,,9.75,,,9.75,,Rawabi,Active
2026-06-21,Fruits,Mandarin Leanri Africa,Citrus Fruits,,1kg,,10.0,,,10.0,,Rawabi,Active
2026-06-21,Fruits,Orange Valencia,Citrus Fruits,Egypt,1kg,,4.5,,,4.5,,Rawabi,Active
2026-06-21,Fruits,Orangevalencia -Box,Citrus Fruits,Lebanon,,,34.0,,,,,,Active
2026-06-21,Fruits,Pomelo Africa,Citrus Fruits,,1kg,,17.0,,,17.0,,Rawabi,Active
2026-06-21,Fruits,Coconut,Coconut,India,1.0pc,,3.0,,,3000.0,,Rawabi,Active
2026-06-21,Fruits,Coconut Grated,Coconut,India,1.0pc,,3.5,,,3500.0,,Rawabi,Active
2026-06-21,Fruits,Coconut Young,Coconut,Sri Lanka,1.0pc,,13.0,,,13000.0,,Rawabi,Active
2026-06-21,Fruits,Fresh Coconut (By Air),Coconut,India,,,,7.0,,,,,Active
2026-06-21,Fruits,Fresh Shredded Coconut (By Sea),Coconut,India,,,,3.0,,,,,Active
2026-06-21,Fruits,Mushroom Chestnut -,Fresh Nuts,Holland,,,,15.5,,,,,Active
2026-06-21,Fruits,Grape Black Packet,Grapes,India,,,7.75,,,,,,Active
2026-06-21,Fruits,Grape Red,Grapes,Australia,1kg,,45.75,,,45.75,,Rawabi,Active
2026-06-21,Fruits,Grapefruit Africa,Grapes,,1kg,,11.5,,,11.5,,Rawabi,Active
2026-06-21,Fruits,Grapes White,Grapes,Australia,1kg,,54.0,,,54.0,,Rawabi,Active
2026-06-21,Fruits,Grapes White,Grapes,Australia,500g,,27.0,,,54.0,,Rawabi,Active
2026-06-21,Fruits,Grapes White -Packet,Grapes,India,,,6.0,,,,,,Active
2026-06-21,Fruits,Ash Banana,Green Banana,Sri Lanka,,,,9.5,,,,,Active
2026-06-21,Fruits,Curry Banana,Green Banana,India,,,,9.0,,,,,Active
2026-06-21,Fruits,Green Banana,Green Banana,Uganda,1kg,,18.5,,,18.5,,Rawabi,Active
2026-06-21,Fruits,Green Banana,Green Banana,India,1kg,,11.5,,,11.5,,Rawabi,Active
2026-06-21,Fruits,Peeled Jackfruit Packet,Jackfruit,India,,,7.5,,,,,,Active
2026-06-21,Fruits,Kiwi Gold New Zealand,Kiwi,,1kg,,62.0,,,62.0,,Rawabi,Active
2026-06-21,Fruits,Kiwi Gold New Zealand,Kiwi,,250g,,15.5,,,62.0,,Rawabi,Active
2026-06-21,Fruits,Mango Alphonsa,Mangoes,India,1kg,,23.0,,,23.0,,Rawabi,Active
2026-06-21,Fruits,Mango Alphonso Cartoon,Mangoes,India,,,49.0,,,,,,Active
2026-06-21,Fruits,Mango Colombia-Box,Mangoes,,,,125.0,,,,,,Active
2026-06-21,Fruits,Mango Galbetor Yeman,Mangoes,,1kg,,9.75,,,9.75,,Rawabi,Active
2026-06-21,Fruits,Mango Mallika,Mangoes,India,1kg,,23.0,,,23.0,,Rawabi,Active
2026-06-21,Fruits,Mango Yemen Cartoon,Mangoes,,,,32.0,,,,,,Active
2026-06-21,Fruits,Mangosteen Packet,Mangoes,Thailand,,,25.0,,,,,,Active
2026-06-21,Fruits,Water Melon,Melons,Jordan,1kg,,4.5,,,4.5,,Rawabi,Active
2026-06-21,Fruits,Nectarine,Nectarine,Jordan,1kg,,16.5,,,16.5,,Rawabi,Active
2026-06-21,Fruits,Dragon Fruit Red,Other Fruits,,1kg,,55.0,,,55.0,,Rawabi,Active
2026-06-21,Fruits,Dragon Fruit Red,Other Fruits,,500g,,27.5,,,55.0,,Rawabi,Active
2026-06-21,Fruits,Jack Fruit,Other Fruits,India,1kg,,17.5,,,17.5,,Rawabi,Active
2026-06-21,Fruits,Jack Fruit -Packet,Other Fruits,Thailand,,,13.5,,,,,,Active
2026-06-21,Fruits,Passionfruit Pte Packet,Other Fruits,Thailand,,,24.0,,,,,,Active
2026-06-21,Fruits,Green Papaya,Papaya,India,1kg,,16.5,,,16.5,,Rawabi,Active
2026-06-21,Fruits,Lady Papaya,Papaya,Sri Lanka,1kg,,18.5,,,18.5,,Rawabi,Active
2026-06-21,Fruits,Papaya,Papaya,Thailand,1kg,,46.0,,,46.0,,Rawabi,Active
2026-06-21,Fruits,Papaya,Papaya,India,1kg,,18.5,,,18.5,,Rawabi,Active
2026-06-21,Fruits,Peach Round Packet,Peaches,Jordan,,,14.5,,,,,,Active
2026-06-21,Fruits,Pear Africa,Pears,,1kg,,10.5,,,10.5,,Rawabi,Active
2026-06-21,Fruits,Pear Rose Africa,Pears,,1kg,,10.5,,,10.5,,Rawabi,Active
2026-06-21,Fruits,Plums Red Africa,Plums,,1kg,,16.5,,,16.5,,Rawabi,Active
2026-06-21,Fruits,Pomegranate,Pomegranates,India,1kg,,21.0,,,21.0,,Rawabi,Active
2026-06-21,Fruits,Pomegranate,Pomegranates,India,500g,,10.5,,,21.0,,Rawabi,Active
2026-06-21,Fruits,Pomegranate,Pomegranates,Peru,1kg,,23.0,,,23.0,,Rawabi,Active
2026-06-21,Fruits,Pomegranate Air-Carton,Pomegranates,India,,,33.0,,,,,,Active
2026-06-21,Vegetables,Asparagus Plate,Asparagus,Thailand,,,10.0,,,,,,Active
2026-06-21,Vegetables,Beetroot,Beetroot,India,1kg,,18.0,,,18.0,,Rawabi,Active
2026-06-21,Vegetables,Beetroot Cooked,Beetroot,,500g,,,22.0,,,44.0,Family,Active
2026-06-21,Vegetables,Beetroot Cooked -Packet,Beetroot,Holland,,,15.75,,,,,,Active
2026-06-21,Vegetables,Cabbage,Cabbage & Broccoli,India,,,,8.75,,,,,Active
2026-06-21,Vegetables,Cabbage,Cabbage & Broccoli,Qatar,,,,2.25,,,,,Active
2026-06-21,Vegetables,Cabbage Sliced,Cabbage & Broccoli,,1kg,,,10.0,,,10.0,Family,Active
2026-06-21,Vegetables,Cauliflower,Cabbage & Broccoli,Jordan,1kg,,8.5,,,8.5,,Rawabi,Active
2026-06-21,Vegetables,Cauliflower Mazra Doha,Cabbage & Broccoli,,1kg,,8.5,,,8.5,,Rawabi,Active
2026-06-21,Vegetables,Kohi,Cabbage & Broccoli,Bangladesh,,,,17.0,,,,,Active
2026-06-21,Vegetables,Capsicum,Capsicum,Holland,1kg,,41.0,,,41.0,,Rawabi,Active
2026-06-21,Vegetables,Capsicum,Capsicum,Holland,500g,,20.5,,,41.0,,Rawabi,Active
2026-06-21,Vegetables,Capsicum 4Color (Packet),Capsicum,Holland,,,19.0,,,,,,Active
2026-06-21,Vegetables,Capsicum Green,Capsicum,Jordan,1kg,,8.5,,,8.5,,Rawabi,Active
2026-06-21,Vegetables,Capsicum Green,Capsicum,Jordan,500g,,4.25,,,8.5,,Rawabi,Active
2026-06-21,Vegetables,Capsicum Mix Pkt,Capsicum,Holland,4.0pcs,,,29.0,,,7250.0,Family,Active
2026-06-21,Vegetables,Capsicum Orange,Capsicum,Holland,,,,11.0,,,,,Active
2026-06-21,Vegetables,Capsicum Orange,Capsicum,Holland,1kg,,42.0,,,42.0,,Rawabi,Active
2026-06-21,Vegetables,Capsicum Orange,Capsicum,Holland,500g,,21.0,,,42.0,,Rawabi,Active
2026-06-21,Vegetables,Capsicum Orange,Capsicum,Oman,1kg,,14.75,,,14.75,,Rawabi,Active
2026-06-21,Vegetables,Capsicum Red,Capsicum,Holland,,,,12.0,,,,,Active
2026-06-21,Vegetables,Capsicum Red,Capsicum,Holland,1kg,,44.0,,,44.0,,Rawabi,Active
2026-06-21,Vegetables,Capsicum Red,Capsicum,Holland,500g,,19.0,,,38.0,,Rawabi,Active
2026-06-21,Vegetables,Capsicum Red,Capsicum,Oman,1kg,,8.75,,,8.75,,Rawabi,Active
2026-06-21,Vegetables,Capsicum Yellow,Capsicum,Holland,,,,11.25,,,,,Active
2026-06-21,Vegetables,Capsicum Yellow,Capsicum,Holland,1kg,,44.0,,,44.0,,Rawabi,Active
2026-06-21,Vegetables,Capsicum Yellow,Capsicum,Holland,500g,,22.0,,,44.0,,Rawabi,Active
2026-06-21,Vegetables,Capsicum Yellow,Capsicum,Oman,1kg,,8.75,,,8.75,,Rawabi,Active
2026-06-21,Vegetables,Carrot,Carrots,Australia,,,,4.75,,,,,Active
2026-06-21,Vegetables,Carrot,Carrots,Australia,1kg,,9.5,,,9.5,,Rawabi,Active
2026-06-21,Vegetables,Carrot,Carrots,Australia,500g,,4.5,,,9.0,,Rawabi,Active
2026-06-21,Vegetables,Chow Chow (Chayote),Chayote,India,,,,8.75,,,,,Active
2026-06-21,Vegetables,Chilli Kanthari,Chillies & Spicy,India,1kg,,48.0,,,48.0,,Rawabi,Active
2026-06-21,Vegetables,Chilli Kanthari,Chillies & Spicy,India,250g,,12.0,,,48.0,,Rawabi,Active
2026-06-21,Vegetables,Chilly Green (Packet),Chillies & Spicy,Thailand,,,6.5,,,,,,Active
2026-06-21,Vegetables,Chilly Red,Chillies & Spicy,Holland,,,,15.0,,,,,Active
2026-06-21,Vegetables,Chilly Red (Packet),Chillies & Spicy,Thailand,,,7.0,,,,,,Active
2026-06-21,Vegetables,Chilly Round Green,Chillies & Spicy,India,,,,9.5,,,,,Active
2026-06-21,Vegetables,Ginger,Chillies & Spicy,China,,,,2.25,,,,,Active
2026-06-21,Vegetables,Ginger,Chillies & Spicy,China,1kg,,9.0,,,9.0,,Rawabi,Active
2026-06-21,Vegetables,Ginger,Chillies & Spicy,India,1kg,,19.75,,,19.75,,Rawabi,Active
2026-06-21,Vegetables,Ginger,Chillies & Spicy,Uganda,1kg,,24.5,,,24.5,,Rawabi,Active
2026-06-21,Vegetables,Ginger,Chillies & Spicy,China,250g,,2.25,,,9.0,,Rawabi,Active
2026-06-21,Vegetables,Ginger,Chillies & Spicy,India,250g,,5.0,,,20.0,,Rawabi,Active
2026-06-21,Vegetables,Ginger,Chillies & Spicy,Uganda,250g,,6.25,,,25.0,,Rawabi,Active
2026-06-21,Vegetables,Green Chilli,Chillies & Spicy,Uganda,,,,6.0,,,,,Active
2026-06-21,Vegetables,Hot Chilli,Chillies & Spicy,Qatar,,,,2.88,,,,,Active
2026-06-21,Vegetables,Hot Pepper Mix,Chillies & Spicy,Uganda,1kg,,38.0,,,38.0,,Rawabi,Active
2026-06-21,Vegetables,Hot Pepper Mix,Chillies & Spicy,Uganda,250g,,9.5,,,38.0,,Rawabi,Active
2026-06-21,Vegetables,Jalapeno Green,Chillies & Spicy,Holland,1kg,,70.0,,,70.0,,Rawabi,Active
2026-06-21,Vegetables,Jalapeno Green,Chillies & Spicy,Holland,250g,,17.5,,,70.0,,Rawabi,Active
2026-06-21,Vegetables,Jalapeno Red,Chillies & Spicy,Holland,1kg,,65.0,,,65.0,,Rawabi,Active
2026-06-21,Vegetables,Jalapeno Red,Chillies & Spicy,Holland,250g,,16.25,,,65.0,,Rawabi,Active
2026-06-21,Vegetables,Long Chilly Green Big,Chillies & Spicy,Jordan,1kg,,4.5,,,4.5,,Rawabi,Active
2026-06-21,Vegetables,Long Chilly Green Big,Chillies & Spicy,Jordan,250g,,1.25,,,5.0,,Rawabi,Active
2026-06-21,Vegetables,Fresh Fruit Basket,Combo Pack,,,,150.0,,,,,,Active
2026-06-21,Vegetables,Fresh Fruits Basket Small,Combo Pack,,,,130.0,,,,,,Active
2026-06-21,Vegetables,Mix Fruit Basket-Medium,Combo Pack,,,,250.0,,,,,,Active
2026-06-21,Vegetables,Mix Fruit Basket-Small,Combo Pack,,,,180.0,,,,,,Active
2026-06-21,Vegetables,Pinakbet Mixed,Combo Pack,,1kg,,,25.0,,,25.0,Family,Active
2026-06-21,Vegetables,Sambar Mixed Vegetable,Combo Pack,,,,,10.0,,,,,Active
2026-06-21,Vegetables,Baby Corn,Corns & Baby Corn,Thailand,125g,,,8.0,,,64.0,Family,Active
2026-06-21,Vegetables,Baby Corn (Packet),Corns & Baby Corn,Thailand,,,7.0,,,,,,Active
2026-06-21,Vegetables,Fruit'O Snack Boiled Sweet Corn Cob,Corns & Baby Corn,,270g,,,6.0,,,22.22,Family,Active
2026-06-21,Vegetables,Sweet Corn,Corns & Baby Corn,Jordan,,,,8.5,,,,,Active
2026-06-21,Vegetables,Sweet Corn,Corns & Baby Corn,Jordan,1kg,,7.5,,,7.5,,Rawabi,Active
2026-06-21,Vegetables,Sweet Corn Boiled,Corns & Baby Corn,India,1.0pc,,16.0,,,16000.0,,Rawabi,Active
2026-06-21,Vegetables,Sweet Corn Doha Packet,Corns & Baby Corn,,,,5.5,,,,,,Active
2026-06-21,Vegetables,Marrow (Kusa),Courgettes & Artichoke,Qatar,,,,3.75,,,,,Active
2026-06-21,Vegetables,Zucchini,Courgettes & Artichoke,Jordan,1kg,,5.0,,,5.0,,Rawabi,Active
2026-06-21,Vegetables,Cucumber,Cucumber,Qatar,,,,3.75,,,,,Active
2026-06-21,Vegetables,Cucumber Mazra Doha,Cucumber,,1kg,,7.5,,,7.5,,Rawabi,Active
2026-06-21,Vegetables,Cucumber Premium Doha,Cucumber,,1kg,,7.5,,,7.5,,Rawabi,Active
2026-06-21,Vegetables,Vellary Indian,Cucumber,India,1kg,,,19.0,,,19.0,Family,Active
2026-06-21,Vegetables,Yellow Cucumber,Cucumber,India,1kg,,18.5,,,18.5,,Rawabi,Active
2026-06-21,Vegetables,Garlic,Garlic,India,,,,12.25,,,,,Active
2026-06-21,Vegetables,Garlic,Garlic,Egypt,,,,8.0,,,,,Active
2026-06-21,Vegetables,Garlic,Garlic,China,1kg,,9.0,,,9.0,,Rawabi,Active
2026-06-21,Vegetables,Garlic,Garlic,India,1kg,,24.75,,,24.75,,Rawabi,Active
2026-06-21,Vegetables,Garlic,Garlic,China,250g,,2.25,,,9.0,,Rawabi,Active
2026-06-21,Vegetables,Garlic,Garlic,India,250g,,6.25,,,25.0,,Rawabi,Active
2026-06-21,Vegetables,Garlic Loose,Garlic,,,,,2.25,,,,,Active
2026-06-21,Vegetables,Garlic Packet Big,Garlic,China,,,10.0,,,,,,Active
2026-06-21,Vegetables,Garlic Peeled,Garlic,,1kg,,24.0,,,24.0,,Rawabi,Active
2026-06-21,Vegetables,Garlic Small Pkt ( ),Garlic,China,,,5.0,5.0,,,,,Active
2026-06-21,Vegetables,Peeled Garlic,Garlic,,250g,,6.0,8.5,,24.0,34.0,Rawabi,Active
2026-06-21,Vegetables,Ash Gourd(Kumbalam),Gourds,India,,,,17.5,,,,,Active
2026-06-21,Vegetables,Ashgourd,Gourds,Oman,1kg,,7.5,,,7.5,,Rawabi,Active
2026-06-21,Vegetables,Bitter Gourd,Gourds,India,1kg,,17.5,,,17.5,,Rawabi,Active
2026-06-21,Vegetables,Ivy Gourd (Kovakka) Indian,Gourds,India,1kg,,15.5,,,15.5,,Rawabi,Active
2026-06-21,Vegetables,Ivy Gourd (Tindly),Gourds,India,,,,10.0,,,,,Active
2026-06-21,Vegetables,Parwal,Gourds,Bangladesh,1kg,,16.0,,,16.0,,Rawabi,Active
2026-06-21,Vegetables,Ridge Gourd,Gourds,India,,,,9.75,,,,,Active
2026-06-21,Vegetables,Ridge Gourd,Gourds,India,1kg,,18.75,,,18.75,,Rawabi,Active
2026-06-21,Vegetables,Snake Gourd,Gourds,India,,,,9.0,,,,,Active
2026-06-21,Vegetables,Snake Gourd,Gourds,India,1kg,,19.5,,,19.5,,Rawabi,Active
2026-06-21,Vegetables,Celery,Herbs,Spain,,,,19.0,,,,,Active
2026-06-21,Vegetables,Celery Stick,Herbs,Spain,1kg,,32.0,,,32.0,,Rawabi,Active
2026-06-21,Vegetables,Celery Stick,Herbs,Spain,250g,,8.0,,,32.0,,Rawabi,Active
2026-06-21,Vegetables,Coriander (Ksa),Herbs,,,,,3.25,,,,,Active
2026-06-21,Vegetables,Coriander Leaves 1 Bunch,Herbs,Saudi,,,13.0,,,,,,Active
2026-06-21,Vegetables,Curry Leaves,Herbs,,,,3.0,,,,,,Active
2026-06-21,Vegetables,Curry Leaves,Herbs,Uganda,,,38.0,,,,,,Active
2026-06-21,Vegetables,Fennel,Herbs,,,,,20.0,,,,,Active
2026-06-21,Vegetables,Granadilla Fruit Colombia,Herbs,,1kg,,88.0,,,88.0,,Rawabi,Active
2026-06-21,Vegetables,Granadilla Fruit Colombia,Herbs,,250g,,22.0,,,88.0,,Rawabi,Active
2026-06-21,Vegetables,Green Basil ( ),Herbs,Kenya,,,,16.0,,,,,Active
2026-06-21,Vegetables,Lemon Grass,Herbs,,,,,5.5,,,,,Active
2026-06-21,Vegetables,Parsely (Ksa),Herbs,,,,,10.0,,,,,Active
2026-06-21,Vegetables,Rosemary,Herbs,Kenya,1.0pc,,10.0,,,10000.0,,Rawabi,Active
2026-06-21,Vegetables,Thyme Green Thin,Herbs,,,,,16.0,,,,,Active
2026-06-21,Vegetables,Bhindi (Lady'S Finger),Lady Finger,India,,,,9.25,,,,,Active
2026-06-21,Vegetables,Lady Finger,Lady Finger,India,1kg,,17.5,,,17.5,,Rawabi,Active
2026-06-21,Vegetables,Arugula (Jerjir)Leaves Doha,Leafy Vegetables,,500g,,3.75,,,7.5,,Rawabi,Active
2026-06-21,Vegetables,Arugula (Jerjir)Leaves Doha 1 Bunch,Leafy Vegetables,,,,7.5,,,,,,Active
2026-06-21,Vegetables,Baby Rocket -Packet,Leafy Vegetables,Italy,,,10.5,,,,,,Active
2026-06-21,Vegetables,Baby Spinach,Leafy Vegetables,Italy,125g,,,14.0,,,112.0,Family,Active
2026-06-21,Vegetables,Baby Spinach Leaves -Packet,Leafy Vegetables,Italy,,,9.0,,,,,,Active
2026-06-21,Vegetables,Kale Leaves,Leafy Vegetables,Holland,1kg,,65.0,,,65.0,,Rawabi,Active
2026-06-21,Vegetables,Kale Leaves,Leafy Vegetables,Holland,250g,,14.25,,,57.0,,Rawabi,Active
2026-06-21,Vegetables,Kangkong Doha,Leafy Vegetables,,1.0pc,,7.0,,,7000.0,,Rawabi,Active
2026-06-21,Vegetables,Lettuce,Leafy Vegetables,Oman,1kg,,9.75,,,9.75,,Rawabi,Active
2026-06-21,Vegetables,Lettuce,Leafy Vegetables,Oman,500g,,5.0,,,10.0,,Rawabi,Active
2026-06-21,Vegetables,Lettuce Bionda/ Rossa Mix,Leafy Vegetables,,125g,,,14.0,,,112.0,Family,Active
2026-06-21,Vegetables,Lettuce Boston Soft,Leafy Vegetables,Holland,,,,16.25,,,,,Active
2026-06-21,Vegetables,Lettuce Gem Tray,Leafy Vegetables,Spain,,,,15.0,,,,,Active
2026-06-21,Vegetables,Lettuce Ice Berge,Leafy Vegetables,Jordan,1kg,,7.5,,,7.5,,Rawabi,Active
2026-06-21,Vegetables,Lettuce Ice Berge,Leafy Vegetables,Spain,1kg,,38.0,,,38.0,,Rawabi,Active
2026-06-21,Vegetables,Lettuce Ice Berge,Leafy Vegetables,Jordan,250g,,1.75,,,7.0,,Rawabi,Active
2026-06-21,Vegetables,Lettuce Ice Berge,Leafy Vegetables,Spain,250g,,9.5,,,38.0,,Rawabi,Active
2026-06-21,Vegetables,Lettuce Lollo Rossa,Leafy Vegetables,,,,,18.75,,,,,Active
2026-06-21,Vegetables,Molokhia Doha,Leafy Vegetables,,,,8.0,,,,,,Active
2026-06-21,Vegetables,Molokhia Doha,Leafy Vegetables,,250g,,2.0,,,8.0,,Rawabi,Active
2026-06-21,Vegetables,Red Chard Mix,Leafy Vegetables,Italy,125g,,,10.0,,,80.0,Family,Active
2026-06-21,Vegetables,Red Spinach Doha 1 Bunch,Leafy Vegetables,,,,7.0,,,,,,Active
2026-06-21,Vegetables,Rocket Leaves,Leafy Vegetables,Italy,125g,,,14.0,,,112.0,Family,Active
2026-06-21,Vegetables,Ruwaith Leaves Doha,Leafy Vegetables,,1.0pc,,6.5,,,6500.0,,Rawabi,Active
2026-06-21,Vegetables,Leeks,Leeks/Spring Onions,Holland,,,,9.5,,,,,Active
2026-06-21,Vegetables,Leeks,Leeks/Spring Onions,Holland,1kg,,35.0,,,35.0,,Rawabi,Active
2026-06-21,Vegetables,Leeks,Leeks/Spring Onions,Holland,250g,,8.75,,,35.0,,Rawabi,Active
2026-06-21,Vegetables,Agrico Eggplant,Mushrooms,Qatar,,,,7.5,,,,,Active
2026-06-21,Vegetables,Agrico Mushroom White Bottom,Mushrooms,Qatar,250g,,,7.0,,,28.0,Family,Active
2026-06-21,Vegetables,Agrico Mushroom White Doha Packet,Mushrooms,,,,7.0,,,,,,Active
2026-06-21,Vegetables,Mushroom Brown Doha-Packet,Mushrooms,,,,8.5,,,,,,Active
2026-06-21,Vegetables,Mushroom Mix Doha Packet,Mushrooms,,,,13.0,,,,,,Active
2026-06-21,Vegetables,Mushroom Slice,Mushrooms,Qatar,,,,8.5,,,,,Active
2026-06-21,Vegetables,Mushroom Slice Doha-Packet,Mushrooms,,,,8.5,,,,,,Active
2026-06-21,Vegetables,Mushrooms Portobello,Mushrooms,,,,,19.5,,,,,Active
2026-06-21,Vegetables,Onion Big,Onion,India,1kg,,4.5,,,4.5,,Rawabi,Active
2026-06-21,Vegetables,Onion Brown,Onion,Australia,1kg,,8.0,,,8.0,,Rawabi,Active
2026-06-21,Vegetables,Onion Medium Bag,Onion,India,,,19.0,,,,,,Active
2026-06-21,Vegetables,Onion Small,Onion,India,,,,5.0,,,,,Active
2026-06-21,Vegetables,Onion Small,Onion,India,1kg,,19.0,,,19.0,,Rawabi,Active
2026-06-21,Vegetables,Onion Small Bag,Onion,India,,,14.5,,,,,,Active
2026-06-21,Vegetables,Onion Yeman,Onion,,1kg,,4.5,,,4.5,,Rawabi,Active
2026-06-21,Vegetables,Onion Yemen,Onion,,,,,4.5,,,,,Active
2026-06-21,Vegetables,Amla (Gooseberry),Other Vegetables,India,,,,11.0,,,,,Active
2026-06-21,Vegetables,Bagal Leaves,Other Vegetables,,1.0pc,,9.0,,,9000.0,,Rawabi,Active
2026-06-21,Vegetables,Drumstick,Other Vegetables,India,,,,9.5,,,,,Active
2026-06-21,Vegetables,Drumstick,Other Vegetables,India,1kg,,17.0,,,17.0,,Rawabi,Active
2026-06-21,Vegetables,Drumstick Leaves,Other Vegetables,India,1.0pc,,6.0,,,6000.0,,Rawabi,Active
2026-06-21,Vegetables,Drumstick Leaves Pkt ( ),Other Vegetables,India,150g,,,5.5,,,36.67,Family,Active
2026-06-21,Vegetables,Eggplant,Other Vegetables,Holland,,,,28.0,,,,,Active
2026-06-21,Vegetables,Eggplant Long Arabia,Other Vegetables,Saudi,1kg,,13.75,,,13.75,,Rawabi,Active
2026-06-21,Vegetables,Eggplant Mazra Doha,Other Vegetables,,1kg,,6.0,,,6.0,,Rawabi,Active
2026-06-21,Vegetables,Eggplant Purple,Other Vegetables,Qatar,,,,8.5,,,,,Active
2026-06-21,Vegetables,Fig,Other Vegetables,Turkey,1kg,,46.0,,,46.0,,Rawabi,Active
2026-06-21,Vegetables,Govar,Other Vegetables,India,1kg,,17.5,,,17.5,,Rawabi,Active
2026-06-21,Vegetables,Guava -Packet,Other Vegetables,Thailand,,,32.0,,,,,,Active
2026-06-21,Vegetables,Guava Red,Other Vegetables,Thailand,1kg,,42.0,,,42.0,,Rawabi,Active
2026-06-21,Vegetables,Guava Red -Packet,Other Vegetables,Thailand,,,34.0,,,,,,Active
2026-06-21,Vegetables,Lollo Bioanda,Other Vegetables,Holland,1kg,,60.0,,,60.0,,Rawabi,Active
2026-06-21,Vegetables,Lollo Bioanda,Other Vegetables,Holland,250g,,15.0,,,60.0,,Rawabi,Active
2026-06-21,Vegetables,Longan -Packet,Other Vegetables,Thailand,,,24.0,,,,,,Active
2026-06-21,Vegetables,Palak Leaves Doha,Other Vegetables,,1.0pc,,5.0,,,5000.0,,Rawabi,Active
2026-06-21,Vegetables,Premium Eggplant Pkt,Other Vegetables,Qatar,1kg,,,7.5,,,7.5,Family,Active
2026-06-21,Vegetables,Rambutan -Packet,Other Vegetables,Thailand,,,25.0,,,,,,Active
2026-06-21,Vegetables,Beans,Peas & Beans,India,1kg,,21.0,,,21.0,,Rawabi,Active
2026-06-21,Vegetables,Cluster Beans,Peas & Beans,India,,,,9.5,,,,,Active
2026-06-21,Vegetables,Indian Beans,Peas & Beans,India,,,,10.0,,,,,Active
2026-06-21,Vegetables,Mutter,Peas & Beans,Pakistan,1kg,,27.0,,,27.0,,Rawabi,Active
2026-06-21,Vegetables,Aravi Big,Potatoes & Starchy Vegetables,India,,,,8.0,,,,,Active
2026-06-21,Vegetables,Potato,Potatoes & Starchy Vegetables,Pakistan,1kg,,3.0,,,3.0,,Rawabi,Active
2026-06-21,Vegetables,Potato Bag,Potatoes & Starchy Vegetables,Pakistan,,,8.0,,,,,,Active
2026-06-21,Vegetables,Potato Bag,Potatoes & Starchy Vegetables,Saudi,1kg,,13.0,,,13.0,,Rawabi,Active
2026-06-21,Vegetables,Potato Syria,Potatoes & Starchy Vegetables,,1kg,,3.0,,,3.0,,Rawabi,Active
2026-06-21,Vegetables,Potatoes White Chat Small,Potatoes & Starchy Vegetables,Australia,,,,27.0,,,,,Active
2026-06-21,Vegetables,Sweet Potato,Potatoes & Starchy Vegetables,Usa,,,,17.5,,,,,Active
2026-06-21,Vegetables,Sweet Potato,Potatoes & Starchy Vegetables,Bangladesh,,,,17.0,,,,,Active
2026-06-21,Vegetables,Sweet Potato By Air,Potatoes & Starchy Vegetables,Uganda,1kg,,18.5,,,18.5,,Rawabi,Active
2026-06-21,Vegetables,Tapioca,Potatoes & Starchy Vegetables,India,1kg,,16.75,,,16.75,,Rawabi,Active
2026-06-21,Vegetables,Taro Root,Potatoes & Starchy Vegetables,,,,,53.0,,,,,Active
2026-06-21,Vegetables,Yam,Potatoes & Starchy Vegetables,India,1kg,,6.5,,,6.5,,Rawabi,Active
2026-06-21,Vegetables,Butter Nut Pumpkin Africa,Pumpkin,,1kg,,9.75,,,9.75,,Rawabi,Active
2026-06-21,Vegetables,Disco Pumpkin,Pumpkin,India,1kg,,15.5,,,15.5,,Rawabi,Active
2026-06-21,Vegetables,Pumpkin Doha,Pumpkin,,1kg,,5.0,,,5.0,,Rawabi,Active
2026-06-21,Vegetables,Pumpkin Mathan Green,Pumpkin,India,,,,13.75,,,,,Active
2026-06-21,Vegetables,Pumpkin Medium,Pumpkin,India,,,,8.75,,,,,Active
2026-06-21,Vegetables,Radish Ksa,Raddish,,,,,3.5,,,,,Active
2026-06-21,Vegetables,Radish Red -Packet,Raddish,Holland,,,5.5,,,,,,Active
2026-06-21,Vegetables,Red Radish,Raddish,Holland,1kg,,33.5,32.0,,33.5,32.0,Family,Active
2026-06-21,Vegetables,Red Radish Poly Bag,Raddish,,125g,,,6.5,,,52.0,Family,Active
2026-06-21,Vegetables,Peeled Shallot Packet,Shallots,India,,,7.0,,,,,,Active
2026-06-21,Vegetables,Arigni Green Gram Sprouts,Sprouts,,200g,,,5.75,,,28.75,Family,Active
2026-06-21,Vegetables,Mung Bean Sprouts Pkts,Sprouts,,,,,6.5,,,,,Active
2026-06-21,Vegetables,Cherry Tomato -Packet,Tomato,Morocco,,,10.0,,,,,,Active
2026-06-21,Vegetables,Tomato,Tomato,Qatar,,,,2.5,,,,,Active
2026-06-21,Vegetables,Tomato Cherry Mix Carnival,Tomato,Holland,,,18.0,,,,,,Active
2026-06-21,Vegetables,Tomato Sweet Cherry Vine Netherland,Tomato,,,,68.0,,,,,,Active
2026-06-21,Vegetables,Tomato Syria,Tomato,,,,,2.5,,,,,Active
2026-06-21,Vegetables,Tomato Syria,Tomato,,1kg,,5.0,,,5.0,,Rawabi,Active
2026-06-21,Vegetables,Tomato Tommys Pkt ( ),Tomato,Spain,500g,,,44.0,,,88.0,Family,Active
2026-06-21,Vegetables,Tomatoes Cherry Plum,Tomato,,250g,,,20.0,,,80.0,Family,Active
2026-06-21,Vegetables,Turmeric,Turmeric,India,,,,3.5,,,,,Active
2026-06-21,Vegetables,Turmeric,Turmeric,India,1kg,,17.5,,,17.5,,Rawabi,Active
2026-06-21,Vegetables,Turmeric,Turmeric,India,250g,,4.5,,,18.0,,Rawabi,Active
2026-06-21,Vegetables,Turmeric -Packet,Turmeric,Thailand,,,6.5,,,,,,Active
2026-06-21,Vegetables,Jalapeno Hot Red Pepper,Chillies & Spicy,Usa,,,,,,,,,Market Out
2026-06-21,Vegetables,Bagal,Other Vegetables,,,,,,,,,,Market Out
2026-06-21,Vegetables,Tomato Cherry Red Vine,Tomato,,,,,,,,,,Market Out
2026-06-20,Fruits,Banana Flower,Banana,India,,,,17.5,,,,,Active
2026-06-20,Fruits,Banana Green,Banana,India,,,,5.5,,,,,Active
2026-06-20,Fruits,Physalis,Berries,,125g,,,11.0,,,88.0,Family,Active
2026-06-20,Fruits,Fresh Shredded Coconut (By Sea),Coconut,India,,,,3.0,,,,,Active
2026-06-20,Fruits,Mushroom Chestnut -,Fresh Nuts,Holland,,,,15.5,,,,,Active
2026-06-20,Fruits,Ash Banana,Green Banana,Sri Lanka,,,,9.5,,,,,Active
2026-06-20,Fruits,Curry Banana,Green Banana,India,,,,9.0,,,,,Active
2026-06-20,Vegetables,Beetroot Cooked,Beetroot,,500g,,,22.0,,,44.0,Family,Active
2026-06-20,Vegetables,Cabbage,Cabbage & Broccoli,India,,,,8.75,,,,,Active
2026-06-20,Vegetables,Cabbage,Cabbage & Broccoli,Qatar,,,,2.25,,,,,Active
2026-06-20,Vegetables,Cabbage Sliced,Cabbage & Broccoli,,1kg,,,10.0,,,10.0,Family,Active
2026-06-20,Vegetables,Kohi,Cabbage & Broccoli,Bangladesh,,,,17.0,,,,,Active
2026-06-20,Vegetables,Capsicum,Capsicum,Qatar,,,,6.0,,,,,Active
2026-06-20,Vegetables,Capsicum Mix Pkt,Capsicum,Holland,4.0pcs,,,29.0,,,7250.0,Family,Active
2026-06-20,Vegetables,Capsicum Orange,Capsicum,Holland,,,,11.0,,,,,Active
2026-06-20,Vegetables,Capsicum Red,Capsicum,Holland,,,,12.0,,,,,Active
2026-06-20,Vegetables,Capsicum Yellow,Capsicum,Holland,,,,11.25,,,,,Active
2026-06-20,Vegetables,Carrot,Carrots,Australia,,,,4.5,,,,,Active
2026-06-20,Vegetables,Chow Chow (Chayote),Chayote,India,,,,8.75,,,,,Active
2026-06-20,Vegetables,Chilly Red,Chillies & Spicy,Holland,,,,15.0,,,,,Active
2026-06-20,Vegetables,Chilly Round Green,Chillies & Spicy,India,,,,9.5,,,,,Active
2026-06-20,Vegetables,Ginger,Chillies & Spicy,China,,,,2.25,,,,,Active
2026-06-20,Vegetables,Green Chilli,Chillies & Spicy,Uganda,,,,6.0,,,,,Active
2026-06-20,Vegetables,Hot Chilli,Chillies & Spicy,Qatar,,,,2.88,,,,,Active
2026-06-20,Vegetables,Jalapeno Hot Red Pepper,Chillies & Spicy,Usa,,,,65.0,,,,,Active
2026-06-20,Vegetables,Pinakbet Mixed,Combo Pack,,1kg,,,25.0,,,25.0,Family,Active
2026-06-20,Vegetables,Sambar Mixed Vegetable,Combo Pack,,,,,10.0,,,,,Active
2026-06-20,Vegetables,Baby Corn,Corns & Baby Corn,Thailand,125g,,,8.0,,,64.0,Family,Active
2026-06-20,Vegetables,Fruit'O Snack Boiled Sweet Corn Cob,Corns & Baby Corn,,270g,,,6.0,,,22.22,Family,Active
2026-06-20,Vegetables,Sweet Corn,Corns & Baby Corn,Jordan,,,,8.5,,,,,Active
2026-06-20,Vegetables,Marrow (Kusa),Courgettes & Artichoke,Qatar,,,,3.75,,,,,Active
2026-06-20,Vegetables,Cucumber,Cucumber,Qatar,,,,3.75,,,,,Active
2026-06-20,Vegetables,Vellary Indian,Cucumber,India,1kg,,,19.0,,,19.0,Family,Active
2026-06-20,Vegetables,Garlic,Garlic,India,,,,12.25,,,,,Active
2026-06-20,Vegetables,Garlic,Garlic,Egypt,,,,8.0,,,,,Active
2026-06-20,Vegetables,Garlic Loose,Garlic,,,,,2.25,,,,,Active
2026-06-20,Vegetables,Garlic Small Pkt ( ),Garlic,China,,,,5.0,,,,,Active
2026-06-20,Vegetables,Peeled Garlic,Garlic,,250g,,,8.5,,,34.0,Family,Active
2026-06-20,Vegetables,Ash Gourd(Kumbalam),Gourds,India,,,,17.5,,,,,Active
2026-06-20,Vegetables,Ivy Gourd (Tindly),Gourds,India,,,,10.0,,,,,Active
2026-06-20,Vegetables,Ridge Gourd,Gourds,India,,,,9.75,,,,,Active
2026-06-20,Vegetables,Snake Gourd,Gourds,India,,,,9.0,,,,,Active
2026-06-20,Vegetables,Celery,Herbs,Spain,,,,19.0,,,,,Active
2026-06-20,Vegetables,Coriander (Ksa),Herbs,,,,,3.5,,,,,Active
2026-06-20,Vegetables,Fennel,Herbs,,,,,20.0,,,,,Active
2026-06-20,Vegetables,Green Basil ( ),Herbs,Kenya,,,,16.0,,,,,Active
2026-06-20,Vegetables,Lemon Grass,Herbs,,,,,5.5,,,,,Active
2026-06-20,Vegetables,Parsely (Ksa),Herbs,,,,,10.0,,,,,Active
2026-06-20,Vegetables,Thyme Green Thin,Herbs,,,,,16.0,,,,,Active
2026-06-20,Vegetables,Bhindi (Lady'S Finger),Lady Finger,India,,,,9.25,,,,,Active
2026-06-20,Vegetables,Baby Spinach,Leafy Vegetables,Italy,125g,,,14.0,,,112.0,Family,Active
2026-06-20,Vegetables,Lettuce Bionda/ Rossa Mix,Leafy Vegetables,,125g,,,14.0,,,112.0,Family,Active
2026-06-20,Vegetables,Lettuce Boston Soft,Leafy Vegetables,Holland,,,,16.25,,,,,Active
2026-06-20,Vegetables,Lettuce Gem Tray,Leafy Vegetables,Spain,,,,15.0,,,,,Active
2026-06-20,Vegetables,Lettuce Lollo Rossa,Leafy Vegetables,,,,,18.75,,,,,Active
2026-06-20,Vegetables,Red Chard Mix,Leafy Vegetables,Italy,125g,,,10.0,,,80.0,Family,Active
2026-06-20,Vegetables,Rocket Leaves,Leafy Vegetables,Italy,125g,,,14.0,,,112.0,Family,Active
2026-06-20,Vegetables,Leeks,Leeks/Spring Onions,Holland,,,,9.5,,,,,Active
2026-06-20,Vegetables,Agrico Eggplant,Mushrooms,Qatar,,,,7.5,,,,,Active
2026-06-20,Vegetables,Agrico Mushroom White Bottom,Mushrooms,Qatar,250g,,,7.0,,,28.0,Family,Active
2026-06-20,Vegetables,Mushroom Slice,Mushrooms,Qatar,,,,8.5,,,,,Active
2026-06-20,Vegetables,Mushrooms Portobello,Mushrooms,,,,,19.5,,,,,Active
2026-06-20,Vegetables,Onion Small,Onion,India,,,,5.0,,,,,Active
2026-06-20,Vegetables,Onion Yemen,Onion,,,,,4.5,,,,,Active
2026-06-20,Vegetables,Amla (Gooseberry),Other Vegetables,India,,,,11.0,,,,,Active
2026-06-20,Vegetables,Bagal,Other Vegetables,,,,,5.0,,,,,Active
2026-06-20,Vegetables,Drumstick,Other Vegetables,India,,,,9.5,,,,,Active
2026-06-20,Vegetables,Drumstick Leaves Pkt ( ),Other Vegetables,India,150g,,,5.5,,,36.67,Family,Active
2026-06-20,Vegetables,Eggplant,Other Vegetables,Holland,,,,28.0,,,,,Active
2026-06-20,Vegetables,Eggplant Purple,Other Vegetables,Qatar,,,,8.5,,,,,Active
2026-06-20,Vegetables,Premium Eggplant Pkt,Other Vegetables,Qatar,1kg,,,7.5,,,7.5,Family,Active
2026-06-20,Vegetables,Cluster Beans,Peas & Beans,India,,,,9.5,,,,,Active
2026-06-20,Vegetables,Indian Beans,Peas & Beans,India,,,,10.0,,,,,Active
2026-06-20,Vegetables,Aravi Big,Potatoes & Starchy Vegetables,India,,,,8.0,,,,,Active
2026-06-20,Vegetables,Potatoes White Chat Small,Potatoes & Starchy Vegetables,Australia,,,,27.0,,,,,Active
2026-06-20,Vegetables,Sweet Potato,Potatoes & Starchy Vegetables,Bangladesh,,,,17.0,,,,,Active
2026-06-20,Vegetables,Sweet Potato,Potatoes & Starchy Vegetables,Usa,,,,17.5,,,,,Active
2026-06-20,Vegetables,Taro Root,Potatoes & Starchy Vegetables,,,,,53.0,,,,,Active
2026-06-20,Vegetables,Pumpkin Mathan Green,Pumpkin,India,,,,13.75,,,,,Active
2026-06-20,Vegetables,Pumpkin Medium,Pumpkin,India,,,,8.75,,,,,Active
2026-06-20,Vegetables,Red Radish,Raddish,Holland,1kg,,,32.0,,,32.0,Family,Active
2026-06-20,Vegetables,Red Radish Poly Bag,Raddish,,125g,,,6.5,,,52.0,Family,Active
2026-06-20,Vegetables,Arigni Green Gram Sprouts,Sprouts,,200g,,,5.75,,,28.75,Family,Active
2026-06-20,Vegetables,Mung Bean Sprouts Pkts,Sprouts,,,,,6.5,,,,,Active
2026-06-20,Vegetables,Tomato,Tomato,Oman,,,,1.75,,,,,Active
2026-06-20,Vegetables,Tomato,Tomato,Qatar,,,,2.5,,,,,Active
2026-06-20,Vegetables,Tomato Cherry Red Vine,Tomato,,,,,12.5,,,,,Active
2026-06-20,Vegetables,Tomato Syria,Tomato,,,,,2.5,,,,,Active
2026-06-20,Vegetables,Tomato Tommys Pkt ( ),Tomato,Spain,500g,,,44.0,,,88.0,Family,Active
2026-06-20,Vegetables,Tomatoes Cherry Plum,Tomato,,250g,,,20.0,,,80.0,Family,Active
2026-06-20,Vegetables,Turmeric,Turmeric,India,,,,3.5,,,,,Active
2026-06-20,Vegetables,Hot Chilli Gazali,Chillies & Spicy,Qatar,,,,,,,,,Market Out
2026-06-20,Vegetables,Shimenji White Mushroom,Mushrooms,,150g,,,,,,,,Market Out
2026-06-20,Vegetables,Beans,Peas & Beans,Qatar,,,,,,,,,Market Out
2026-06-20,Vegetables,Potato,Potatoes & Starchy Vegetables,,,,,,,,,,Market Out
2026-06-20,Vegetables,Yam Indian,Potatoes & Starchy Vegetables,India,,,,,,,,,Market Out
2026-06-19,Fruits,Banana Flower,Banana,India,,,,17.5,,,,,Active
2026-06-19,Fruits,Banana Green,Banana,India,,,,5.5,,,,,Active
2026-06-19,Fruits,Physalis,Berries,,125g,,,11.0,,,88.0,Family,Active
2026-06-19,Fruits,Fresh Shredded Coconut (By Sea),Coconut,India,,,,3.0,,,,,Active
2026-06-19,Fruits,Mushroom Chestnut -,Fresh Nuts,Holland,,,,15.5,,,,,Active
2026-06-19,Fruits,Ash Banana,Green Banana,Sri Lanka,,,,9.5,,,,,Active
2026-06-19,Fruits,Curry Banana,Green Banana,India,,,,9.0,,,,,Active
2026-06-19,Vegetables,Beetroot Cooked,Beetroot,,500g,,,22.0,,,44.0,Family,Active
2026-06-19,Vegetables,Cabbage,Cabbage & Broccoli,India,,,,8.75,,,,,Active
2026-06-19,Vegetables,Cabbage,Cabbage & Broccoli,Qatar,,,,2.25,,,,,Active
2026-06-19,Vegetables,Cabbage Sliced,Cabbage & Broccoli,,1kg,,,10.0,,,10.0,Family,Active
2026-06-19,Vegetables,Kohi,Cabbage & Broccoli,Bangladesh,,,,17.0,,,,,Active
2026-06-19,Vegetables,Capsicum,Capsicum,Qatar,,,,6.0,,,,,Active
2026-06-19,Vegetables,Capsicum Mix Pkt,Capsicum,Holland,4.0pcs,,,29.0,,,7250.0,Family,Active
2026-06-19,Vegetables,Capsicum Orange,Capsicum,Holland,,,,11.0,,,,,Active
2026-06-19,Vegetables,Capsicum Red,Capsicum,Holland,,,,12.0,,,,,Active
2026-06-19,Vegetables,Capsicum Yellow,Capsicum,Holland,,,,11.25,,,,,Active
2026-06-19,Vegetables,Carrot,Carrots,Australia,,,,4.5,,,,,Active
2026-06-19,Vegetables,Chow Chow (Chayote),Chayote,India,,,,8.75,,,,,Active
2026-06-19,Vegetables,Chilly Red,Chillies & Spicy,Holland,,,,15.0,,,,,Active
2026-06-19,Vegetables,Chilly Round Green,Chillies & Spicy,India,,,,9.5,,,,,Active
2026-06-19,Vegetables,Ginger,Chillies & Spicy,China,,,,2.25,,,,,Active
2026-06-19,Vegetables,Green Chilli,Chillies & Spicy,Uganda,,,,6.0,,,,,Active
2026-06-19,Vegetables,Hot Chilli,Chillies & Spicy,Qatar,,,,2.88,,,,,Active
2026-06-19,Vegetables,Hot Chilli Gazali,Chillies & Spicy,Qatar,,,,11.5,,,,,Active
2026-06-19,Vegetables,Jalapeno Hot Red Pepper,Chillies & Spicy,Usa,,,,65.0,,,,,Active
2026-06-19,Vegetables,Pinakbet Mixed,Combo Pack,,1kg,,,25.0,,,25.0,Family,Active
2026-06-19,Vegetables,Sambar Mixed Vegetable,Combo Pack,,,,,10.0,,,,,Active
2026-06-19,Vegetables,Baby Corn,Corns & Baby Corn,Thailand,125g,,,8.0,,,64.0,Family,Active
2026-06-19,Vegetables,Fruit'O Snack Boiled Sweet Corn Cob,Corns & Baby Corn,,270g,,,6.0,,,22.22,Family,Active
2026-06-19,Vegetables,Marrow (Kusa),Courgettes & Artichoke,Qatar,,,,3.75,,,,,Active
2026-06-19,Vegetables,Cucumber,Cucumber,Qatar,,,,3.75,,,,,Active
2026-06-19,Vegetables,Vellary Indian,Cucumber,India,1kg,,,19.0,,,19.0,Family,Active
2026-06-19,Vegetables,Garlic,Garlic,Egypt,,,,8.0,,,,,Active
2026-06-19,Vegetables,Garlic,Garlic,India,,,,12.25,,,,,Active
2026-06-19,Vegetables,Garlic Loose,Garlic,,,,,2.25,,,,,Active
2026-06-19,Vegetables,Garlic Small Pkt ( ),Garlic,China,,,,5.0,,,,,Active
2026-06-19,Vegetables,Peeled Garlic,Garlic,,250g,,,8.5,,,34.0,Family,Active
2026-06-19,Vegetables,Ash Gourd(Kumbalam),Gourds,India,,,,17.5,,,,,Active
2026-06-19,Vegetables,Ivy Gourd (Tindly),Gourds,India,,,,10.0,,,,,Active
2026-06-19,Vegetables,Ridge Gourd,Gourds,India,,,,9.75,,,,,Active
2026-06-19,Vegetables,Snake Gourd,Gourds,India,,,,9.0,,,,,Active
2026-06-19,Vegetables,Celery,Herbs,Spain,,,,19.0,,,,,Active
2026-06-19,Vegetables,Coriander (Ksa),Herbs,,,,,3.5,,,,,Active
2026-06-19,Vegetables,Fennel,Herbs,,,,,20.0,,,,,Active
2026-06-19,Vegetables,Green Basil ( ),Herbs,Kenya,,,,16.0,,,,,Active
2026-06-19,Vegetables,Lemon Grass,Herbs,,,,,5.5,,,,,Active
2026-06-19,Vegetables,Parsely (Ksa),Herbs,,,,,10.0,,,,,Active
2026-06-19,Vegetables,Thyme Green Thin,Herbs,,,,,16.0,,,,,Active
2026-06-19,Vegetables,Bhindi (Lady'S Finger),Lady Finger,India,,,,9.25,,,,,Active
2026-06-19,Vegetables,Baby Spinach,Leafy Vegetables,Italy,125g,,,14.0,,,112.0,Family,Active
2026-06-19,Vegetables,Lettuce Bionda/ Rossa Mix,Leafy Vegetables,,125g,,,14.0,,,112.0,Family,Active
2026-06-19,Vegetables,Lettuce Boston Soft,Leafy Vegetables,Holland,,,,16.25,,,,,Active
2026-06-19,Vegetables,Lettuce Gem Tray,Leafy Vegetables,Spain,,,,15.0,,,,,Active
2026-06-19,Vegetables,Red Chard Mix,Leafy Vegetables,Italy,125g,,,10.0,,,80.0,Family,Active
2026-06-19,Vegetables,Rocket Leaves,Leafy Vegetables,Italy,125g,,,14.0,,,112.0,Family,Active
2026-06-19,Vegetables,Leeks,Leeks/Spring Onions,Holland,,,,9.5,,,,,Active
2026-06-19,Vegetables,Agrico Eggplant,Mushrooms,Qatar,,,,7.5,,,,,Active
2026-06-19,Vegetables,Agrico Mushroom White Bottom,Mushrooms,Qatar,250g,,,7.0,,,28.0,Family,Active
2026-06-19,Vegetables,Mushroom Slice,Mushrooms,Qatar,,,,8.5,,,,,Active
2026-06-19,Vegetables,Mushrooms Portobello,Mushrooms,,,,,19.5,,,,,Active
2026-06-19,Vegetables,Shimenji White Mushroom,Mushrooms,,150g,,,12.0,,,80.0,Family,Active
2026-06-19,Vegetables,Onion Yemen,Onion,,,,,4.5,,,,,Active
2026-06-19,Vegetables,Amla (Gooseberry),Other Vegetables,India,,,,11.0,,,,,Active
2026-06-19,Vegetables,Bagal,Other Vegetables,,,,,5.0,,,,,Active
2026-06-19,Vegetables,Drumstick,Other Vegetables,India,,,,9.5,,,,,Active
2026-06-19,Vegetables,Eggplant,Other Vegetables,Holland,,,,28.0,,,,,Active
2026-06-19,Vegetables,Eggplant Purple,Other Vegetables,Qatar,,,,8.5,,,,,Active
2026-06-19,Vegetables,Premium Eggplant Pkt,Other Vegetables,Qatar,1kg,,,7.5,,,7.5,Family,Active
2026-06-19,Vegetables,Beans,Peas & Beans,Qatar,,,,6.5,,,,,Active
2026-06-19,Vegetables,Cluster Beans,Peas & Beans,India,,,,9.5,,,,,Active
2026-06-19,Vegetables,Indian Beans,Peas & Beans,India,,,,10.0,,,,,Active
2026-06-19,Vegetables,Aravi Big,Potatoes & Starchy Vegetables,India,,,,8.0,,,,,Active
2026-06-19,Vegetables,Potato,Potatoes & Starchy Vegetables,,,,,3.5,,,,,Active
2026-06-19,Vegetables,Potatoes White Chat Small,Potatoes & Starchy Vegetables,Australia,,,,27.0,,,,,Active
2026-06-19,Vegetables,Sweet Potato,Potatoes & Starchy Vegetables,Bangladesh,,,,17.0,,,,,Active
2026-06-19,Vegetables,Taro Root,Potatoes & Starchy Vegetables,,,,,53.0,,,,,Active
2026-06-19,Vegetables,Yam Indian,Potatoes & Starchy Vegetables,India,,,,6.5,,,,,Active
2026-06-19,Vegetables,Pumpkin Mathan Green,Pumpkin,India,,,,13.75,,,,,Active
2026-06-19,Vegetables,Pumpkin Medium,Pumpkin,India,,,,8.75,,,,,Active
2026-06-19,Vegetables,Red Radish,Raddish,Holland,1kg,,,32.0,,,32.0,Family,Active
2026-06-19,Vegetables,Red Radish Poly Bag,Raddish,,125g,,,6.5,,,52.0,Family,Active
2026-06-19,Vegetables,Tomato,Tomato,Qatar,,,,2.75,,,,,Active
2026-06-19,Vegetables,Tomato,Tomato,Oman,,,,1.75,,,,,Active
2026-06-19,Vegetables,Tomato Cherry Red Vine,Tomato,,,,,12.5,,,,,Active
2026-06-19,Vegetables,Tomato Syria,Tomato,,,,,2.5,,,,,Active
2026-06-19,Vegetables,Tomato Tommys Pkt ( ),Tomato,Spain,500g,,,44.0,,,88.0,Family,Active
2026-06-19,Vegetables,Tomatoes Cherry Plum,Tomato,,250g,,,20.0,,,80.0,Family,Active
2026-06-19,Vegetables,Turmeric,Turmeric,India,,,,3.5,,,,,Active
2026-06-18,Fruits,Banana Flower,Banana,India,,,,17.5,,,,,Active
2026-06-18,Fruits,Banana Green,Banana,India,,,,5.5,,,,,Active
2026-06-18,Fruits,Physalis,Berries,,125g,,,11.0,,,88.0,Family,Active
2026-06-18,Fruits,Fresh Shredded Coconut (By Sea),Coconut,India,,,,3.0,,,,,Active
2026-06-18,Fruits,Mushroom Chestnut -,Fresh Nuts,Holland,,,,15.5,,,,,Active
2026-06-18,Fruits,Ash Banana,Green Banana,Sri Lanka,,,,9.5,,,,,Active
2026-06-18,Fruits,Curry Banana,Green Banana,India,,,,9.0,,,,,Active
2026-06-18,Vegetables,Beetroot Cooked,Beetroot,,500g,,,22.0,,,44.0,Family,Active
2026-06-18,Vegetables,Cabbage,Cabbage & Broccoli,India,,,,8.75,,,,,Active
2026-06-18,Vegetables,Cabbage,Cabbage & Broccoli,Qatar,,,,2.25,,,,,Active
2026-06-18,Vegetables,Cabbage Sliced,Cabbage & Broccoli,,1kg,,,10.0,,,10.0,Family,Active
2026-06-18,Vegetables,Kohi,Cabbage & Broccoli,Bangladesh,,,,17.0,,,,,Active
2026-06-18,Vegetables,Capsicum,Capsicum,Qatar,,,,6.0,,,,,Active
2026-06-18,Vegetables,Capsicum Mix Pkt,Capsicum,Holland,4.0pcs,,,29.0,,,7250.0,Family,Active
2026-06-18,Vegetables,Capsicum Orange,Capsicum,Holland,,,,11.0,,,,,Active
2026-06-18,Vegetables,Capsicum Red,Capsicum,Holland,,,,12.0,,,,,Active
2026-06-18,Vegetables,Capsicum Yellow,Capsicum,Holland,,,,11.25,,,,,Active
2026-06-18,Vegetables,Carrot,Carrots,Australia,,,,4.5,,,,,Active
2026-06-18,Vegetables,Chow Chow (Chayote),Chayote,India,,,,8.75,,,,,Active
2026-06-18,Vegetables,Chilly Red,Chillies & Spicy,Holland,,,,15.0,,,,,Active
2026-06-18,Vegetables,Chilly Round Green,Chillies & Spicy,India,,,,9.5,,,,,Active
2026-06-18,Vegetables,Ginger,Chillies & Spicy,China,,,,2.25,,,,,Active
2026-06-18,Vegetables,Hot Chilli,Chillies & Spicy,Qatar,,,,2.88,,,,,Active
2026-06-18,Vegetables,Hot Chilli Gazali,Chillies & Spicy,Qatar,,,,11.5,,,,,Active
2026-06-18,Vegetables,Jalapeno Hot Red Pepper,Chillies & Spicy,Usa,,,,65.0,,,,,Active
2026-06-18,Vegetables,Pinakbet Mixed,Combo Pack,,1kg,,,25.0,,,25.0,Family,Active
2026-06-18,Vegetables,Sambar Mixed Vegetable,Combo Pack,,,,,10.0,,,,,Active
2026-06-18,Vegetables,Baby Corn,Corns & Baby Corn,Thailand,125g,,,8.0,,,64.0,Family,Active
2026-06-18,Vegetables,Fruit'O Snack Boiled Sweet Corn Cob,Corns & Baby Corn,,270g,,,6.0,,,22.22,Family,Active
2026-06-18,Vegetables,Marrow (Kusa),Courgettes & Artichoke,Qatar,,,,3.75,,,,,Active
2026-06-18,Vegetables,Cucumber,Cucumber,Qatar,,,,3.75,,,,,Active
2026-06-18,Vegetables,Vellary Indian,Cucumber,India,1kg,,,19.0,,,19.0,Family,Active
2026-06-18,Vegetables,Garlic,Garlic,India,,,,12.25,,,,,Active
2026-06-18,Vegetables,Garlic,Garlic,Egypt,,,,8.0,,,,,Active
2026-06-18,Vegetables,Garlic Loose,Garlic,,,,,2.25,,,,,Active
2026-06-18,Vegetables,Garlic Small Pkt ( ),Garlic,China,,,,5.0,,,,,Active
2026-06-18,Vegetables,Peeled Garlic,Garlic,,250g,,,8.5,,,34.0,Family,Active
2026-06-18,Vegetables,Ash Gourd(Kumbalam),Gourds,India,,,,17.5,,,,,Active
2026-06-18,Vegetables,Ivy Gourd (Tindly),Gourds,India,,,,10.0,,,,,Active
2026-06-18,Vegetables,Ridge Gourd,Gourds,India,,,,9.75,,,,,Active
2026-06-18,Vegetables,Snake Gourd,Gourds,India,,,,9.0,,,,,Active
2026-06-18,Vegetables,Celery,Herbs,Spain,,,,19.0,,,,,Active
2026-06-18,Vegetables,Coriander (Ksa),Herbs,,,,,3.5,,,,,Active
2026-06-18,Vegetables,Fennel,Herbs,,,,,20.0,,,,,Active
2026-06-18,Vegetables,Green Basil ( ),Herbs,Kenya,,,,16.0,,,,,Active
2026-06-18,Vegetables,Lemon Grass,Herbs,,,,,5.5,,,,,Active
2026-06-18,Vegetables,Parsely (Ksa),Herbs,,,,,10.0,,,,,Active
2026-06-18,Vegetables,Thyme Green Thin,Herbs,,,,,16.0,,,,,Active
2026-06-18,Vegetables,Bhindi (Lady'S Finger),Lady Finger,India,,,,7.5,,,,,Active
2026-06-18,Vegetables,Baby Spinach,Leafy Vegetables,Italy,125g,,,14.0,,,112.0,Family,Active
2026-06-18,Vegetables,Lettuce Bionda/ Rossa Mix,Leafy Vegetables,,125g,,,14.0,,,112.0,Family,Active
2026-06-18,Vegetables,Lettuce Boston Soft,Leafy Vegetables,Holland,,,,16.25,,,,,Active
2026-06-18,Vegetables,Lettuce Gem Tray,Leafy Vegetables,Spain,,,,15.0,,,,,Active
2026-06-18,Vegetables,Red Chard Mix,Leafy Vegetables,Italy,125g,,,10.0,,,80.0,Family,Active
2026-06-18,Vegetables,Rocket Leaves,Leafy Vegetables,Italy,125g,,,14.0,,,112.0,Family,Active
2026-06-18,Vegetables,Leeks,Leeks/Spring Onions,Holland,,,,9.5,,,,,Active
2026-06-18,Vegetables,Agrico Eggplant,Mushrooms,Qatar,,,,7.5,,,,,Active
2026-06-18,Vegetables,Agrico Mushroom White Bottom,Mushrooms,Qatar,250g,,,7.0,,,28.0,Family,Active
2026-06-18,Vegetables,Mushroom Slice,Mushrooms,Qatar,,,,8.5,,,,,Active
2026-06-18,Vegetables,Mushrooms Portobello,Mushrooms,,,,,19.5,,,,,Active
2026-06-18,Vegetables,Shimenji White Mushroom,Mushrooms,,150g,,,12.0,,,80.0,Family,Active
2026-06-18,Vegetables,Onion Yemen,Onion,,,,,4.5,,,,,Active
2026-06-18,Vegetables,Amla (Gooseberry),Other Vegetables,India,,,,11.0,,,,,Active
2026-06-18,Vegetables,Bagal,Other Vegetables,,,,,5.0,,,,,Active
2026-06-18,Vegetables,Drumstick,Other Vegetables,India,,,,7.5,,,,,Active
2026-06-18,Vegetables,Eggplant,Other Vegetables,Holland,,,,28.0,,,,,Active
2026-06-18,Vegetables,Eggplant Purple,Other Vegetables,Qatar,,,,8.5,,,,,Active
2026-06-18,Vegetables,Premium Eggplant Pkt,Other Vegetables,Qatar,1kg,,,7.5,,,7.5,Family,Active
2026-06-18,Vegetables,Cluster Beans,Peas & Beans,India,,,,9.5,,,,,Active
2026-06-18,Vegetables,Indian Beans,Peas & Beans,India,,,,10.0,,,,,Active
2026-06-18,Vegetables,Aravi Big,Potatoes & Starchy Vegetables,India,,,,8.0,,,,,Active
2026-06-18,Vegetables,Potato,Potatoes & Starchy Vegetables,,,,,3.5,,,,,Active
2026-06-18,Vegetables,Potatoes White Chat Small,Potatoes & Starchy Vegetables,Australia,,,,27.0,,,,,Active
2026-06-18,Vegetables,Sweet Potato,Potatoes & Starchy Vegetables,Bangladesh,,,,17.0,,,,,Active
2026-06-18,Vegetables,Taro Root,Potatoes & Starchy Vegetables,,,,,53.0,,,,,Active
2026-06-18,Vegetables,Yam Indian,Potatoes & Starchy Vegetables,India,,,,6.5,,,,,Active
2026-06-18,Vegetables,Pumpkin Mathan Green,Pumpkin,India,,,,13.75,,,,,Active
2026-06-18,Vegetables,Pumpkin Medium,Pumpkin,India,,,,8.75,,,,,Active
2026-06-18,Vegetables,Red Radish,Raddish,Holland,1kg,,,32.0,,,32.0,Family,Active
2026-06-18,Vegetables,Red Radish Poly Bag,Raddish,,125g,,,6.5,,,52.0,Family,Active
2026-06-18,Vegetables,Tomato,Tomato,Oman,,,,1.75,,,,,Active
2026-06-18,Vegetables,Tomato,Tomato,Qatar,,,,2.75,,,,,Active
2026-06-18,Vegetables,Tomato Cherry Red Vine,Tomato,,,,,12.5,,,,,Active
2026-06-18,Vegetables,Tomato Syria,Tomato,,,,,2.5,,,,,Active
2026-06-18,Vegetables,Tomato Tommys Pkt ( ),Tomato,Spain,500g,,,44.0,,,88.0,Family,Active
2026-06-18,Vegetables,Tomatoes Cherry Plum,Tomato,,250g,,,20.0,,,80.0,Family,Active
2026-06-18,Vegetables,Turmeric,Turmeric,India,,,,3.5,,,,,Active
2026-06-18,Vegetables,Jalapeno Peppers,Chillies & Spicy,,,,,,,,,,Market Out
2026-06-18,Vegetables,Mixed Chilli Red & Green Pkt,Chillies & Spicy,,,,,,,,,,Market Out
2026-06-18,Vegetables,Sweet Corn,Corns & Baby Corn,Jordan,,,,,,,,,Market Out
2026-06-18,Vegetables,Dhundul,Gourds,Bangladesh,,,,,,,,,Market Out
2026-06-18,Vegetables,Lettuce,Leafy Vegetables,Lebanon,,,,,,,,,Market Out
2026-06-18,Vegetables,Lettuce Lollo Rossa,Leafy Vegetables,,,,,,,,,,Market Out
2026-06-18,Vegetables,Onion Small,Onion,India,,,,,,,,,Market Out
2026-06-18,Vegetables,Aloe Vera,Other Vegetables,,,,,,,,,,Market Out
2026-06-18,Vegetables,Mung Bean Sprouts Pkts,Sprouts,,,,,,,,,,Market Out
2026-06-17,Fruits,Banana Flower,Banana,India,,,,17.5,,,,,Active
2026-06-17,Fruits,Banana Green,Banana,India,,,,4.5,,,,,Active
2026-06-17,Fruits,Physalis,Berries,,125g,,,15.0,,,120.0,Family,Active
2026-06-17,Fruits,Fresh Shredded Coconut (By Sea),Coconut,India,,,,3.0,,,,,Active
2026-06-17,Fruits,Mushroom Chestnut -,Fresh Nuts,Holland,,,,15.5,,,,,Active
2026-06-17,Fruits,Ash Banana,Green Banana,Sri Lanka,,,,9.5,,,,,Active
2026-06-17,Vegetables,Beetroot Cooked,Beetroot,,500g,,,22.0,,,44.0,Family,Active
2026-06-17,Vegetables,Cabbage,Cabbage & Broccoli,Qatar,,,,2.25,,,,,Active
2026-06-17,Vegetables,Cabbage,Cabbage & Broccoli,India,,,,8.75,,,,,Active
2026-06-17,Vegetables,Cabbage Sliced,Cabbage & Broccoli,,1kg,,,10.0,,,10.0,Family,Active
2026-06-17,Vegetables,Kohi,Cabbage & Broccoli,Bangladesh,,,,17.0,,,,,Active
2026-06-17,Vegetables,Capsicum,Capsicum,Qatar,,,,6.0,,,,,Active
2026-06-17,Vegetables,Capsicum Mix Pkt,Capsicum,Holland,4.0pcs,,,29.0,,,7250.0,Family,Active
2026-06-17,Vegetables,Capsicum Orange,Capsicum,Holland,,,,11.0,,,,,Active
2026-06-17,Vegetables,Capsicum Red,Capsicum,Holland,,,,12.0,,,,,Active
2026-06-17,Vegetables,Capsicum Yellow,Capsicum,Holland,,,,11.25,,,,,Active
2026-06-17,Vegetables,Carrot,Carrots,Australia,,,,4.75,,,,,Active
2026-06-17,Vegetables,Chow Chow (Chayote),Chayote,India,,,,8.75,,,,,Active
2026-06-17,Vegetables,Chilly Red,Chillies & Spicy,Holland,,,,15.0,,,,,Active
2026-06-17,Vegetables,Chilly Round Green,Chillies & Spicy,India,,,,9.5,,,,,Active
2026-06-17,Vegetables,Ginger,Chillies & Spicy,China,,,,2.25,,,,,Active
2026-06-17,Vegetables,Hot Chilli,Chillies & Spicy,Qatar,,,,2.88,,,,,Active
2026-06-17,Vegetables,Jalapeno Hot Red Pepper,Chillies & Spicy,Usa,,,,65.0,,,,,Active
2026-06-17,Vegetables,Jalapeno Peppers,Chillies & Spicy,,,,,14.5,,,,,Active
2026-06-17,Vegetables,Mixed Chilli Red & Green Pkt,Chillies & Spicy,,,,,8.0,,,,,Active
2026-06-17,Vegetables,Pinakbet Mixed,Combo Pack,,1kg,,,25.0,,,25.0,Family,Active
2026-06-17,Vegetables,Sambar Mixed Vegetable,Combo Pack,,,,,10.0,,,,,Active
2026-06-17,Vegetables,Baby Corn,Corns & Baby Corn,Thailand,125g,,,8.0,,,64.0,Family,Active
2026-06-17,Vegetables,Fruit'O Snack Boiled Sweet Corn Cob,Corns & Baby Corn,,270g,,,6.0,,,22.22,Family,Active
2026-06-17,Vegetables,Sweet Corn,Corns & Baby Corn,Jordan,,,,8.5,,,,,Active
2026-06-17,Vegetables,Marrow (Kusa),Courgettes & Artichoke,Qatar,,,,3.75,,,,,Active
2026-06-17,Vegetables,Cucumber,Cucumber,Qatar,,,,3.75,,,,,Active
2026-06-17,Vegetables,Vellary Indian,Cucumber,India,1kg,,,19.0,,,19.0,Family,Active
2026-06-17,Vegetables,Garlic,Garlic,India,,,,12.25,,,,,Active
2026-06-17,Vegetables,Garlic,Garlic,Egypt,,,,8.0,,,,,Active
2026-06-17,Vegetables,Garlic Loose,Garlic,,,,,2.25,,,,,Active
2026-06-17,Vegetables,Garlic Small Pkt ( ),Garlic,China,,,,5.0,,,,,Active
2026-06-17,Vegetables,Peeled Garlic,Garlic,,250g,,,8.5,,,34.0,Family,Active
2026-06-17,Vegetables,Ash Gourd(Kumbalam),Gourds,India,,,,17.5,,,,,Active
2026-06-17,Vegetables,Dhundul,Gourds,Bangladesh,,,,17.0,,,,,Active
2026-06-17,Vegetables,Ivy Gourd (Tindly),Gourds,India,,,,10.0,,,,,Active
2026-06-17,Vegetables,Ridge Gourd,Gourds,India,,,,9.75,,,,,Active
2026-06-17,Vegetables,Snake Gourd,Gourds,India,,,,9.0,,,,,Active
2026-06-17,Vegetables,Celery,Herbs,Spain,,,,19.0,,,,,Active
2026-06-17,Vegetables,Coriander (Ksa),Herbs,,,,,3.25,,,,,Active
2026-06-17,Vegetables,Fennel,Herbs,,,,,20.0,,,,,Active
2026-06-17,Vegetables,Green Basil ( ),Herbs,Kenya,,,,16.0,,,,,Active
2026-06-17,Vegetables,Lemon Grass,Herbs,,,,,5.5,,,,,Active
2026-06-17,Vegetables,Parsely (Ksa),Herbs,,,,,10.0,,,,,Active
2026-06-17,Vegetables,Thyme Green Thin,Herbs,,,,,16.0,,,,,Active
2026-06-17,Vegetables,Bhindi (Lady'S Finger),Lady Finger,India,,,,7.5,,,,,Active
2026-06-17,Vegetables,Baby Spinach,Leafy Vegetables,Italy,125g,,,14.0,,,112.0,Family,Active
2026-06-17,Vegetables,Lettuce,Leafy Vegetables,Lebanon,,,,8.75,,,,,Active
2026-06-17,Vegetables,Lettuce Bionda/ Rossa Mix,Leafy Vegetables,,125g,,,14.0,,,112.0,Family,Active
2026-06-17,Vegetables,Lettuce Boston Soft,Leafy Vegetables,Holland,,,,16.25,,,,,Active
2026-06-17,Vegetables,Lettuce Gem Tray,Leafy Vegetables,Spain,,,,15.0,,,,,Active
2026-06-17,Vegetables,Lettuce Lollo Rossa,Leafy Vegetables,,,,,18.75,,,,,Active
2026-06-17,Vegetables,Red Chard Mix,Leafy Vegetables,Italy,125g,,,10.0,,,80.0,Family,Active
2026-06-17,Vegetables,Rocket Leaves,Leafy Vegetables,Italy,125g,,,14.0,,,112.0,Family,Active
2026-06-17,Vegetables,Leeks,Leeks/Spring Onions,Holland,,,,9.5,,,,,Active
2026-06-17,Vegetables,Agrico Mushroom White Bottom,Mushrooms,Qatar,250g,,,7.0,,,28.0,Family,Active
2026-06-17,Vegetables,Mushroom Slice,Mushrooms,Qatar,,,,8.5,,,,,Active
2026-06-17,Vegetables,Mushrooms Portobello,Mushrooms,,,,,19.5,,,,,Active
2026-06-17,Vegetables,Shimenji White Mushroom,Mushrooms,,150g,,,12.0,,,80.0,Family,Active
2026-06-17,Vegetables,Onion Small,Onion,India,,,,5.0,,,,,Active
2026-06-17,Vegetables,Onion Yemen,Onion,,,,,4.5,,,,,Active
2026-06-17,Vegetables,Aloe Vera,Other Vegetables,,,,,30.0,,,,,Active
2026-06-17,Vegetables,Amla (Gooseberry),Other Vegetables,India,,,,11.0,,,,,Active
2026-06-17,Vegetables,Bagal,Other Vegetables,,,,,5.0,,,,,Active
2026-06-17,Vegetables,Drumstick,Other Vegetables,India,,,,7.5,,,,,Active
2026-06-17,Vegetables,Eggplant,Other Vegetables,Holland,,,,28.0,,,,,Active
2026-06-17,Vegetables,Eggplant Purple,Other Vegetables,Qatar,,,,8.5,,,,,Active
2026-06-17,Vegetables,Premium Eggplant Pkt,Other Vegetables,Qatar,1kg,,,7.5,,,7.5,Family,Active
2026-06-17,Vegetables,Cluster Beans,Peas & Beans,India,,,,9.5,,,,,Active
2026-06-17,Vegetables,Indian Beans,Peas & Beans,India,,,,10.0,,,,,Active
2026-06-17,Vegetables,Aravi Big,Potatoes & Starchy Vegetables,India,,,,8.0,,,,,Active
2026-06-17,Vegetables,Potato,Potatoes & Starchy Vegetables,Egypt,,,,3.0,,,,,Active
2026-06-17,Vegetables,Potato,Potatoes & Starchy Vegetables,,,,,3.5,,,,,Active
2026-06-17,Vegetables,Potatoes White Chat Small,Potatoes & Starchy Vegetables,Australia,,,,27.0,,,,,Active
2026-06-17,Vegetables,Sweet Potato,Potatoes & Starchy Vegetables,Usa,,,,17.5,,,,,Active
2026-06-17,Vegetables,Sweet Potato,Potatoes & Starchy Vegetables,Bangladesh,,,,17.0,,,,,Active
2026-06-17,Vegetables,Taro Root,Potatoes & Starchy Vegetables,,,,,53.0,,,,,Active
2026-06-17,Vegetables,Yam Indian,Potatoes & Starchy Vegetables,India,,,,6.5,,,,,Active
2026-06-17,Vegetables,Pumpkin Mathan Green,Pumpkin,India,,,,13.75,,,,,Active
2026-06-17,Vegetables,Pumpkin Medium,Pumpkin,India,,,,8.75,,,,,Active
2026-06-17,Vegetables,Red Radish,Raddish,Holland,1kg,,,37.0,,,37.0,Family,Active
2026-06-17,Vegetables,Red Radish Poly Bag,Raddish,,125g,,,6.5,,,52.0,Family,Active
2026-06-17,Vegetables,Mung Bean Sprouts Pkts,Sprouts,,,,,6.5,,,,,Active
2026-06-17,Vegetables,Tomato,Tomato,Oman,,,,1.75,,,,,Active
2026-06-17,Vegetables,Tomato,Tomato,Qatar,,,,2.75,,,,,Active
2026-06-17,Vegetables,Tomato Cherry Red Vine,Tomato,,,,,12.5,,,,,Active
2026-06-17,Vegetables,Tomato Syria,Tomato,,,,,2.5,,,,,Active
2026-06-17,Vegetables,Tomato Tommys Pkt ( ),Tomato,Spain,500g,,,44.0,,,88.0,Family,Active
2026-06-17,Vegetables,Tomatoes Cherry Plum,Tomato,,250g,,,20.0,,,80.0,Family,Active
2026-06-17,Vegetables,Turmeric,Turmeric,India,,,,3.5,,,,,Active
2026-06-17,Vegetables,Lettuce Iceberg,Leafy Vegetables,,,,,,,,,,Market Out
2026-06-16,Fruits,Banana Flower,Banana,India,,,,17.5,,,,,Active
2026-06-16,Fruits,Banana Green,Banana,India,,,,4.5,,,,,Active
2026-06-16,Fruits,Physalis,Berries,,125g,,,15.0,,,120.0,Family,Active
2026-06-16,Fruits,Fresh Shredded Coconut (By Sea),Coconut,India,,,,3.0,,,,,Active
2026-06-16,Fruits,Mushroom Chestnut -,Fresh Nuts,Holland,,,,15.5,,,,,Active
2026-06-16,Fruits,Ash Banana,Green Banana,Sri Lanka,,,,9.5,,,,,Active
2026-06-16,Vegetables,Beetroot Cooked,Beetroot,,500g,,,22.0,,,44.0,Family,Active
2026-06-16,Vegetables,Cabbage,Cabbage & Broccoli,India,,,,8.75,,,,,Active
2026-06-16,Vegetables,Cabbage Sliced,Cabbage & Broccoli,,1kg,,,10.0,,,10.0,Family,Active
2026-06-16,Vegetables,Capsicum,Capsicum,Qatar,,,,6.0,,,,,Active
2026-06-16,Vegetables,Capsicum Mix Pkt,Capsicum,Holland,4.0pcs,,,29.0,,,7250.0,Family,Active
2026-06-16,Vegetables,Capsicum Orange,Capsicum,Holland,,,,11.0,,,,,Active
2026-06-16,Vegetables,Capsicum Red,Capsicum,Holland,,,,12.0,,,,,Active
2026-06-16,Vegetables,Capsicum Yellow,Capsicum,Holland,,,,11.25,,,,,Active
2026-06-16,Vegetables,Carrot,Carrots,Australia,,,,4.75,,,,,Active
2026-06-16,Vegetables,Chow Chow (Chayote),Chayote,India,,,,8.75,,,,,Active
2026-06-16,Vegetables,Chilly Red,Chillies & Spicy,Holland,,,,15.0,,,,,Active
2026-06-16,Vegetables,Chilly Round Green,Chillies & Spicy,India,,,,9.5,,,,,Active
2026-06-16,Vegetables,Ginger,Chillies & Spicy,China,,,,2.25,,,,,Active
2026-06-16,Vegetables,Hot Chilli,Chillies & Spicy,Qatar,,,,2.88,,,,,Active
2026-06-16,Vegetables,Jalapeno Hot Red Pepper,Chillies & Spicy,Usa,,,,65.0,,,,,Active
2026-06-16,Vegetables,Mixed Chilli Red & Green Pkt,Chillies & Spicy,,,,,8.0,,,,,Active
2026-06-16,Vegetables,Pinakbet Mixed,Combo Pack,,1kg,,,25.0,,,25.0,Family,Active
2026-06-16,Vegetables,Sambar Mixed Vegetable,Combo Pack,,,,,10.0,,,,,Active
2026-06-16,Vegetables,Baby Corn,Corns & Baby Corn,Thailand,125g,,,8.0,,,64.0,Family,Active
2026-06-16,Vegetables,Fruit'O Snack Boiled Sweet Corn Cob,Corns & Baby Corn,,270g,,,6.0,,,22.22,Family,Active
2026-06-16,Vegetables,Sweet Corn,Corns & Baby Corn,Jordan,,,,8.5,,,,,Active
2026-06-16,Vegetables,Vellary Indian,Cucumber,India,1kg,,,19.0,,,19.0,Family,Active
2026-06-16,Vegetables,Garlic,Garlic,India,,,,12.25,,,,,Active
2026-06-16,Vegetables,Garlic,Garlic,Egypt,,,,8.0,,,,,Active
2026-06-16,Vegetables,Garlic Loose,Garlic,,,,,2.13,,,,,Active
2026-06-16,Vegetables,Garlic Small Pkt ( ),Garlic,China,,,,5.0,,,,,Active
2026-06-16,Vegetables,Peeled Garlic,Garlic,,250g,,,8.5,,,34.0,Family,Active
2026-06-16,Vegetables,Ash Gourd(Kumbalam),Gourds,India,,,,17.5,,,,,Active
2026-06-16,Vegetables,Ivy Gourd (Tindly),Gourds,India,,,,10.0,,,,,Active
2026-06-16,Vegetables,Ridge Gourd,Gourds,India,,,,9.75,,,,,Active
2026-06-16,Vegetables,Snake Gourd,Gourds,India,,,,9.0,,,,,Active
2026-06-16,Vegetables,Celery,Herbs,Spain,,,,19.0,,,,,Active
2026-06-16,Vegetables,Coriander (Ksa),Herbs,,,,,3.25,,,,,Active
2026-06-16,Vegetables,Fennel,Herbs,,,,,20.0,,,,,Active
2026-06-16,Vegetables,Green Basil ( ),Herbs,Kenya,,,,16.0,,,,,Active
2026-06-16,Vegetables,Lemon Grass,Herbs,,,,,5.5,,,,,Active
2026-06-16,Vegetables,Parsely (Ksa),Herbs,,,,,10.0,,,,,Active
2026-06-16,Vegetables,Thyme Green Thin,Herbs,,,,,16.0,,,,,Active
2026-06-16,Vegetables,Bhindi (Lady'S Finger),Lady Finger,India,,,,7.5,,,,,Active
2026-06-16,Vegetables,Baby Spinach,Leafy Vegetables,Italy,125g,,,14.0,,,112.0,Family,Active
2026-06-16,Vegetables,Lettuce,Leafy Vegetables,Lebanon,,,,8.75,,,,,Active
2026-06-16,Vegetables,Lettuce Bionda/ Rossa Mix,Leafy Vegetables,,125g,,,14.0,,,112.0,Family,Active
2026-06-16,Vegetables,Lettuce Boston Soft,Leafy Vegetables,Holland,,,,16.25,,,,,Active
2026-06-16,Vegetables,Lettuce Gem Tray,Leafy Vegetables,Spain,,,,15.0,,,,,Active
2026-06-16,Vegetables,Lettuce Iceberg,Leafy Vegetables,,,,,24.0,,,,,Active
2026-06-16,Vegetables,Lettuce Lollo Rossa,Leafy Vegetables,,,,,18.75,,,,,Active
2026-06-16,Vegetables,Red Chard Mix,Leafy Vegetables,Italy,125g,,,10.0,,,80.0,Family,Active
2026-06-16,Vegetables,Rocket Leaves,Leafy Vegetables,Italy,125g,,,14.0,,,112.0,Family,Active
2026-06-16,Vegetables,Leeks,Leeks/Spring Onions,Holland,,,,9.5,,,,,Active
2026-06-16,Vegetables,Agrico Mushroom White Bottom,Mushrooms,Qatar,250g,,,7.0,,,28.0,Family,Active
2026-06-16,Vegetables,Mushroom Slice,Mushrooms,Qatar,,,,8.5,,,,,Active
2026-06-16,Vegetables,Mushrooms Portobello,Mushrooms,,,,,19.5,,,,,Active
2026-06-16,Vegetables,Shimenji White Mushroom,Mushrooms,,150g,,,12.0,,,80.0,Family,Active
2026-06-16,Vegetables,Onion Small,Onion,India,,,,5.0,,,,,Active
2026-06-16,Vegetables,Onion Yemen,Onion,,,,,4.5,,,,,Active
2026-06-16,Vegetables,Aloe Vera,Other Vegetables,,,,,30.0,,,,,Active
2026-06-16,Vegetables,Amla (Gooseberry),Other Vegetables,India,,,,11.0,,,,,Active
2026-06-16,Vegetables,Drumstick,Other Vegetables,India,,,,7.5,,,,,Active
2026-06-16,Vegetables,Eggplant,Other Vegetables,Holland,,,,28.0,,,,,Active
2026-06-16,Vegetables,Cluster Beans,Peas & Beans,India,,,,9.5,,,,,Active
2026-06-16,Vegetables,Indian Beans,Peas & Beans,India,,,,10.0,,,,,Active
2026-06-16,Vegetables,Aravi Big,Potatoes & Starchy Vegetables,India,,,,8.0,,,,,Active
2026-06-16,Vegetables,Potato,Potatoes & Starchy Vegetables,Egypt,,,,3.0,,,,,Active
2026-06-16,Vegetables,Potatoes White Chat Small,Potatoes & Starchy Vegetables,Australia,,,,27.0,,,,,Active
2026-06-16,Vegetables,Sweet Potato,Potatoes & Starchy Vegetables,Usa,,,,17.5,,,,,Active
2026-06-16,Vegetables,Taro Root,Potatoes & Starchy Vegetables,,,,,53.0,,,,,Active
2026-06-16,Vegetables,Yam Indian,Potatoes & Starchy Vegetables,India,,,,6.5,,,,,Active
2026-06-16,Vegetables,Pumpkin Mathan Green,Pumpkin,India,,,,13.75,,,,,Active
2026-06-16,Vegetables,Pumpkin Medium,Pumpkin,India,,,,8.75,,,,,Active
2026-06-16,Vegetables,Red Radish,Raddish,Holland,1kg,,,37.0,,,37.0,Family,Active
2026-06-16,Vegetables,Red Radish Poly Bag,Raddish,,125g,,,6.5,,,52.0,Family,Active
2026-06-16,Vegetables,Mung Bean Sprouts Pkts,Sprouts,,,,,6.5,,,,,Active
2026-06-16,Vegetables,Tomato,Tomato,Oman,,,,1.75,,,,,Active
2026-06-16,Vegetables,Tomato Cherry Red Vine,Tomato,,,,,12.5,,,,,Active
2026-06-16,Vegetables,Tomato Syria,Tomato,,,,,2.25,,,,,Active
2026-06-16,Vegetables,Tomato Tommys Pkt ( ),Tomato,Spain,500g,,,44.0,,,88.0,Family,Active
2026-06-16,Vegetables,Tomatoes Cherry Plum,Tomato,,250g,,,20.0,,,80.0,Family,Active
2026-06-16,Vegetables,Turmeric,Turmeric,India,,,,3.5,,,,,Active
2026-06-16,Vegetables,Green Chilli,Chillies & Spicy,Uganda,,,,,,,,,Market Out
2026-06-16,Vegetables,Dhundul,Gourds,Bangladesh,,,,,,,,,Market Out
2026-06-16,Vegetables,Beans,Peas & Beans,Qatar,,,,,,,,,Market Out
2026-06-15,Fruits,Banana Flower,Banana,India,,,,17.5,,,,,Active
2026-06-15,Fruits,Banana Green,Banana,India,,,,4.5,,,,,Active
2026-06-15,Fruits,Physalis,Berries,,125g,,,15.0,,,120.0,Family,Active
2026-06-15,Fruits,Fresh Shredded Coconut (By Sea),Coconut,India,,,,3.0,,,,,Active
2026-06-15,Fruits,Mushroom Chestnut -,Fresh Nuts,Holland,,,,15.5,,,,,Active
2026-06-15,Vegetables,Beetroot Cooked,Beetroot,,500g,,,22.0,,,44.0,Family,Active
2026-06-15,Vegetables,Cabbage,Cabbage & Broccoli,India,,,,8.75,,,,,Active
2026-06-15,Vegetables,Cabbage,Cabbage & Broccoli,Qatar,,,,2.25,,,,,Active
2026-06-15,Vegetables,Cabbage Sliced,Cabbage & Broccoli,,1kg,,,10.0,,,10.0,Family,Active
2026-06-15,Vegetables,Capsicum,Capsicum,Qatar,,,,6.0,,,,,Active
2026-06-15,Vegetables,Capsicum Mix Pkt,Capsicum,Holland,4.0pcs,,,29.0,,,7250.0,Family,Active
2026-06-15,Vegetables,Capsicum Orange,Capsicum,Holland,,,,11.0,,,,,Active
2026-06-15,Vegetables,Capsicum Red,Capsicum,Holland,,,,12.0,,,,,Active
2026-06-15,Vegetables,Capsicum Yellow,Capsicum,Holland,,,,11.25,,,,,Active
2026-06-15,Vegetables,Carrot,Carrots,Australia,,,,4.75,,,,,Active
2026-06-15,Vegetables,Chow Chow (Chayote),Chayote,India,,,,8.75,,,,,Active
2026-06-15,Vegetables,Chilly Red,Chillies & Spicy,Holland,,,,15.0,,,,,Active
2026-06-15,Vegetables,Chilly Round Green,Chillies & Spicy,India,,,,9.5,,,,,Active
2026-06-15,Vegetables,Ginger,Chillies & Spicy,China,,,,2.25,,,,,Active
2026-06-15,Vegetables,Green Chilli,Chillies & Spicy,Uganda,,,,6.0,,,,,Active
2026-06-15,Vegetables,Hot Chilli,Chillies & Spicy,Qatar,,,,2.88,,,,,Active
2026-06-15,Vegetables,Jalapeno Hot Red Pepper,Chillies & Spicy,Usa,,,,65.0,,,,,Active
2026-06-15,Vegetables,Mixed Chilli Red & Green Pkt,Chillies & Spicy,,,,,8.0,,,,,Active
2026-06-15,Vegetables,Pinakbet Mixed,Combo Pack,,1kg,,,25.0,,,25.0,Family,Active
2026-06-15,Vegetables,Sambar Mixed Vegetable,Combo Pack,,,,,10.0,,,,,Active
2026-06-15,Vegetables,Baby Corn,Corns & Baby Corn,Thailand,125g,,,8.0,,,64.0,Family,Active
2026-06-15,Vegetables,Fruit'O Snack Boiled Sweet Corn Cob,Corns & Baby Corn,,270g,,,6.0,,,22.22,Family,Active
2026-06-15,Vegetables,Sweet Corn,Corns & Baby Corn,Jordan,,,,8.5,,,,,Active
2026-06-15,Vegetables,Vellary Indian,Cucumber,India,1kg,,,19.0,,,19.0,Family,Active
2026-06-15,Vegetables,Garlic,Garlic,Egypt,,,,8.0,,,,,Active
2026-06-15,Vegetables,Garlic,Garlic,India,,,,12.25,,,,,Active
2026-06-15,Vegetables,Garlic Loose,Garlic,,,,,2.13,,,,,Active
2026-06-15,Vegetables,Garlic Small Pkt ( ),Garlic,China,,,,5.0,,,,,Active
2026-06-15,Vegetables,Peeled Garlic,Garlic,,250g,,,8.5,,,34.0,Family,Active
2026-06-15,Vegetables,Ash Gourd(Kumbalam),Gourds,India,,,,17.5,,,,,Active
2026-06-15,Vegetables,Dhundul,Gourds,Bangladesh,,,,17.0,,,,,Active
2026-06-15,Vegetables,Ivy Gourd (Tindly),Gourds,India,,,,10.0,,,,,Active
2026-06-15,Vegetables,Ridge Gourd,Gourds,India,,,,9.75,,,,,Active
2026-06-15,Vegetables,Snake Gourd,Gourds,India,,,,9.0,,,,,Active
2026-06-15,Vegetables,Celery,Herbs,Spain,,,,19.0,,,,,Active
2026-06-15,Vegetables,Coriander (Ksa),Herbs,,,,,3.25,,,,,Active
2026-06-15,Vegetables,Fennel,Herbs,,,,,20.0,,,,,Active
2026-06-15,Vegetables,Green Basil ( ),Herbs,Kenya,,,,16.0,,,,,Active
2026-06-15,Vegetables,Lemon Grass,Herbs,,,,,5.5,,,,,Active
2026-06-15,Vegetables,Parsely (Ksa),Herbs,,,,,10.0,,,,,Active
2026-06-15,Vegetables,Thyme Green Thin,Herbs,,,,,16.0,,,,,Active
2026-06-15,Vegetables,Bhindi (Lady'S Finger),Lady Finger,India,,,,9.0,,,,,Active
2026-06-15,Vegetables,Baby Spinach,Leafy Vegetables,Italy,125g,,,14.0,,,112.0,Family,Active
2026-06-15,Vegetables,Lettuce,Leafy Vegetables,Lebanon,,,,8.75,,,,,Active
2026-06-15,Vegetables,Lettuce Bionda/ Rossa Mix,Leafy Vegetables,,125g,,,14.0,,,112.0,Family,Active
2026-06-15,Vegetables,Lettuce Boston Soft,Leafy Vegetables,Holland,,,,16.25,,,,,Active
2026-06-15,Vegetables,Lettuce Gem Tray,Leafy Vegetables,Spain,,,,15.0,,,,,Active
2026-06-15,Vegetables,Lettuce Iceberg,Leafy Vegetables,,,,,24.0,,,,,Active
2026-06-15,Vegetables,Lettuce Lollo Rossa,Leafy Vegetables,,,,,18.75,,,,,Active
2026-06-15,Vegetables,Red Chard Mix,Leafy Vegetables,Italy,125g,,,10.0,,,80.0,Family,Active
2026-06-15,Vegetables,Rocket Leaves,Leafy Vegetables,Italy,125g,,,14.0,,,112.0,Family,Active
2026-06-15,Vegetables,Leeks,Leeks/Spring Onions,Holland,,,,9.5,,,,,Active
2026-06-15,Vegetables,Agrico Mushroom White Bottom,Mushrooms,Qatar,250g,,,7.0,,,28.0,Family,Active
2026-06-15,Vegetables,Mushroom Slice,Mushrooms,Qatar,,,,8.5,,,,,Active
2026-06-15,Vegetables,Mushrooms Portobello,Mushrooms,,,,,19.5,,,,,Active
2026-06-15,Vegetables,Shimenji White Mushroom,Mushrooms,,150g,,,12.0,,,80.0,Family,Active
2026-06-15,Vegetables,Onion Small,Onion,India,,,,5.0,,,,,Active
2026-06-15,Vegetables,Onion Yemen,Onion,,,,,4.5,,,,,Active
2026-06-15,Vegetables,Aloe Vera,Other Vegetables,,,,,30.0,,,,,Active
2026-06-15,Vegetables,Amla (Gooseberry),Other Vegetables,India,,,,11.0,,,,,Active
2026-06-15,Vegetables,Drumstick,Other Vegetables,India,,,,7.5,,,,,Active
2026-06-15,Vegetables,Eggplant,Other Vegetables,Holland,,,,28.0,,,,,Active
2026-06-15,Vegetables,Beans,Peas & Beans,Qatar,,,,6.5,,,,,Active
2026-06-15,Vegetables,Cluster Beans,Peas & Beans,India,,,,9.5,,,,,Active
2026-06-15,Vegetables,Indian Beans,Peas & Beans,India,,,,10.0,,,,,Active
2026-06-15,Vegetables,Aravi Big,Potatoes & Starchy Vegetables,India,,,,8.75,,,,,Active
2026-06-15,Vegetables,Potato,Potatoes & Starchy Vegetables,Egypt,,,,3.0,,,,,Active
2026-06-15,Vegetables,Potatoes White Chat Small,Potatoes & Starchy Vegetables,Australia,,,,27.0,,,,,Active
2026-06-15,Vegetables,Sweet Potato,Potatoes & Starchy Vegetables,Usa,,,,17.5,,,,,Active
2026-06-15,Vegetables,Taro Root,Potatoes & Starchy Vegetables,,,,,53.0,,,,,Active
2026-06-15,Vegetables,Yam Indian,Potatoes & Starchy Vegetables,India,,,,6.5,,,,,Active
2026-06-15,Vegetables,Pumpkin Mathan Green,Pumpkin,India,,,,13.75,,,,,Active
2026-06-15,Vegetables,Pumpkin Medium,Pumpkin,India,,,,8.75,,,,,Active
2026-06-15,Vegetables,Red Radish,Raddish,Holland,1kg,,,37.0,,,37.0,Family,Active
2026-06-15,Vegetables,Red Radish Poly Bag,Raddish,,125g,,,6.5,,,52.0,Family,Active
2026-06-15,Vegetables,Mung Bean Sprouts Pkts,Sprouts,,,,,6.5,,,,,Active
2026-06-15,Vegetables,Tomato,Tomato,Oman,,,,2.5,,,,,Active
2026-06-15,Vegetables,Tomato Cherry Red Vine,Tomato,,,,,12.5,,,,,Active
2026-06-15,Vegetables,Tomato Syria,Tomato,,,,,2.5,,,,,Active
2026-06-15,Vegetables,Tomato Tommys Pkt ( ),Tomato,Spain,500g,,,44.0,,,88.0,Family,Active
2026-06-15,Vegetables,Tomatoes Cherry Plum,Tomato,,250g,,,20.0,,,80.0,Family,Active
2026-06-15,Vegetables,Turmeric,Turmeric,India,,,,3.5,,,,,Active
2026-06-15,Fruits,Fresh Coconut (By Air),Coconut,India,,,,,,,,,Market Out
2026-06-15,Vegetables,Marrow (Kusa),Courgettes & Artichoke,Qatar,,,,,,,,,Market Out
2026-06-15,Vegetables,Bagal,Other Vegetables,,,,,,,,,,Market Out
2026-06-15,Vegetables,Drumstick Leaves Pkt ( ),Other Vegetables,India,150g,,,,,,,,Market Out
2026-06-15,Vegetables,Premium Eggplant Pkt,Other Vegetables,Qatar,1kg,,,,,,,,Market Out
2026-06-15,Vegetables,Peas Mangetout/Snow/Podded Peas,Peas & Beans,,250g,,,,,,,,Market Out
2026-06-15,Vegetables,White Pumpkin,Pumpkin,Qatar,,,,,,,,,Market Out
2026-06-14,Fruits,Banana Flower,Banana,India,,,,17.5,,,,,Active
2026-06-14,Fruits,Banana Green,Banana,India,,,,4.5,,,,,Active
2026-06-14,Fruits,Physalis,Berries,,125g,,,15.0,,,120.0,Family,Active
2026-06-14,Fruits,Fresh Coconut (By Air),Coconut,India,,,,7.0,,,,,Active
2026-06-14,Fruits,Fresh Shredded Coconut (By Sea),Coconut,India,,,,3.0,,,,,Active
2026-06-14,Fruits,Mushroom Chestnut -,Fresh Nuts,Holland,,,,15.5,,,,,Active
2026-06-14,Vegetables,Beetroot Cooked,Beetroot,,500g,,,22.0,,,44.0,Family,Active
2026-06-14,Vegetables,Cabbage,Cabbage & Broccoli,India,,,,8.75,,,,,Active
2026-06-14,Vegetables,Cabbage Sliced,Cabbage & Broccoli,,1kg,,,10.0,,,10.0,Family,Active
2026-06-14,Vegetables,Capsicum,Capsicum,Qatar,,,,6.0,,,,,Active
2026-06-14,Vegetables,Capsicum Mix Pkt,Capsicum,Holland,4.0pcs,,,29.0,,,7250.0,Family,Active
2026-06-14,Vegetables,Capsicum Orange,Capsicum,Holland,,,,11.0,,,,,Active
2026-06-14,Vegetables,Capsicum Red,Capsicum,Holland,,,,12.0,,,,,Active
2026-06-14,Vegetables,Capsicum Yellow,Capsicum,Holland,,,,11.25,,,,,Active
2026-06-14,Vegetables,Carrot,Carrots,Australia,,,,4.75,,,,,Active
2026-06-14,Vegetables,Chow Chow (Chayote),Chayote,India,,,,8.75,,,,,Active
2026-06-14,Vegetables,Chilly Red,Chillies & Spicy,Holland,,,,15.0,,,,,Active
2026-06-14,Vegetables,Chilly Round Green,Chillies & Spicy,India,,,,9.5,,,,,Active
2026-06-14,Vegetables,Ginger,Chillies & Spicy,China,,,,2.0,,,,,Active
2026-06-14,Vegetables,Green Chilli,Chillies & Spicy,Uganda,,,,6.0,,,,,Active
2026-06-14,Vegetables,Green Chilli,Chillies & Spicy,India,,,,2.5,,,,,Active
2026-06-14,Vegetables,Hot Chilli,Chillies & Spicy,Qatar,,,,2.88,,,,,Active
2026-06-14,Vegetables,Jalapeno Hot Red Pepper,Chillies & Spicy,Usa,,,,65.0,,,,,Active
2026-06-14,Vegetables,Mixed Chilli Red & Green Pkt,Chillies & Spicy,,,,,8.0,,,,,Active
2026-06-14,Vegetables,Pinakbet Mixed,Combo Pack,,1kg,,,25.0,,,25.0,Family,Active
2026-06-14,Vegetables,Sambar Mixed Vegetable,Combo Pack,,,,,10.0,,,,,Active
2026-06-14,Vegetables,Baby Corn,Corns & Baby Corn,Thailand,125g,,,8.0,,,64.0,Family,Active
2026-06-14,Vegetables,Fruit'O Snack Boiled Sweet Corn Cob,Corns & Baby Corn,,270g,,,6.0,,,22.22,Family,Active
2026-06-14,Vegetables,Sweet Corn,Corns & Baby Corn,Jordan,,,,8.5,,,,,Active
2026-06-14,Vegetables,Marrow (Kusa),Courgettes & Artichoke,Qatar,,,,3.75,,,,,Active
2026-06-14,Vegetables,Vellary Indian,Cucumber,India,1kg,,,19.0,,,19.0,Family,Active
2026-06-14,Vegetables,Garlic,Garlic,Egypt,,,,8.0,,,,,Active
2026-06-14,Vegetables,Garlic,Garlic,India,,,,12.25,,,,,Active
2026-06-14,Vegetables,Garlic Loose,Garlic,,,,,2.13,,,,,Active
2026-06-14,Vegetables,Garlic Small Pkt ( ),Garlic,China,,,,5.0,,,,,Active
2026-06-14,Vegetables,Peeled Garlic,Garlic,,250g,,,8.5,,,34.0,Family,Active
2026-06-14,Vegetables,Ash Gourd(Kumbalam),Gourds,India,,,,17.5,,,,,Active
2026-06-14,Vegetables,Dhundul,Gourds,Bangladesh,,,,17.0,,,,,Active
2026-06-14,Vegetables,Ridge Gourd,Gourds,India,,,,9.75,,,,,Active
2026-06-14,Vegetables,Snake Gourd,Gourds,India,,,,9.0,,,,,Active
2026-06-14,Vegetables,Celery,Herbs,Spain,,,,19.0,,,,,Active
2026-06-14,Vegetables,Coriander (Ksa),Herbs,,,,,3.25,,,,,Active
2026-06-14,Vegetables,Fennel,Herbs,,,,,22.5,,,,,Active
2026-06-14,Vegetables,Green Basil ( ),Herbs,Kenya,,,,16.0,,,,,Active
2026-06-14,Vegetables,Lemon Grass,Herbs,,,,,5.5,,,,,Active
2026-06-14,Vegetables,Parsely (Ksa),Herbs,,,,,10.0,,,,,Active
2026-06-14,Vegetables,Thyme Green Thin,Herbs,,,,,16.0,,,,,Active
2026-06-14,Vegetables,Bhindi (Lady'S Finger),Lady Finger,India,,,,9.0,,,,,Active
2026-06-14,Vegetables,Baby Spinach,Leafy Vegetables,Italy,125g,,,14.0,,,112.0,Family,Active
2026-06-14,Vegetables,Lettuce,Leafy Vegetables,Lebanon,,,,8.75,,,,,Active
2026-06-14,Vegetables,Lettuce Bionda/ Rossa Mix,Leafy Vegetables,,125g,,,14.0,,,112.0,Family,Active
2026-06-14,Vegetables,Lettuce Boston Soft,Leafy Vegetables,Holland,,,,16.25,,,,,Active
2026-06-14,Vegetables,Lettuce Gem Tray,Leafy Vegetables,Spain,,,,15.0,,,,,Active
2026-06-14,Vegetables,Lettuce Iceberg,Leafy Vegetables,,,,,24.0,,,,,Active
2026-06-14,Vegetables,Lettuce Lollo Rossa,Leafy Vegetables,,,,,18.75,,,,,Active
2026-06-14,Vegetables,Red Chard Mix,Leafy Vegetables,Italy,125g,,,10.0,,,80.0,Family,Active
2026-06-14,Vegetables,Rocket Leaves,Leafy Vegetables,Italy,125g,,,14.0,,,112.0,Family,Active
2026-06-14,Vegetables,Leeks,Leeks/Spring Onions,Holland,,,,9.5,,,,,Active
2026-06-14,Vegetables,Agrico Mushroom White Bottom,Mushrooms,Qatar,250g,,,7.0,,,28.0,Family,Active
2026-06-14,Vegetables,Mushroom Slice,Mushrooms,Qatar,,,,8.5,,,,,Active
2026-06-14,Vegetables,Mushrooms Portobello,Mushrooms,,,,,19.5,,,,,Active
2026-06-14,Vegetables,Shimenji White Mushroom,Mushrooms,,150g,,,12.0,,,80.0,Family,Active
2026-06-14,Vegetables,Onion Small,Onion,India,,,,5.0,,,,,Active
2026-06-14,Vegetables,Onion Yemen,Onion,,,,,4.5,,,,,Active
2026-06-14,Vegetables,Aloe Vera,Other Vegetables,,,,,30.0,,,,,Active
2026-06-14,Vegetables,Amla (Gooseberry),Other Vegetables,India,,,,11.0,,,,,Active
2026-06-14,Vegetables,Bagal,Other Vegetables,,,,,5.0,,,,,Active
2026-06-14,Vegetables,Drumstick,Other Vegetables,India,,,,7.5,,,,,Active
2026-06-14,Vegetables,Drumstick Leaves Pkt ( ),Other Vegetables,India,150g,,,5.5,,,36.67,Family,Active
2026-06-14,Vegetables,Eggplant,Other Vegetables,Holland,,,,28.0,,,,,Active
2026-06-14,Vegetables,Premium Eggplant Pkt,Other Vegetables,Qatar,1kg,,,7.5,,,7.5,Family,Active
2026-06-14,Vegetables,Beans,Peas & Beans,Qatar,,,,6.5,,,,,Active
2026-06-14,Vegetables,Cluster Beans,Peas & Beans,India,,,,9.5,,,,,Active
2026-06-14,Vegetables,Peas Mangetout/Snow/Podded Peas,Peas & Beans,,250g,,,14.0,,,56.0,Family,Active
2026-06-14,Vegetables,Aravi Big,Potatoes & Starchy Vegetables,India,,,,8.75,,,,,Active
2026-06-14,Vegetables,Potato,Potatoes & Starchy Vegetables,Egypt,,,,3.0,,,,,Active
2026-06-14,Vegetables,Potato,Potatoes & Starchy Vegetables,,,,,3.5,,,,,Active
2026-06-14,Vegetables,Potatoes White Chat Small,Potatoes & Starchy Vegetables,Australia,,,,28.0,,,,,Active
2026-06-14,Vegetables,Sweet Potato,Potatoes & Starchy Vegetables,Usa,,,,17.5,,,,,Active
2026-06-14,Vegetables,Sweet Potato,Potatoes & Starchy Vegetables,Bangladesh,,,,17.0,,,,,Active
2026-06-14,Vegetables,Yam Indian,Potatoes & Starchy Vegetables,India,,,,6.5,,,,,Active
2026-06-14,Vegetables,Pumpkin Mathan Green,Pumpkin,India,,,,13.75,,,,,Active
2026-06-14,Vegetables,Pumpkin Medium,Pumpkin,India,,,,8.75,,,,,Active
2026-06-14,Vegetables,White Pumpkin,Pumpkin,Qatar,,,,7.5,,,,,Active
2026-06-14,Vegetables,Red Radish,Raddish,Holland,1kg,,,37.0,,,37.0,Family,Active
2026-06-14,Vegetables,Red Radish Poly Bag,Raddish,,125g,,,6.5,,,52.0,Family,Active
2026-06-14,Vegetables,Mung Bean Sprouts Pkts,Sprouts,,,,,6.5,,,,,Active
2026-06-14,Vegetables,Tomato,Tomato,Oman,,,,2.5,,,,,Active
2026-06-14,Vegetables,Tomato Cherry Red Vine,Tomato,,,,,12.5,,,,,Active
2026-06-14,Vegetables,Tomato Tommys Pkt ( ),Tomato,Spain,500g,,,44.0,,,88.0,Family,Active
2026-06-14,Vegetables,Tomatoes Cherry Plum,Tomato,,250g,,,20.0,,,80.0,Family,Active
2026-06-14,Vegetables,Turmeric,Turmeric,India,,,,3.5,,,,,Active
2026-06-14,Vegetables,Jalapeno Peppers,Chillies & Spicy,,,,,,,,,,Market Out
2026-06-14,Vegetables,Ivy Gourd (Tindly),Gourds,India,,,,,,,,,Market Out
2026-06-13,Fruits,Banana Flower,Banana,India,,,,17.5,,,,,Active
2026-06-13,Fruits,Banana Green,Banana,India,,,,4.5,,,,,Active
2026-06-13,Fruits,Physalis,Berries,,125g,,,15.0,,,120.0,Family,Active
2026-06-13,Fruits,Fresh Coconut (By Air),Coconut,India,,,,7.0,,,,,Active
2026-06-13,Fruits,Mushroom Chestnut -,Fresh Nuts,Holland,,,,15.5,,,,,Active
2026-06-13,Vegetables,Beetroot Cooked,Beetroot,,500g,,,22.0,,,44.0,Family,Active
2026-06-13,Vegetables,Cabbage,Cabbage & Broccoli,India,,,,8.75,,,,,Active
2026-06-13,Vegetables,Cabbage Sliced,Cabbage & Broccoli,,1kg,,,10.0,,,10.0,Family,Active
2026-06-13,Vegetables,Capsicum,Capsicum,Qatar,,,,6.0,,,,,Active
2026-06-13,Vegetables,Capsicum Mix Pkt,Capsicum,Holland,4.0pcs,,,29.0,,,7250.0,Family,Active
2026-06-13,Vegetables,Capsicum Orange,Capsicum,Holland,,,,11.0,,,,,Active
2026-06-13,Vegetables,Capsicum Red,Capsicum,Holland,,,,12.0,,,,,Active
2026-06-13,Vegetables,Capsicum Yellow,Capsicum,Holland,,,,11.25,,,,,Active
2026-06-13,Vegetables,Carrot,Carrots,Australia,,,,4.75,,,,,Active
2026-06-13,Vegetables,Chow Chow (Chayote),Chayote,India,,,,8.75,,,,,Active
2026-06-13,Vegetables,Chilly Red,Chillies & Spicy,Holland,,,,15.0,,,,,Active
2026-06-13,Vegetables,Chilly Round Green,Chillies & Spicy,India,,,,9.5,,,,,Active
2026-06-13,Vegetables,Ginger,Chillies & Spicy,China,,,,2.25,,,,,Active
2026-06-13,Vegetables,Green Chilli,Chillies & Spicy,Uganda,,,,6.0,,,,,Active
2026-06-13,Vegetables,Hot Chilli,Chillies & Spicy,Qatar,,,,2.88,,,,,Active
2026-06-13,Vegetables,Jalapeno Hot Red Pepper,Chillies & Spicy,Usa,,,,65.0,,,,,Active
2026-06-13,Vegetables,Jalapeno Peppers,Chillies & Spicy,,,,,14.5,,,,,Active
2026-06-13,Vegetables,Mixed Chilli Red & Green Pkt,Chillies & Spicy,,,,,8.0,,,,,Active
2026-06-13,Vegetables,Pinakbet Mixed,Combo Pack,,1kg,,,25.0,,,25.0,Family,Active
2026-06-13,Vegetables,Sambar Mixed Vegetable,Combo Pack,,,,,10.0,,,,,Active
2026-06-13,Vegetables,Baby Corn,Corns & Baby Corn,Thailand,125g,,,8.0,,,64.0,Family,Active
2026-06-13,Vegetables,Fruit'O Snack Boiled Sweet Corn Cob,Corns & Baby Corn,,270g,,,6.0,,,22.22,Family,Active
2026-06-13,Vegetables,Sweet Corn,Corns & Baby Corn,Jordan,,,,8.5,,,,,Active
2026-06-13,Vegetables,Marrow (Kusa),Courgettes & Artichoke,Qatar,,,,3.75,,,,,Active
2026-06-13,Vegetables,Vellary Indian,Cucumber,India,1kg,,,19.0,,,19.0,Family,Active
2026-06-13,Vegetables,Garlic,Garlic,Egypt,,,,8.0,,,,,Active
2026-06-13,Vegetables,Garlic,Garlic,India,,,,12.25,,,,,Active
2026-06-13,Vegetables,Garlic Loose,Garlic,,,,,2.25,,,,,Active
2026-06-13,Vegetables,Garlic Small Pkt ( ),Garlic,China,,,,5.0,,,,,Active
2026-06-13,Vegetables,Peeled Garlic,Garlic,,250g,,,8.5,,,34.0,Family,Active
2026-06-13,Vegetables,Ash Gourd(Kumbalam),Gourds,India,,,,17.5,,,,,Active
2026-06-13,Vegetables,Dhundul,Gourds,Bangladesh,,,,17.0,,,,,Active
2026-06-13,Vegetables,Ivy Gourd (Tindly),Gourds,India,,,,10.0,,,,,Active
2026-06-13,Vegetables,Ridge Gourd,Gourds,India,,,,9.75,,,,,Active
2026-06-13,Vegetables,Snake Gourd,Gourds,India,,,,9.0,,,,,Active
2026-06-13,Vegetables,Celery,Herbs,Spain,,,,19.0,,,,,Active
2026-06-13,Vegetables,Coriander (Ksa),Herbs,,,,,3.25,,,,,Active
2026-06-13,Vegetables,Fennel,Herbs,,,,,22.5,,,,,Active
2026-06-13,Vegetables,Green Basil ( ),Herbs,Kenya,,,,16.0,,,,,Active
2026-06-13,Vegetables,Lemon Grass,Herbs,,,,,5.5,,,,,Active
2026-06-13,Vegetables,Parsely (Ksa),Herbs,,,,,10.0,,,,,Active
2026-06-13,Vegetables,Thyme Green Thin,Herbs,,,,,16.0,,,,,Active
2026-06-13,Vegetables,Bhindi (Lady'S Finger),Lady Finger,India,,,,9.0,,,,,Active
2026-06-13,Vegetables,Baby Spinach,Leafy Vegetables,Italy,125g,,,14.0,,,112.0,Family,Active
2026-06-13,Vegetables,Lettuce,Leafy Vegetables,Lebanon,,,,8.75,,,,,Active
2026-06-13,Vegetables,Lettuce Bionda/ Rossa Mix,Leafy Vegetables,,125g,,,14.0,,,112.0,Family,Active
2026-06-13,Vegetables,Lettuce Boston Soft,Leafy Vegetables,Holland,,,,16.25,,,,,Active
2026-06-13,Vegetables,Lettuce Gem Tray,Leafy Vegetables,Spain,,,,15.0,,,,,Active
2026-06-13,Vegetables,Lettuce Iceberg,Leafy Vegetables,,,,,24.0,,,,,Active
2026-06-13,Vegetables,Lettuce Lollo Rossa,Leafy Vegetables,,,,,18.75,,,,,Active
2026-06-13,Vegetables,Red Chard Mix,Leafy Vegetables,Italy,125g,,,10.0,,,80.0,Family,Active
2026-06-13,Vegetables,Rocket Leaves,Leafy Vegetables,Italy,125g,,,14.0,,,112.0,Family,Active
2026-06-13,Vegetables,Leeks,Leeks/Spring Onions,Holland,,,,9.5,,,,,Active
2026-06-13,Vegetables,Agrico Mushroom White Bottom,Mushrooms,Qatar,250g,,,7.0,,,28.0,Family,Active
2026-06-13,Vegetables,Mushroom Slice,Mushrooms,Qatar,,,,8.5,,,,,Active
2026-06-13,Vegetables,Mushrooms Portobello,Mushrooms,,,,,19.5,,,,,Active
2026-06-13,Vegetables,Shimenji White Mushroom,Mushrooms,,150g,,,12.0,,,80.0,Family,Active
2026-06-13,Vegetables,Onion Small,Onion,India,,,,5.0,,,,,Active
2026-06-13,Vegetables,Onion Yemen,Onion,,,,,4.5,,,,,Active
2026-06-13,Vegetables,Aloe Vera,Other Vegetables,,,,,30.0,,,,,Active
2026-06-13,Vegetables,Amla (Gooseberry),Other Vegetables,India,,,,11.0,,,,,Active
2026-06-13,Vegetables,Bagal,Other Vegetables,,,,,5.0,,,,,Active
2026-06-13,Vegetables,Drumstick,Other Vegetables,India,,,,7.5,,,,,Active
2026-06-13,Vegetables,Drumstick Leaves Pkt ( ),Other Vegetables,India,150g,,,5.5,,,36.67,Family,Active
2026-06-13,Vegetables,Eggplant,Other Vegetables,Holland,,,,28.0,,,,,Active
2026-06-13,Vegetables,Premium Eggplant Pkt,Other Vegetables,Qatar,1kg,,,7.5,,,7.5,Family,Active
2026-06-13,Vegetables,Beans,Peas & Beans,Qatar,,,,6.5,,,,,Active
2026-06-13,Vegetables,Cluster Beans,Peas & Beans,India,,,,9.5,,,,,Active
2026-06-13,Vegetables,Peas Mangetout/Snow/Podded Peas,Peas & Beans,,250g,,,14.0,,,56.0,Family,Active
2026-06-13,Vegetables,Aravi Big,Potatoes & Starchy Vegetables,India,,,,8.75,,,,,Active
2026-06-13,Vegetables,Potato,Potatoes & Starchy Vegetables,,,,,3.5,,,,,Active
2026-06-13,Vegetables,Potato,Potatoes & Starchy Vegetables,Egypt,,,,2.75,,,,,Active
2026-06-13,Vegetables,Potatoes White Chat Small,Potatoes & Starchy Vegetables,Australia,,,,28.0,,,,,Active
2026-06-13,Vegetables,Sweet Potato,Potatoes & Starchy Vegetables,Bangladesh,,,,17.0,,,,,Active
2026-06-13,Vegetables,Sweet Potato,Potatoes & Starchy Vegetables,Usa,,,,17.5,,,,,Active
2026-06-13,Vegetables,Yam Indian,Potatoes & Starchy Vegetables,India,,,,6.5,,,,,Active
2026-06-13,Vegetables,Pumpkin Mathan Green,Pumpkin,India,,,,13.75,,,,,Active
2026-06-13,Vegetables,Pumpkin Medium,Pumpkin,India,,,,8.75,,,,,Active
2026-06-13,Vegetables,White Pumpkin,Pumpkin,Qatar,,,,7.5,,,,,Active
2026-06-13,Vegetables,Red Radish,Raddish,Holland,1kg,,,37.0,,,37.0,Family,Active
2026-06-13,Vegetables,Red Radish Poly Bag,Raddish,,125g,,,6.5,,,52.0,Family,Active
2026-06-13,Vegetables,Mung Bean Sprouts Pkts,Sprouts,,,,,6.5,,,,,Active
2026-06-13,Vegetables,Tomato Cherry Red Vine,Tomato,,,,,12.5,,,,,Active
2026-06-13,Vegetables,Tomato Tommys Pkt ( ),Tomato,Spain,500g,,,44.0,,,88.0,Family,Active
2026-06-13,Vegetables,Tomatoes Cherry Plum,Tomato,,250g,,,20.0,,,80.0,Family,Active
2026-06-13,Vegetables,Turmeric,Turmeric,India,,,,3.5,,,,,Active
2026-06-13,Vegetables,Broccoli,Cabbage & Broccoli,,,,,,,,,,Market Out
2026-06-13,Vegetables,Kohi,Cabbage & Broccoli,Bangladesh,,,,,,,,,Market Out
2026-06-13,Vegetables,Cucumber,Cucumber,Qatar,,,,,,,,,Market Out
2026-06-13,Vegetables,Indian Beans,Peas & Beans,India,,,,,,,,,Market Out
2026-06-13,Vegetables,Tomato Syria,Tomato,,,,,,,,,,Market Out
2026-06-12,Fruits,Banana Flower,Banana,India,,,,17.5,,,,,Active
2026-06-12,Fruits,Banana Green,Banana,India,,,,4.5,,,,,Active
2026-06-12,Fruits,Physalis,Berries,,125g,,,15.0,,,120.0,Family,Active
2026-06-12,Fruits,Fresh Coconut (By Air),Coconut,India,,,,7.0,,,,,Active
2026-06-12,Fruits,Mushroom Chestnut -,Fresh Nuts,Holland,,,,15.5,,,,,Active
2026-06-12,Vegetables,Beetroot Cooked,Beetroot,,500g,,,22.0,,,44.0,Family,Active
2026-06-12,Vegetables,Broccoli,Cabbage & Broccoli,,,,,9.0,,,,,Active
2026-06-12,Vegetables,Cabbage,Cabbage & Broccoli,India,,,,8.75,,,,,Active
2026-06-12,Vegetables,Cabbage,Cabbage & Broccoli,Qatar,,,,2.25,,,,,Active
2026-06-12,Vegetables,Cabbage Sliced,Cabbage & Broccoli,,1kg,,,10.0,,,10.0,Family,Active
2026-06-12,Vegetables,Kohi,Cabbage & Broccoli,Bangladesh,,,,17.0,,,,,Active
2026-06-12,Vegetables,Capsicum,Capsicum,Qatar,,,,6.0,,,,,Active
2026-06-12,Vegetables,Capsicum Mix Pkt,Capsicum,Holland,4.0pcs,,,29.0,,,7250.0,Family,Active
2026-06-12,Vegetables,Capsicum Orange,Capsicum,Holland,,,,11.0,,,,,Active
2026-06-12,Vegetables,Capsicum Red,Capsicum,Holland,,,,12.0,,,,,Active
2026-06-12,Vegetables,Capsicum Yellow,Capsicum,Holland,,,,11.25,,,,,Active
2026-06-12,Vegetables,Carrot,Carrots,Australia,,,,4.75,,,,,Active
2026-06-12,Vegetables,Chow Chow (Chayote),Chayote,India,,,,8.75,,,,,Active
2026-06-12,Vegetables,Chilly Red,Chillies & Spicy,Holland,,,,15.0,,,,,Active
2026-06-12,Vegetables,Chilly Round Green,Chillies & Spicy,India,,,,9.5,,,,,Active
2026-06-12,Vegetables,Ginger,Chillies & Spicy,China,,,,2.25,,,,,Active
2026-06-12,Vegetables,Green Chilli,Chillies & Spicy,India,,,,2.75,,,,,Active
2026-06-12,Vegetables,Hot Chilli,Chillies & Spicy,Qatar,,,,3.13,,,,,Active
2026-06-12,Vegetables,Jalapeno Hot Red Pepper,Chillies & Spicy,Usa,,,,65.0,,,,,Active
2026-06-12,Vegetables,Jalapeno Peppers,Chillies & Spicy,,,,,14.5,,,,,Active
2026-06-12,Vegetables,Mixed Chilli Red & Green Pkt,Chillies & Spicy,,,,,8.0,,,,,Active
2026-06-12,Vegetables,Pinakbet Mixed,Combo Pack,,1kg,,,25.0,,,25.0,Family,Active
2026-06-12,Vegetables,Sambar Mixed Vegetable,Combo Pack,,,,,10.0,,,,,Active
2026-06-12,Vegetables,Baby Corn,Corns & Baby Corn,Thailand,125g,,,8.0,,,64.0,Family,Active
2026-06-12,Vegetables,Fruit'O Snack Boiled Sweet Corn Cob,Corns & Baby Corn,,270g,,,6.0,,,22.22,Family,Active
2026-06-12,Vegetables,Cucumber,Cucumber,Qatar,,,,3.0,,,,,Active
2026-06-12,Vegetables,Vellary Indian,Cucumber,India,1kg,,,19.0,,,19.0,Family,Active
2026-06-12,Vegetables,Garlic,Garlic,India,,,,12.25,,,,,Active
2026-06-12,Vegetables,Garlic,Garlic,Egypt,,,,8.0,,,,,Active
2026-06-12,Vegetables,Garlic Loose,Garlic,,,,,2.25,,,,,Active
2026-06-12,Vegetables,Garlic Small Pkt ( ),Garlic,China,,,,5.0,,,,,Active
2026-06-12,Vegetables,Peeled Garlic,Garlic,,250g,,,8.5,,,34.0,Family,Active
2026-06-12,Vegetables,Ash Gourd(Kumbalam),Gourds,India,,,,17.5,,,,,Active
2026-06-12,Vegetables,Dhundul,Gourds,Bangladesh,,,,17.0,,,,,Active
2026-06-12,Vegetables,Ivy Gourd (Tindly),Gourds,India,,,,10.0,,,,,Active
2026-06-12,Vegetables,Ridge Gourd,Gourds,India,,,,9.75,,,,,Active
2026-06-12,Vegetables,Snake Gourd,Gourds,India,,,,9.0,,,,,Active
2026-06-12,Vegetables,Celery,Herbs,Spain,,,,19.0,,,,,Active
2026-06-12,Vegetables,Coriander (Ksa),Herbs,,,,,3.25,,,,,Active
2026-06-12,Vegetables,Fennel,Herbs,,,,,22.5,,,,,Active
2026-06-12,Vegetables,Green Basil ( ),Herbs,Kenya,,,,16.0,,,,,Active
2026-06-12,Vegetables,Lemon Grass,Herbs,,,,,5.5,,,,,Active
2026-06-12,Vegetables,Parsely (Ksa),Herbs,,,,,10.0,,,,,Active
2026-06-12,Vegetables,Thyme Green Thin,Herbs,,,,,16.0,,,,,Active
2026-06-12,Vegetables,Bhindi (Lady'S Finger),Lady Finger,India,,,,9.0,,,,,Active
2026-06-12,Vegetables,Baby Spinach,Leafy Vegetables,Italy,125g,,,14.0,,,112.0,Family,Active
2026-06-12,Vegetables,Lettuce,Leafy Vegetables,Lebanon,,,,8.75,,,,,Active
2026-06-12,Vegetables,Lettuce Bionda/ Rossa Mix,Leafy Vegetables,,125g,,,14.0,,,112.0,Family,Active
2026-06-12,Vegetables,Lettuce Boston Soft,Leafy Vegetables,Holland,,,,16.25,,,,,Active
2026-06-12,Vegetables,Lettuce Gem Tray,Leafy Vegetables,Spain,,,,17.0,,,,,Active
2026-06-12,Vegetables,Lettuce Iceberg,Leafy Vegetables,,,,,24.0,,,,,Active
2026-06-12,Vegetables,Lettuce Lollo Rossa,Leafy Vegetables,,,,,18.75,,,,,Active
2026-06-12,Vegetables,Red Chard Mix,Leafy Vegetables,Italy,125g,,,10.0,,,80.0,Family,Active
2026-06-12,Vegetables,Rocket Leaves,Leafy Vegetables,Italy,125g,,,14.0,,,112.0,Family,Active
2026-06-12,Vegetables,Leeks,Leeks/Spring Onions,Holland,,,,9.5,,,,,Active
2026-06-12,Vegetables,Agrico Mushroom White Bottom,Mushrooms,Qatar,250g,,,7.0,,,28.0,Family,Active
2026-06-12,Vegetables,Mushroom Slice,Mushrooms,Qatar,,,,8.5,,,,,Active
2026-06-12,Vegetables,Mushrooms Portobello,Mushrooms,,,,,19.5,,,,,Active
2026-06-12,Vegetables,Shimenji White Mushroom,Mushrooms,,150g,,,12.0,,,80.0,Family,Active
2026-06-12,Vegetables,Onion Small,Onion,India,,,,5.0,,,,,Active
2026-06-12,Vegetables,Onion Yemen,Onion,,,,,4.5,,,,,Active
2026-06-12,Vegetables,Aloe Vera,Other Vegetables,,,,,30.0,,,,,Active
2026-06-12,Vegetables,Amla (Gooseberry),Other Vegetables,India,,,,11.0,,,,,Active
2026-06-12,Vegetables,Bagal,Other Vegetables,,,,,5.0,,,,,Active
2026-06-12,Vegetables,Drumstick,Other Vegetables,India,,,,7.5,,,,,Active
2026-06-12,Vegetables,Drumstick Leaves Pkt ( ),Other Vegetables,India,150g,,,5.5,,,36.67,Family,Active
2026-06-12,Vegetables,Eggplant,Other Vegetables,Holland,,,,28.0,,,,,Active
2026-06-12,Vegetables,Premium Eggplant Pkt,Other Vegetables,Qatar,1kg,,,7.5,,,7.5,Family,Active
2026-06-12,Vegetables,Beans,Peas & Beans,Qatar,,,,6.5,,,,,Active
2026-06-12,Vegetables,Cluster Beans,Peas & Beans,India,,,,9.5,,,,,Active
2026-06-12,Vegetables,Indian Beans,Peas & Beans,India,,,,10.0,,,,,Active
2026-06-12,Vegetables,Aravi Big,Potatoes & Starchy Vegetables,India,,,,8.75,,,,,Active
2026-06-12,Vegetables,Potato,Potatoes & Starchy Vegetables,Egypt,,,,2.75,,,,,Active
2026-06-12,Vegetables,Potato,Potatoes & Starchy Vegetables,,,,,3.5,,,,,Active
2026-06-12,Vegetables,Potatoes White Chat Small,Potatoes & Starchy Vegetables,Australia,,,,28.0,,,,,Active
2026-06-12,Vegetables,Sweet Potato,Potatoes & Starchy Vegetables,Usa,,,,17.5,,,,,Active
2026-06-12,Vegetables,Sweet Potato,Potatoes & Starchy Vegetables,Bangladesh,,,,17.0,,,,,Active
2026-06-12,Vegetables,Yam Indian,Potatoes & Starchy Vegetables,India,,,,6.5,,,,,Active
2026-06-12,Vegetables,Pumpkin Mathan Green,Pumpkin,India,,,,13.75,,,,,Active
2026-06-12,Vegetables,Pumpkin Medium,Pumpkin,India,,,,8.75,,,,,Active
2026-06-12,Vegetables,White Pumpkin,Pumpkin,Qatar,,,,7.5,,,,,Active
2026-06-12,Vegetables,Red Radish,Raddish,Holland,1kg,,,37.0,,,37.0,Family,Active
2026-06-12,Vegetables,Red Radish Poly Bag,Raddish,,125g,,,6.5,,,52.0,Family,Active
2026-06-12,Vegetables,Mung Bean Sprouts Pkts,Sprouts,,,,,6.5,,,,,Active
2026-06-12,Vegetables,Tomato Cherry Red Vine,Tomato,,,,,12.5,,,,,Active
2026-06-12,Vegetables,Tomato Syria,Tomato,,,,,2.5,,,,,Active
2026-06-12,Vegetables,Tomato Tommys Pkt ( ),Tomato,Spain,500g,,,44.0,,,88.0,Family,Active
2026-06-12,Vegetables,Tomatoes Cherry Plum,Tomato,,250g,,,20.0,,,80.0,Family,Active
2026-06-12,Vegetables,Turmeric,Turmeric,India,,,,3.5,,,,,Active
2026-06-11,Fruits,Banana Flower,Banana,India,,,,17.5,,,,,Active
2026-06-11,Fruits,Banana Green,Banana,India,,,,4.5,,,,,Active
2026-06-11,Fruits,Physalis,Berries,,125g,,,15.0,,,120.0,Family,Active
2026-06-11,Fruits,Fresh Coconut (By Air),Coconut,India,,,,7.0,,,,,Active
2026-06-11,Fruits,Mushroom Chestnut -,Fresh Nuts,Holland,,,,15.5,,,,,Active
2026-06-11,Vegetables,Beetroot Cooked,Beetroot,,500g,,,22.0,,,44.0,Family,Active
2026-06-11,Vegetables,Broccoli,Cabbage & Broccoli,,,,,9.0,,,,,Active
2026-06-11,Vegetables,Cabbage,Cabbage & Broccoli,Qatar,,,,2.25,,,,,Active
2026-06-11,Vegetables,Cabbage,Cabbage & Broccoli,India,,,,8.75,,,,,Active
2026-06-11,Vegetables,Cabbage Sliced,Cabbage & Broccoli,,1kg,,,10.0,,,10.0,Family,Active
2026-06-11,Vegetables,Kohi,Cabbage & Broccoli,Bangladesh,,,,17.0,,,,,Active
2026-06-11,Vegetables,Capsicum,Capsicum,Qatar,,,,6.0,,,,,Active
2026-06-11,Vegetables,Capsicum Mix Pkt,Capsicum,Holland,4.0pcs,,,29.0,,,7250.0,Family,Active
2026-06-11,Vegetables,Capsicum Orange,Capsicum,Holland,,,,11.0,,,,,Active
2026-06-11,Vegetables,Capsicum Red,Capsicum,Holland,,,,12.0,,,,,Active
2026-06-11,Vegetables,Capsicum Yellow,Capsicum,Holland,,,,11.25,,,,,Active
2026-06-11,Vegetables,Carrot,Carrots,Australia,,,,4.75,,,,,Active
2026-06-11,Vegetables,Chow Chow (Chayote),Chayote,India,,,,8.75,,,,,Active
2026-06-11,Vegetables,Chilly Red,Chillies & Spicy,Holland,,,,15.0,,,,,Active
2026-06-11,Vegetables,Chilly Round Green,Chillies & Spicy,India,,,,9.5,,,,,Active
2026-06-11,Vegetables,Ginger,Chillies & Spicy,China,,,,2.25,,,,,Active
2026-06-11,Vegetables,Green Chilli,Chillies & Spicy,India,,,,2.75,,,,,Active
2026-06-11,Vegetables,Green Chilli,Chillies & Spicy,Uganda,,,,6.0,,,,,Active
2026-06-11,Vegetables,Hot Chilli,Chillies & Spicy,Qatar,,,,3.13,,,,,Active
2026-06-11,Vegetables,Jalapeno Hot Red Pepper,Chillies & Spicy,Usa,,,,65.0,,,,,Active
2026-06-11,Vegetables,Mixed Chilli Red & Green Pkt,Chillies & Spicy,,,,,8.0,,,,,Active
2026-06-11,Vegetables,Pinakbet Mixed,Combo Pack,,1kg,,,25.0,,,25.0,Family,Active
2026-06-11,Vegetables,Sambar Mixed Vegetable,Combo Pack,,,,,10.0,,,,,Active
2026-06-11,Vegetables,Baby Corn,Corns & Baby Corn,Thailand,125g,,,8.0,,,64.0,Family,Active
2026-06-11,Vegetables,Fruit'O Snack Boiled Sweet Corn Cob,Corns & Baby Corn,,270g,,,6.0,,,22.22,Family,Active
2026-06-11,Vegetables,Cucumber,Cucumber,Qatar,,,,3.0,,,,,Active
2026-06-11,Vegetables,Vellary Indian,Cucumber,India,1kg,,,19.0,,,19.0,Family,Active
2026-06-11,Vegetables,Garlic,Garlic,India,,,,12.25,,,,,Active
2026-06-11,Vegetables,Garlic,Garlic,Egypt,,,,8.0,,,,,Active
2026-06-11,Vegetables,Garlic Loose,Garlic,,,,,2.25,,,,,Active
2026-06-11,Vegetables,Garlic Small Pkt ( ),Garlic,China,,,,5.0,,,,,Active
2026-06-11,Vegetables,Peeled Garlic,Garlic,,250g,,,8.5,,,34.0,Family,Active
2026-06-11,Vegetables,Ash Gourd(Kumbalam),Gourds,India,,,,17.5,,,,,Active
2026-06-11,Vegetables,Dhundul,Gourds,Bangladesh,,,,17.0,,,,,Active
2026-06-11,Vegetables,Ivy Gourd (Tindly),Gourds,India,,,,10.0,,,,,Active
2026-06-11,Vegetables,Ridge Gourd,Gourds,India,,,,9.75,,,,,Active
2026-06-11,Vegetables,Snake Gourd,Gourds,India,,,,9.0,,,,,Active
2026-06-11,Vegetables,Celery,Herbs,Spain,,,,19.0,,,,,Active
2026-06-11,Vegetables,Coriander (Ksa),Herbs,,,,,3.25,,,,,Active
2026-06-11,Vegetables,Fennel,Herbs,,,,,22.5,,,,,Active
2026-06-11,Vegetables,Green Basil ( ),Herbs,Kenya,,,,16.0,,,,,Active
2026-06-11,Vegetables,Lemon Grass,Herbs,,,,,5.5,,,,,Active
2026-06-11,Vegetables,Parsely (Ksa),Herbs,,,,,10.0,,,,,Active
2026-06-11,Vegetables,Thyme Green Thin,Herbs,,,,,16.0,,,,,Active
2026-06-11,Vegetables,Bhindi (Lady'S Finger),Lady Finger,India,,,,9.0,,,,,Active
2026-06-11,Vegetables,Baby Spinach,Leafy Vegetables,Italy,125g,,,14.0,,,112.0,Family,Active
2026-06-11,Vegetables,Lettuce,Leafy Vegetables,Lebanon,,,,8.75,,,,,Active
2026-06-11,Vegetables,Lettuce Bionda/ Rossa Mix,Leafy Vegetables,,125g,,,14.0,,,112.0,Family,Active
2026-06-11,Vegetables,Lettuce Boston Soft,Leafy Vegetables,Holland,,,,16.25,,,,,Active
2026-06-11,Vegetables,Lettuce Gem Tray,Leafy Vegetables,Spain,,,,17.0,,,,,Active
2026-06-11,Vegetables,Lettuce Iceberg,Leafy Vegetables,,,,,24.0,,,,,Active
2026-06-11,Vegetables,Lettuce Lollo Rossa,Leafy Vegetables,,,,,18.75,,,,,Active
2026-06-11,Vegetables,Red Chard Mix,Leafy Vegetables,Italy,125g,,,10.0,,,80.0,Family,Active
2026-06-11,Vegetables,Rocket Leaves,Leafy Vegetables,Italy,125g,,,14.0,,,112.0,Family,Active
2026-06-11,Vegetables,Leeks,Leeks/Spring Onions,Holland,,,,9.5,,,,,Active
2026-06-11,Vegetables,Agrico Mushroom White Bottom,Mushrooms,Qatar,250g,,,7.0,,,28.0,Family,Active
2026-06-11,Vegetables,Mushroom Slice,Mushrooms,Qatar,,,,8.5,,,,,Active
2026-06-11,Vegetables,Mushrooms Portobello,Mushrooms,,,,,19.5,,,,,Active
2026-06-11,Vegetables,Shimenji White Mushroom,Mushrooms,,150g,,,12.0,,,80.0,Family,Active
2026-06-11,Vegetables,Onion Small,Onion,India,,,,5.0,,,,,Active
2026-06-11,Vegetables,Onion Yemen,Onion,,,,,4.5,,,,,Active
2026-06-11,Vegetables,Aloe Vera,Other Vegetables,,,,,30.0,,,,,Active
2026-06-11,Vegetables,Amla (Gooseberry),Other Vegetables,India,,,,11.0,,,,,Active
2026-06-11,Vegetables,Bagal,Other Vegetables,,,,,5.0,,,,,Active
2026-06-11,Vegetables,Drumstick,Other Vegetables,India,,,,7.5,,,,,Active
2026-06-11,Vegetables,Drumstick Leaves Pkt ( ),Other Vegetables,India,150g,,,5.5,,,36.67,Family,Active
2026-06-11,Vegetables,Eggplant,Other Vegetables,Holland,,,,28.0,,,,,Active
2026-06-11,Vegetables,Premium Eggplant Pkt,Other Vegetables,Qatar,1kg,,,7.5,,,7.5,Family,Active
2026-06-11,Vegetables,Beans,Peas & Beans,Qatar,,,,6.5,,,,,Active
2026-06-11,Vegetables,Cluster Beans,Peas & Beans,India,,,,9.5,,,,,Active
2026-06-11,Vegetables,Indian Beans,Peas & Beans,India,,,,10.0,,,,,Active
2026-06-11,Vegetables,Aravi Big,Potatoes & Starchy Vegetables,India,,,,8.75,,,,,Active
2026-06-11,Vegetables,Potato,Potatoes & Starchy Vegetables,Egypt,,,,2.75,,,,,Active
2026-06-11,Vegetables,Potato,Potatoes & Starchy Vegetables,,,,,3.5,,,,,Active
2026-06-11,Vegetables,Potatoes White Chat Small,Potatoes & Starchy Vegetables,Australia,,,,28.0,,,,,Active
2026-06-11,Vegetables,Sweet Potato,Potatoes & Starchy Vegetables,Usa,,,,17.5,,,,,Active
2026-06-11,Vegetables,Sweet Potato,Potatoes & Starchy Vegetables,Bangladesh,,,,17.0,,,,,Active
2026-06-11,Vegetables,Yam Indian,Potatoes & Starchy Vegetables,India,,,,6.5,,,,,Active
2026-06-11,Vegetables,Pumpkin Mathan Green,Pumpkin,India,,,,13.75,,,,,Active
2026-06-11,Vegetables,Pumpkin Medium,Pumpkin,India,,,,8.75,,,,,Active
2026-06-11,Vegetables,White Pumpkin,Pumpkin,Qatar,,,,7.5,,,,,Active
2026-06-11,Vegetables,Red Radish,Raddish,Holland,1kg,,,37.0,,,37.0,Family,Active
2026-06-11,Vegetables,Red Radish Poly Bag,Raddish,,125g,,,6.5,,,52.0,Family,Active
2026-06-11,Vegetables,Mung Bean Sprouts Pkts,Sprouts,,,,,6.5,,,,,Active
2026-06-11,Vegetables,Tomato Cherry Red Vine,Tomato,,,,,12.5,,,,,Active
2026-06-11,Vegetables,Tomato Syria,Tomato,,,,,2.5,,,,,Active
2026-06-11,Vegetables,Tomato Tommys Pkt ( ),Tomato,Spain,500g,,,44.0,,,88.0,Family,Active
2026-06-11,Vegetables,Tomatoes Cherry Plum,Tomato,,250g,,,20.0,,,80.0,Family,Active
2026-06-11,Vegetables,Turmeric,Turmeric,India,,,,3.5,,,,,Active
2026-06-11,Vegetables,Cauliflower,Cabbage & Broccoli,Qatar,,,,,,,,,Market Out
2026-06-11,Vegetables,Sweet Corn,Corns & Baby Corn,Jordan,,,,,,,,,Market Out
2026-06-11,Vegetables,Peas Mangetout/Snow/Podded Peas,Peas & Beans,,250g,,,,,,,,Market Out
2026-06-10,Fruits,Banana Flower,Banana,India,,,,17.5,,,,,Active
2026-06-10,Fruits,Banana Green,Banana,India,,,,4.5,,,,,Active
2026-06-10,Fruits,Physalis,Berries,,125g,,,15.0,,,120.0,Family,Active
2026-06-10,Fruits,Fresh Coconut (By Air),Coconut,India,,,,7.0,,,,,Active
2026-06-10,Fruits,Mushroom Chestnut -,Fresh Nuts,Holland,,,,15.5,,,,,Active
2026-06-10,Vegetables,Beetroot Cooked,Beetroot,,500g,,,22.0,,,44.0,Family,Active
2026-06-10,Vegetables,Broccoli,Cabbage & Broccoli,,,,,9.0,,,,,Active
2026-06-10,Vegetables,Cabbage,Cabbage & Broccoli,India,,,,8.75,,,,,Active
2026-06-10,Vegetables,Cabbage Sliced,Cabbage & Broccoli,,1kg,,,10.0,,,10.0,Family,Active
2026-06-10,Vegetables,Cauliflower,Cabbage & Broccoli,Qatar,,,,4.0,,,,,Active
2026-06-10,Vegetables,Kohi,Cabbage & Broccoli,Bangladesh,,,,17.0,,,,,Active
2026-06-10,Vegetables,Capsicum,Capsicum,Qatar,,,,6.0,,,,,Active
2026-06-10,Vegetables,Capsicum Mix Pkt,Capsicum,Holland,4.0pcs,,,29.0,,,7250.0,Family,Active
2026-06-10,Vegetables,Capsicum Orange,Capsicum,Holland,,,,11.0,,,,,Active
2026-06-10,Vegetables,Capsicum Red,Capsicum,Holland,,,,12.0,,,,,Active
2026-06-10,Vegetables,Capsicum Yellow,Capsicum,Holland,,,,11.25,,,,,Active
2026-06-10,Vegetables,Carrot,Carrots,Australia,,,,4.75,,,,,Active
2026-06-10,Vegetables,Chow Chow (Chayote),Chayote,India,,,,8.75,,,,,Active
2026-06-10,Vegetables,Chilly Red,Chillies & Spicy,Holland,,,,15.0,,,,,Active
2026-06-10,Vegetables,Chilly Round Green,Chillies & Spicy,India,,,,9.5,,,,,Active
2026-06-10,Vegetables,Ginger,Chillies & Spicy,China,,,,2.0,,,,,Active
2026-06-10,Vegetables,Green Chilli,Chillies & Spicy,Uganda,,,,6.0,,,,,Active
2026-06-10,Vegetables,Green Chilli,Chillies & Spicy,India,,,,2.75,,,,,Active
2026-06-10,Vegetables,Hot Chilli,Chillies & Spicy,Qatar,,,,3.13,,,,,Active
2026-06-10,Vegetables,Jalapeno Hot Red Pepper,Chillies & Spicy,Usa,,,,65.0,,,,,Active
2026-06-10,Vegetables,Mixed Chilli Red & Green Pkt,Chillies & Spicy,,,,,8.0,,,,,Active
2026-06-10,Vegetables,Pinakbet Mixed,Combo Pack,,1kg,,,25.0,,,25.0,Family,Active
2026-06-10,Vegetables,Sambar Mixed Vegetable,Combo Pack,,,,,10.0,,,,,Active
2026-06-10,Vegetables,Baby Corn,Corns & Baby Corn,Thailand,125g,,,8.0,,,64.0,Family,Active
2026-06-10,Vegetables,Fruit'O Snack Boiled Sweet Corn Cob,Corns & Baby Corn,,270g,,,6.0,,,22.22,Family,Active
2026-06-10,Vegetables,Sweet Corn,Corns & Baby Corn,Jordan,,,,5.0,,,,,Active
2026-06-10,Vegetables,Cucumber,Cucumber,Qatar,,,,3.0,,,,,Active
2026-06-10,Vegetables,Vellary Indian,Cucumber,India,1kg,,,19.0,,,19.0,Family,Active
2026-06-10,Vegetables,Garlic,Garlic,Egypt,,,,8.0,,,,,Active
2026-06-10,Vegetables,Garlic,Garlic,India,,,,12.25,,,,,Active
2026-06-10,Vegetables,Garlic Loose,Garlic,,,,,2.13,,,,,Active
2026-06-10,Vegetables,Garlic Small Pkt ( ),Garlic,China,,,,5.0,,,,,Active
2026-06-10,Vegetables,Peeled Garlic,Garlic,,250g,,,8.5,,,34.0,Family,Active
2026-06-10,Vegetables,Ash Gourd(Kumbalam),Gourds,India,,,,17.5,,,,,Active
2026-06-10,Vegetables,Dhundul,Gourds,Bangladesh,,,,17.0,,,,,Active
2026-06-10,Vegetables,Ivy Gourd (Tindly),Gourds,India,,,,10.0,,,,,Active
2026-06-10,Vegetables,Ridge Gourd,Gourds,India,,,,9.75,,,,,Active
2026-06-10,Vegetables,Snake Gourd,Gourds,India,,,,9.0,,,,,Active
2026-06-10,Vegetables,Celery,Herbs,Spain,,,,19.0,,,,,Active
2026-06-10,Vegetables,Coriander (Ksa),Herbs,,,,,3.25,,,,,Active
2026-06-10,Vegetables,Fennel,Herbs,,,,,22.5,,,,,Active
2026-06-10,Vegetables,Green Basil ( ),Herbs,Kenya,,,,16.0,,,,,Active
2026-06-10,Vegetables,Lemon Grass,Herbs,,,,,5.5,,,,,Active
2026-06-10,Vegetables,Parsely (Ksa),Herbs,,,,,10.0,,,,,Active
2026-06-10,Vegetables,Thyme Green Thin,Herbs,,,,,16.0,,,,,Active
2026-06-10,Vegetables,Bhindi (Lady'S Finger),Lady Finger,India,,,,9.0,,,,,Active
2026-06-10,Vegetables,Baby Spinach,Leafy Vegetables,Italy,125g,,,14.0,,,112.0,Family,Active
2026-06-10,Vegetables,Lettuce,Leafy Vegetables,Lebanon,,,,8.75,,,,,Active
2026-06-10,Vegetables,Lettuce Bionda/ Rossa Mix,Leafy Vegetables,,125g,,,14.0,,,112.0,Family,Active
2026-06-10,Vegetables,Lettuce Boston Soft,Leafy Vegetables,Holland,,,,16.25,,,,,Active
2026-06-10,Vegetables,Lettuce Gem Tray,Leafy Vegetables,Spain,,,,17.0,,,,,Active
2026-06-10,Vegetables,Lettuce Iceberg,Leafy Vegetables,,,,,24.0,,,,,Active
2026-06-10,Vegetables,Lettuce Lollo Rossa,Leafy Vegetables,,,,,18.75,,,,,Active
2026-06-10,Vegetables,Red Chard Mix,Leafy Vegetables,Italy,125g,,,10.0,,,80.0,Family,Active
2026-06-10,Vegetables,Rocket Leaves,Leafy Vegetables,Italy,125g,,,14.0,,,112.0,Family,Active
2026-06-10,Vegetables,Leeks,Leeks/Spring Onions,Holland,,,,9.5,,,,,Active
2026-06-10,Vegetables,Agrico Mushroom White Bottom,Mushrooms,Qatar,250g,,,7.0,,,28.0,Family,Active
2026-06-10,Vegetables,Mushroom Slice,Mushrooms,Qatar,,,,8.5,,,,,Active
2026-06-10,Vegetables,Mushrooms Portobello,Mushrooms,,,,,19.5,,,,,Active
2026-06-10,Vegetables,Shimenji White Mushroom,Mushrooms,,150g,,,12.0,,,80.0,Family,Active
2026-06-10,Vegetables,Onion Small,Onion,India,,,,5.0,,,,,Active
2026-06-10,Vegetables,Onion Yemen,Onion,,,,,4.5,,,,,Active
2026-06-10,Vegetables,Aloe Vera,Other Vegetables,,,,,30.0,,,,,Active
2026-06-10,Vegetables,Amla (Gooseberry),Other Vegetables,India,,,,11.0,,,,,Active
2026-06-10,Vegetables,Bagal,Other Vegetables,,,,,4.75,,,,,Active
2026-06-10,Vegetables,Drumstick,Other Vegetables,India,,,,7.5,,,,,Active
2026-06-10,Vegetables,Drumstick Leaves Pkt ( ),Other Vegetables,India,150g,,,5.5,,,36.67,Family,Active
2026-06-10,Vegetables,Eggplant,Other Vegetables,Holland,,,,28.0,,,,,Active
2026-06-10,Vegetables,Beans,Peas & Beans,Qatar,,,,7.5,,,,,Active
2026-06-10,Vegetables,Cluster Beans,Peas & Beans,India,,,,9.5,,,,,Active
2026-06-10,Vegetables,Indian Beans,Peas & Beans,India,,,,10.0,,,,,Active
2026-06-10,Vegetables,Peas Mangetout/Snow/Podded Peas,Peas & Beans,,250g,,,14.0,,,56.0,Family,Active
2026-06-10,Vegetables,Aravi Big,Potatoes & Starchy Vegetables,India,,,,8.75,,,,,Active
2026-06-10,Vegetables,Potato,Potatoes & Starchy Vegetables,,,,,3.5,,,,,Active
2026-06-10,Vegetables,Potatoes White Chat Small,Potatoes & Starchy Vegetables,Australia,,,,28.0,,,,,Active
2026-06-10,Vegetables,Sweet Potato,Potatoes & Starchy Vegetables,India,,,,8.75,,,,,Active
2026-06-10,Vegetables,Sweet Potato,Potatoes & Starchy Vegetables,Bangladesh,,,,17.0,,,,,Active
2026-06-10,Vegetables,Sweet Potato,Potatoes & Starchy Vegetables,Usa,,,,17.5,,,,,Active
2026-06-10,Vegetables,Yam Indian,Potatoes & Starchy Vegetables,India,,,,6.5,,,,,Active
2026-06-10,Vegetables,Pumpkin Mathan Green,Pumpkin,India,,,,13.75,,,,,Active
2026-06-10,Vegetables,Pumpkin Medium,Pumpkin,India,,,,8.75,,,,,Active
2026-06-10,Vegetables,White Pumpkin,Pumpkin,Qatar,,,,7.5,,,,,Active
2026-06-10,Vegetables,Red Radish,Raddish,Holland,1kg,,,37.0,,,37.0,Family,Active
2026-06-10,Vegetables,Red Radish Poly Bag,Raddish,,125g,,,6.5,,,52.0,Family,Active
2026-06-10,Vegetables,Mung Bean Sprouts Pkts,Sprouts,,,,,6.5,,,,,Active
2026-06-10,Vegetables,Tomato Syria,Tomato,,,,,2.5,,,,,Active
2026-06-10,Vegetables,Tomato Tommys Pkt ( ),Tomato,Spain,500g,,,44.0,,,88.0,Family,Active
2026-06-10,Vegetables,Tomatoes Cherry Plum,Tomato,,250g,,,20.0,,,80.0,Family,Active
2026-06-10,Vegetables,Turmeric,Turmeric,India,,,,3.5,,,,,Active
2026-06-09,Fruits,Banana Flower,Banana,India,,,,17.5,,,,,Active
2026-06-09,Fruits,Banana Green,Banana,India,,,,4.25,,,,,Active
2026-06-09,Fruits,Physalis,Berries,,125g,,,15.0,,,120.0,Family,Active
2026-06-09,Fruits,Fresh Coconut (By Air),Coconut,India,,,,7.0,,,,,Active
2026-06-09,Fruits,Mushroom Chestnut -,Fresh Nuts,Holland,,,,15.5,,,,,Active
2026-06-09,Vegetables,Beetroot Cooked,Beetroot,,500g,,,22.0,,,44.0,Family,Active
2026-06-09,Vegetables,Broccoli,Cabbage & Broccoli,,,,,9.0,,,,,Active
2026-06-09,Vegetables,Cabbage,Cabbage & Broccoli,India,,,,8.75,,,,,Active
2026-06-09,Vegetables,Cabbage Sliced,Cabbage & Broccoli,,1kg,,,10.0,,,10.0,Family,Active
2026-06-09,Vegetables,Cauliflower,Cabbage & Broccoli,Qatar,,,,4.0,,,,,Active
2026-06-09,Vegetables,Kohi,Cabbage & Broccoli,Bangladesh,,,,17.0,,,,,Active
2026-06-09,Vegetables,Capsicum,Capsicum,Qatar,,,,6.0,,,,,Active
2026-06-09,Vegetables,Capsicum Mix Pkt,Capsicum,Holland,4.0pcs,,,29.0,,,7250.0,Family,Active
2026-06-09,Vegetables,Capsicum Orange,Capsicum,Holland,,,,11.0,,,,,Active
2026-06-09,Vegetables,Capsicum Red,Capsicum,Holland,,,,12.0,,,,,Active
2026-06-09,Vegetables,Capsicum Yellow,Capsicum,Holland,,,,11.25,,,,,Active
2026-06-09,Vegetables,Carrot,Carrots,Australia,,,,4.75,,,,,Active
2026-06-09,Vegetables,Chow Chow (Chayote),Chayote,India,,,,8.75,,,,,Active
2026-06-09,Vegetables,Chilly Red,Chillies & Spicy,Holland,,,,24.5,,,,,Active
2026-06-09,Vegetables,Chilly Round Green,Chillies & Spicy,India,,,,9.5,,,,,Active
2026-06-09,Vegetables,Ginger,Chillies & Spicy,China,,,,2.25,,,,,Active
2026-06-09,Vegetables,Green Chilli,Chillies & Spicy,Uganda,,,,6.0,,,,,Active
2026-06-09,Vegetables,Green Chilli,Chillies & Spicy,India,,,,2.5,,,,,Active
2026-06-09,Vegetables,Hot Chilli,Chillies & Spicy,Qatar,,,,3.13,,,,,Active
2026-06-09,Vegetables,Jalapeno Hot Red Pepper,Chillies & Spicy,Usa,,,,82.0,,,,,Active
2026-06-09,Vegetables,Mixed Chilli Red & Green Pkt,Chillies & Spicy,,,,,8.0,,,,,Active
2026-06-09,Vegetables,Pinakbet Mixed,Combo Pack,,1kg,,,25.0,,,25.0,Family,Active
2026-06-09,Vegetables,Sambar Mixed Vegetable,Combo Pack,,,,,10.0,,,,,Active
2026-06-09,Vegetables,Baby Corn,Corns & Baby Corn,Thailand,125g,,,8.0,,,64.0,Family,Active
2026-06-09,Vegetables,Fruit'O Snack Boiled Sweet Corn Cob,Corns & Baby Corn,,270g,,,6.0,,,22.22,Family,Active
2026-06-09,Vegetables,Sweet Corn,Corns & Baby Corn,Jordan,,,,5.0,,,,,Active
2026-06-09,Vegetables,Cucumber,Cucumber,Qatar,,,,3.0,,,,,Active
2026-06-09,Vegetables,Vellary Indian,Cucumber,India,1kg,,,19.0,,,19.0,Family,Active
2026-06-09,Vegetables,Garlic,Garlic,Egypt,,,,8.0,,,,,Active
2026-06-09,Vegetables,Garlic,Garlic,India,,,,12.25,,,,,Active
2026-06-09,Vegetables,Garlic Loose,Garlic,,,,,2.25,,,,,Active
2026-06-09,Vegetables,Garlic Small Pkt ( ),Garlic,China,,,,5.0,,,,,Active
2026-06-09,Vegetables,Ash Gourd(Kumbalam),Gourds,India,,,,17.5,,,,,Active
2026-06-09,Vegetables,Dhundul,Gourds,Bangladesh,,,,17.0,,,,,Active
2026-06-09,Vegetables,Ivy Gourd (Tindly),Gourds,India,,,,10.0,,,,,Active
2026-06-09,Vegetables,Ridge Gourd,Gourds,India,,,,9.75,,,,,Active
2026-06-09,Vegetables,Snake Gourd,Gourds,India,,,,9.0,,,,,Active
2026-06-09,Vegetables,Celery,Herbs,Spain,,,,19.0,,,,,Active
2026-06-09,Vegetables,Coriander (Ksa),Herbs,,,,,3.25,,,,,Active
2026-06-09,Vegetables,Fennel,Herbs,,,,,22.5,,,,,Active
2026-06-09,Vegetables,Green Basil ( ),Herbs,Kenya,,,,16.0,,,,,Active
2026-06-09,Vegetables,Lemon Grass,Herbs,,,,,5.5,,,,,Active
2026-06-09,Vegetables,Parsely (Ksa),Herbs,,,,,12.0,,,,,Active
2026-06-09,Vegetables,Thyme Green Thin,Herbs,,,,,16.0,,,,,Active
2026-06-09,Vegetables,Bhindi (Lady'S Finger),Lady Finger,India,,,,9.0,,,,,Active
2026-06-09,Vegetables,Baby Spinach,Leafy Vegetables,Italy,125g,,,14.0,,,112.0,Family,Active
2026-06-09,Vegetables,Lettuce,Leafy Vegetables,Lebanon,,,,8.75,,,,,Active
2026-06-09,Vegetables,Lettuce Bionda/ Rossa Mix,Leafy Vegetables,,125g,,,14.0,,,112.0,Family,Active
2026-06-09,Vegetables,Lettuce Boston Soft,Leafy Vegetables,Holland,,,,16.25,,,,,Active
2026-06-09,Vegetables,Lettuce Gem Tray,Leafy Vegetables,Spain,,,,17.0,,,,,Active
2026-06-09,Vegetables,Lettuce Iceberg,Leafy Vegetables,,,,,24.0,,,,,Active
2026-06-09,Vegetables,Lettuce Lollo Rossa,Leafy Vegetables,,,,,18.75,,,,,Active
2026-06-09,Vegetables,Red Chard Mix,Leafy Vegetables,Italy,125g,,,10.0,,,80.0,Family,Active
2026-06-09,Vegetables,Rocket Leaves,Leafy Vegetables,Italy,125g,,,14.0,,,112.0,Family,Active
2026-06-09,Vegetables,Leeks,Leeks/Spring Onions,Holland,,,,9.5,,,,,Active
2026-06-09,Vegetables,Agrico Mushroom White Bottom,Mushrooms,Qatar,250g,,,7.0,,,28.0,Family,Active
2026-06-09,Vegetables,Mushroom Slice,Mushrooms,Qatar,,,,8.5,,,,,Active
2026-06-09,Vegetables,Mushrooms Portobello,Mushrooms,,,,,19.5,,,,,Active
2026-06-09,Vegetables,Shimenji White Mushroom,Mushrooms,,150g,,,12.0,,,80.0,Family,Active
2026-06-09,Vegetables,Onion Small,Onion,India,,,,5.0,,,,,Active
2026-06-09,Vegetables,Onion Yemen,Onion,,,,,4.5,,,,,Active
2026-06-09,Vegetables,Aloe Vera,Other Vegetables,,,,,30.0,,,,,Active
2026-06-09,Vegetables,Amla (Gooseberry),Other Vegetables,India,,,,11.0,,,,,Active
2026-06-09,Vegetables,Bagal,Other Vegetables,,,,,4.5,,,,,Active
2026-06-09,Vegetables,Drumstick,Other Vegetables,India,,,,7.5,,,,,Active
2026-06-09,Vegetables,Drumstick Leaves Pkt ( ),Other Vegetables,India,150g,,,5.5,,,36.67,Family,Active
2026-06-09,Vegetables,Eggplant,Other Vegetables,Holland,,,,28.0,,,,,Active
2026-06-09,Vegetables,Beans,Peas & Beans,Qatar,,,,7.5,,,,,Active
2026-06-09,Vegetables,Cluster Beans,Peas & Beans,India,,,,9.5,,,,,Active
2026-06-09,Vegetables,Indian Beans,Peas & Beans,India,,,,10.0,,,,,Active
2026-06-09,Vegetables,Peas Mangetout/Snow/Podded Peas,Peas & Beans,,250g,,,14.0,,,56.0,Family,Active
2026-06-09,Vegetables,Aravi Big,Potatoes & Starchy Vegetables,India,,,,8.75,,,,,Active
2026-06-09,Vegetables,Potato,Potatoes & Starchy Vegetables,,,,,3.5,,,,,Active
2026-06-09,Vegetables,Potatoes White Chat Small,Potatoes & Starchy Vegetables,Australia,,,,28.0,,,,,Active
2026-06-09,Vegetables,Sweet Potato,Potatoes & Starchy Vegetables,India,,,,8.75,,,,,Active
2026-06-09,Vegetables,Sweet Potato,Potatoes & Starchy Vegetables,Bangladesh,,,,17.0,,,,,Active
2026-06-09,Vegetables,Sweet Potato,Potatoes & Starchy Vegetables,Usa,,,,16.0,,,,,Active
2026-06-09,Vegetables,Yam Indian,Potatoes & Starchy Vegetables,India,,,,6.5,,,,,Active
2026-06-09,Vegetables,Pumpkin Mathan Green,Pumpkin,India,,,,13.75,,,,,Active
2026-06-09,Vegetables,Pumpkin Medium,Pumpkin,India,,,,8.75,,,,,Active
2026-06-09,Vegetables,White Pumpkin,Pumpkin,Qatar,,,,7.5,,,,,Active
2026-06-09,Vegetables,Red Radish,Raddish,Holland,1kg,,,37.0,,,37.0,Family,Active
2026-06-09,Vegetables,Red Radish Poly Bag,Raddish,,125g,,,6.5,,,52.0,Family,Active
2026-06-09,Vegetables,Mung Bean Sprouts Pkts,Sprouts,,,,,6.5,,,,,Active
2026-06-09,Vegetables,Tomato Tommys Pkt ( ),Tomato,Spain,500g,,,44.0,,,88.0,Family,Active
2026-06-09,Vegetables,Tomatoes Cherry Plum,Tomato,,250g,,,20.0,,,80.0,Family,Active
2026-06-09,Vegetables,Turmeric,Turmeric,India,,,,3.5,,,,,Active
